A.L.E: Arcade Learning Environment (version 0.12.1+8a8fafb)
[Powered by Stella]
[iter_double_only_3m] device=cuda n_actions=6 arch=dqn double_dqn=True
[iter_double_only_3m] ep=10 step=2231/3000000 reward=6.0 len=330 eps=0.998 avg_loss=nan elapsed=0.0min
[iter_double_only_3m] ep=20 step=3872/3000000 reward=5.0 len=201 eps=0.996 avg_loss=nan elapsed=0.0min
[iter_double_only_3m] ep=30 step=6113/3000000 reward=1.0 len=380 eps=0.994 avg_loss=nan elapsed=0.1min
[iter_double_only_3m] ep=40 step=8072/3000000 reward=3.0 len=165 eps=0.992 avg_loss=nan elapsed=0.1min
[iter_double_only_3m] ep=50 step=9446/3000000 reward=3.0 len=90 eps=0.991 avg_loss=nan elapsed=0.1min
[iter_double_only_3m] ep=60 step=10641/3000000 reward=5.0 len=234 eps=0.990 avg_loss=nan elapsed=0.1min
[iter_double_only_3m] ep=70 step=12775/3000000 reward=9.0 len=705 eps=0.987 avg_loss=nan elapsed=0.2min
[iter_double_only_3m] ep=80 step=14215/3000000 reward=1.0 len=68 eps=0.986 avg_loss=nan elapsed=0.2min
[iter_double_only_3m] ep=90 step=16603/3000000 reward=3.0 len=200 eps=0.984 avg_loss=nan elapsed=0.2min
[iter_double_only_3m] ep=100 step=18345/3000000 reward=3.0 len=289 eps=0.982 avg_loss=nan elapsed=0.2min
[iter_double_only_3m] ep=110 step=19760/3000000 reward=1.0 len=75 eps=0.981 avg_loss=nan elapsed=0.2min
[iter_double_only_3m] ep=120 step=21109/3000000 reward=1.0 len=64 eps=0.979 avg_loss=nan elapsed=0.3min
[iter_double_only_3m] ep=130 step=23581/3000000 reward=12.0 len=372 eps=0.977 avg_loss=nan elapsed=0.3min
[iter_double_only_3m] ep=140 step=25279/3000000 reward=0.0 len=89 eps=0.975 avg_loss=nan elapsed=0.3min
[iter_double_only_3m] ep=150 step=26832/3000000 reward=1.0 len=73 eps=0.974 avg_loss=nan elapsed=0.3min
[iter_double_only_3m] ep=160 step=28531/3000000 reward=3.0 len=148 eps=0.972 avg_loss=nan elapsed=0.3min
[iter_double_only_3m] ep=170 step=30112/3000000 reward=6.0 len=278 eps=0.970 avg_loss=nan elapsed=0.4min
[iter_double_only_3m] ep=180 step=31732/3000000 reward=1.0 len=69 eps=0.969 avg_loss=nan elapsed=0.4min
[iter_double_only_3m] ep=190 step=33580/3000000 reward=2.0 len=152 eps=0.967 avg_loss=nan elapsed=0.4min
[iter_double_only_3m] ep=200 step=35335/3000000 reward=0.0 len=79 eps=0.965 avg_loss=nan elapsed=0.4min
[iter_double_only_3m] ep=210 step=37036/3000000 reward=1.0 len=66 eps=0.964 avg_loss=nan elapsed=0.5min
[iter_double_only_3m] ep=220 step=38748/3000000 reward=3.0 len=222 eps=0.962 avg_loss=nan elapsed=0.5min
[iter_double_only_3m] ep=230 step=40542/3000000 reward=4.0 len=181 eps=0.960 avg_loss=nan elapsed=0.5min
[iter_double_only_3m] ep=240 step=42117/3000000 reward=5.0 len=251 eps=0.959 avg_loss=nan elapsed=0.5min
[iter_double_only_3m] ep=250 step=43649/3000000 reward=7.0 len=328 eps=0.957 avg_loss=nan elapsed=0.5min
[iter_double_only_3m] ep=260 step=45361/3000000 reward=6.0 len=213 eps=0.956 avg_loss=nan elapsed=0.6min
[iter_double_only_3m] ep=270 step=47304/3000000 reward=0.0 len=35 eps=0.954 avg_loss=nan elapsed=0.6min
[iter_double_only_3m] ep=280 step=48771/3000000 reward=5.0 len=210 eps=0.952 avg_loss=nan elapsed=0.6min
[iter_double_only_3m] ep=290 step=50527/3000000 reward=1.0 len=115 eps=0.950 avg_loss=0.0082 elapsed=0.6min
[iter_double_only_3m] ep=300 step=51803/3000000 reward=0.0 len=83 eps=0.949 avg_loss=0.0122 elapsed=0.7min
[iter_double_only_3m] ep=310 step=53172/3000000 reward=5.0 len=187 eps=0.948 avg_loss=0.0100 elapsed=0.7min
[iter_double_only_3m] ep=320 step=55179/3000000 reward=2.0 len=185 eps=0.946 avg_loss=0.0059 elapsed=0.8min
[iter_double_only_3m] ep=330 step=56756/3000000 reward=11.0 len=357 eps=0.944 avg_loss=0.0097 elapsed=0.9min
[iter_double_only_3m] ep=340 step=58463/3000000 reward=1.0 len=105 eps=0.943 avg_loss=0.0066 elapsed=1.0min
[iter_double_only_3m] ep=350 step=60550/3000000 reward=1.0 len=141 eps=0.941 avg_loss=0.0098 elapsed=1.0min
[iter_double_only_3m] ep=360 step=61955/3000000 reward=3.0 len=198 eps=0.939 avg_loss=0.0083 elapsed=1.1min
[iter_double_only_3m] ep=370 step=64069/3000000 reward=16.0 len=456 eps=0.937 avg_loss=0.0078 elapsed=1.2min
[iter_double_only_3m] ep=380 step=65388/3000000 reward=2.0 len=56 eps=0.936 avg_loss=0.0044 elapsed=1.2min
[iter_double_only_3m] ep=390 step=67639/3000000 reward=5.0 len=244 eps=0.934 avg_loss=0.0095 elapsed=1.3min
[iter_double_only_3m] ep=400 step=68913/3000000 reward=1.0 len=94 eps=0.932 avg_loss=0.0116 elapsed=1.4min
[iter_double_only_3m] ep=410 step=71299/3000000 reward=2.0 len=141 eps=0.930 avg_loss=0.0059 elapsed=1.5min
[iter_double_only_3m] ep=420 step=73040/3000000 reward=3.0 len=148 eps=0.928 avg_loss=0.0103 elapsed=1.5min
[iter_double_only_3m] ep=430 step=74762/3000000 reward=1.0 len=169 eps=0.927 avg_loss=0.0076 elapsed=1.6min
[iter_double_only_3m] ep=440 step=76490/3000000 reward=2.0 len=146 eps=0.925 avg_loss=0.0068 elapsed=1.7min
[iter_double_only_3m] ep=450 step=78078/3000000 reward=1.0 len=182 eps=0.923 avg_loss=0.0064 elapsed=1.7min
[iter_double_only_3m] ep=460 step=79954/3000000 reward=4.0 len=186 eps=0.922 avg_loss=0.0090 elapsed=1.8min
[iter_double_only_3m] ep=470 step=82179/3000000 reward=3.0 len=200 eps=0.919 avg_loss=0.0080 elapsed=1.9min
[iter_double_only_3m] ep=480 step=83735/3000000 reward=9.0 len=385 eps=0.918 avg_loss=0.0056 elapsed=2.0min
[iter_double_only_3m] ep=490 step=84917/3000000 reward=2.0 len=67 eps=0.917 avg_loss=0.0056 elapsed=2.0min
[iter_double_only_3m] ep=500 step=86331/3000000 reward=4.0 len=191 eps=0.915 avg_loss=0.0060 elapsed=2.1min
[iter_double_only_3m] ep=510 step=87803/3000000 reward=7.0 len=188 eps=0.914 avg_loss=0.0071 elapsed=2.1min
[iter_double_only_3m] ep=520 step=89372/3000000 reward=1.0 len=68 eps=0.912 avg_loss=0.0062 elapsed=2.2min
[iter_double_only_3m] ep=530 step=91018/3000000 reward=4.0 len=92 eps=0.911 avg_loss=0.0060 elapsed=2.2min
[iter_double_only_3m] ep=540 step=92969/3000000 reward=4.0 len=157 eps=0.909 avg_loss=0.0126 elapsed=2.3min
[iter_double_only_3m] ep=550 step=94276/3000000 reward=1.0 len=78 eps=0.908 avg_loss=0.0073 elapsed=2.4min
[iter_double_only_3m] ep=560 step=96126/3000000 reward=0.0 len=228 eps=0.906 avg_loss=0.0081 elapsed=2.4min
[iter_double_only_3m] ep=570 step=97984/3000000 reward=6.0 len=185 eps=0.904 avg_loss=0.0069 elapsed=2.5min
[iter_double_only_3m] ep=580 step=99622/3000000 reward=1.0 len=154 eps=0.902 avg_loss=0.0078 elapsed=2.6min
[iter_double_only_3m] ep=590 step=101470/3000000 reward=1.0 len=170 eps=0.901 avg_loss=0.0076 elapsed=2.6min
[iter_double_only_3m] ep=600 step=103541/3000000 reward=6.0 len=258 eps=0.899 avg_loss=0.0064 elapsed=2.7min
[iter_double_only_3m] ep=610 step=104842/3000000 reward=1.0 len=58 eps=0.897 avg_loss=0.0092 elapsed=2.8min
[iter_double_only_3m] ep=620 step=106658/3000000 reward=3.0 len=172 eps=0.895 avg_loss=0.0059 elapsed=2.8min
[iter_double_only_3m] ep=630 step=108015/3000000 reward=6.0 len=355 eps=0.894 avg_loss=0.0065 elapsed=2.9min
[iter_double_only_3m] ep=640 step=109947/3000000 reward=9.0 len=241 eps=0.892 avg_loss=0.0041 elapsed=3.0min
[iter_double_only_3m] ep=650 step=111539/3000000 reward=2.0 len=157 eps=0.891 avg_loss=0.0065 elapsed=3.0min
[iter_double_only_3m] ep=660 step=113352/3000000 reward=1.0 len=140 eps=0.889 avg_loss=0.0048 elapsed=3.1min
[iter_double_only_3m] ep=670 step=114495/3000000 reward=2.0 len=56 eps=0.888 avg_loss=0.0038 elapsed=3.2min
[iter_double_only_3m] ep=680 step=116126/3000000 reward=1.0 len=124 eps=0.886 avg_loss=0.0045 elapsed=3.2min
[iter_double_only_3m] ep=690 step=117487/3000000 reward=2.0 len=59 eps=0.885 avg_loss=0.0026 elapsed=3.3min
[iter_double_only_3m] ep=700 step=118890/3000000 reward=7.0 len=171 eps=0.883 avg_loss=0.0059 elapsed=3.3min
[iter_double_only_3m] ep=710 step=121551/3000000 reward=7.0 len=285 eps=0.881 avg_loss=0.0049 elapsed=3.4min
[iter_double_only_3m] ep=720 step=123263/3000000 reward=2.0 len=58 eps=0.879 avg_loss=0.0084 elapsed=3.5min
[iter_double_only_3m] ep=730 step=125075/3000000 reward=1.0 len=84 eps=0.877 avg_loss=0.0039 elapsed=3.6min
[iter_double_only_3m] ep=740 step=126362/3000000 reward=3.0 len=160 eps=0.876 avg_loss=0.0034 elapsed=3.6min
[iter_double_only_3m] ep=750 step=128193/3000000 reward=2.0 len=160 eps=0.874 avg_loss=0.0046 elapsed=3.7min
[iter_double_only_3m] ep=760 step=129593/3000000 reward=1.0 len=153 eps=0.873 avg_loss=0.0038 elapsed=3.7min
[iter_double_only_3m] ep=770 step=131838/3000000 reward=1.0 len=169 eps=0.871 avg_loss=0.0068 elapsed=3.8min
[iter_double_only_3m] ep=780 step=133068/3000000 reward=3.0 len=103 eps=0.870 avg_loss=0.0056 elapsed=3.9min
[iter_double_only_3m] ep=790 step=134612/3000000 reward=0.0 len=128 eps=0.868 avg_loss=0.0080 elapsed=3.9min
[iter_double_only_3m] ep=800 step=136795/3000000 reward=8.0 len=426 eps=0.866 avg_loss=0.0062 elapsed=4.0min
[iter_double_only_3m] ep=810 step=138525/3000000 reward=0.0 len=137 eps=0.864 avg_loss=0.0089 elapsed=4.1min
[iter_double_only_3m] ep=820 step=140134/3000000 reward=8.0 len=300 eps=0.863 avg_loss=0.0070 elapsed=4.2min
[iter_double_only_3m] ep=830 step=141513/3000000 reward=6.0 len=389 eps=0.861 avg_loss=0.0067 elapsed=4.2min
[iter_double_only_3m] ep=840 step=142787/3000000 reward=3.0 len=202 eps=0.860 avg_loss=0.0058 elapsed=4.3min
[iter_double_only_3m] ep=850 step=144651/3000000 reward=5.0 len=209 eps=0.858 avg_loss=0.0050 elapsed=4.4min
[iter_double_only_3m] ep=860 step=146459/3000000 reward=5.0 len=175 eps=0.856 avg_loss=0.0055 elapsed=4.4min
[iter_double_only_3m] ep=870 step=148143/3000000 reward=0.0 len=81 eps=0.855 avg_loss=0.0048 elapsed=4.5min
[iter_double_only_3m] ep=880 step=149978/3000000 reward=1.0 len=94 eps=0.853 avg_loss=0.0058 elapsed=4.6min
[iter_double_only_3m] ep=890 step=152032/3000000 reward=6.0 len=320 eps=0.851 avg_loss=0.0047 elapsed=4.7min
[iter_double_only_3m] ep=900 step=153390/3000000 reward=0.0 len=142 eps=0.850 avg_loss=0.0050 elapsed=4.7min
[iter_double_only_3m] ep=910 step=155403/3000000 reward=2.0 len=69 eps=0.848 avg_loss=0.0038 elapsed=4.8min
[iter_double_only_3m] ep=920 step=156600/3000000 reward=1.0 len=154 eps=0.847 avg_loss=0.0054 elapsed=4.8min
[iter_double_only_3m] ep=930 step=158608/3000000 reward=3.0 len=163 eps=0.845 avg_loss=0.0039 elapsed=4.9min
[iter_double_only_3m] ep=940 step=160274/3000000 reward=8.0 len=277 eps=0.843 avg_loss=0.0066 elapsed=5.0min
[iter_double_only_3m] ep=950 step=161912/3000000 reward=8.0 len=273 eps=0.841 avg_loss=0.0053 elapsed=5.0min
[iter_double_only_3m] ep=960 step=163004/3000000 reward=2.0 len=73 eps=0.840 avg_loss=0.0069 elapsed=5.1min
[iter_double_only_3m] ep=970 step=164127/3000000 reward=4.0 len=91 eps=0.839 avg_loss=0.0057 elapsed=5.1min
[iter_double_only_3m] ep=980 step=165563/3000000 reward=2.0 len=161 eps=0.838 avg_loss=0.0047 elapsed=5.2min
[iter_double_only_3m] ep=990 step=166742/3000000 reward=2.0 len=60 eps=0.837 avg_loss=0.0062 elapsed=5.2min
[iter_double_only_3m] ep=1000 step=168757/3000000 reward=0.0 len=180 eps=0.835 avg_loss=0.0045 elapsed=5.3min
[iter_double_only_3m] ep=1010 step=170299/3000000 reward=0.0 len=148 eps=0.833 avg_loss=0.0091 elapsed=5.3min
[iter_double_only_3m] ep=1020 step=172429/3000000 reward=3.0 len=112 eps=0.831 avg_loss=0.0058 elapsed=5.4min
[iter_double_only_3m] ep=1030 step=174042/3000000 reward=4.0 len=163 eps=0.829 avg_loss=0.0055 elapsed=5.5min
[iter_double_only_3m] ep=1040 step=175448/3000000 reward=8.0 len=497 eps=0.828 avg_loss=0.0056 elapsed=5.5min
[iter_double_only_3m] ep=1050 step=176716/3000000 reward=1.0 len=65 eps=0.827 avg_loss=0.0054 elapsed=5.6min
[iter_double_only_3m] ep=1060 step=178291/3000000 reward=3.0 len=127 eps=0.825 avg_loss=0.0060 elapsed=5.6min
[iter_double_only_3m] ep=1070 step=180198/3000000 reward=0.0 len=82 eps=0.823 avg_loss=0.0051 elapsed=5.7min
[iter_double_only_3m] ep=1080 step=181624/3000000 reward=3.0 len=242 eps=0.822 avg_loss=0.0051 elapsed=5.8min
[iter_double_only_3m] ep=1090 step=182971/3000000 reward=0.0 len=216 eps=0.821 avg_loss=0.0051 elapsed=5.8min
[iter_double_only_3m] ep=1100 step=184265/3000000 reward=2.0 len=278 eps=0.819 avg_loss=0.0048 elapsed=5.9min
[iter_double_only_3m] ep=1110 step=185719/3000000 reward=2.0 len=99 eps=0.818 avg_loss=0.0030 elapsed=5.9min
[iter_double_only_3m] ep=1120 step=187390/3000000 reward=1.0 len=109 eps=0.816 avg_loss=0.0034 elapsed=6.0min
[iter_double_only_3m] ep=1130 step=188698/3000000 reward=5.0 len=177 eps=0.815 avg_loss=0.0049 elapsed=6.0min
[iter_double_only_3m] ep=1140 step=190407/3000000 reward=1.0 len=86 eps=0.813 avg_loss=0.0027 elapsed=6.1min
[iter_double_only_3m] ep=1150 step=191669/3000000 reward=1.0 len=68 eps=0.812 avg_loss=0.0018 elapsed=6.1min
[iter_double_only_3m] ep=1160 step=193668/3000000 reward=3.0 len=150 eps=0.810 avg_loss=0.0039 elapsed=6.2min
[iter_double_only_3m] ep=1170 step=195572/3000000 reward=1.0 len=140 eps=0.808 avg_loss=0.0048 elapsed=6.3min
[iter_double_only_3m] ep=1180 step=197428/3000000 reward=1.0 len=178 eps=0.807 avg_loss=0.0041 elapsed=6.3min
[iter_double_only_3m] ep=1190 step=198843/3000000 reward=2.0 len=108 eps=0.805 avg_loss=0.0043 elapsed=6.4min
[iter_double_only_3m] ep=1200 step=200920/3000000 reward=0.0 len=152 eps=0.803 avg_loss=0.0060 elapsed=6.5min
[iter_double_only_3m] ep=1210 step=202845/3000000 reward=4.0 len=319 eps=0.801 avg_loss=0.0040 elapsed=6.5min
[iter_double_only_3m] ep=1220 step=204519/3000000 reward=9.0 len=338 eps=0.800 avg_loss=0.0046 elapsed=6.6min
[iter_double_only_3m] ep=1230 step=206030/3000000 reward=3.0 len=264 eps=0.798 avg_loss=0.0048 elapsed=6.7min
[iter_double_only_3m] ep=1240 step=207585/3000000 reward=2.0 len=129 eps=0.797 avg_loss=0.0050 elapsed=6.7min
[iter_double_only_3m] ep=1250 step=209351/3000000 reward=5.0 len=189 eps=0.795 avg_loss=0.0049 elapsed=6.8min
[iter_double_only_3m] ep=1260 step=211207/3000000 reward=11.0 len=417 eps=0.793 avg_loss=0.0082 elapsed=6.9min
[iter_double_only_3m] ep=1270 step=212851/3000000 reward=2.0 len=150 eps=0.791 avg_loss=0.0069 elapsed=6.9min
[iter_double_only_3m] ep=1280 step=214884/3000000 reward=7.0 len=179 eps=0.789 avg_loss=0.0061 elapsed=7.0min
[iter_double_only_3m] ep=1290 step=216258/3000000 reward=2.0 len=88 eps=0.788 avg_loss=0.0055 elapsed=7.0min
[iter_double_only_3m] ep=1300 step=218305/3000000 reward=1.0 len=81 eps=0.786 avg_loss=0.0069 elapsed=7.1min
[iter_double_only_3m] ep=1310 step=219597/3000000 reward=0.0 len=90 eps=0.785 avg_loss=0.0052 elapsed=7.2min
[iter_double_only_3m] ep=1320 step=221103/3000000 reward=9.0 len=396 eps=0.783 avg_loss=0.0064 elapsed=7.2min
[iter_double_only_3m] ep=1330 step=222680/3000000 reward=5.0 len=118 eps=0.782 avg_loss=0.0060 elapsed=7.3min
[iter_double_only_3m] ep=1340 step=224757/3000000 reward=15.0 len=424 eps=0.780 avg_loss=0.0052 elapsed=7.4min
[iter_double_only_3m] ep=1350 step=227696/3000000 reward=10.0 len=432 eps=0.777 avg_loss=0.0052 elapsed=7.5min
[iter_double_only_3m] ep=1360 step=229285/3000000 reward=0.0 len=61 eps=0.775 avg_loss=0.0022 elapsed=7.5min
[iter_double_only_3m] ep=1370 step=230810/3000000 reward=0.0 len=75 eps=0.774 avg_loss=0.0052 elapsed=7.6min
[iter_double_only_3m] ep=1380 step=232283/3000000 reward=5.0 len=144 eps=0.772 avg_loss=0.0033 elapsed=7.7min
[iter_double_only_3m] ep=1390 step=234201/3000000 reward=4.0 len=106 eps=0.770 avg_loss=0.0048 elapsed=7.7min
[iter_double_only_3m] ep=1400 step=235648/3000000 reward=6.0 len=391 eps=0.769 avg_loss=0.0047 elapsed=7.8min
[iter_double_only_3m] ep=1410 step=237604/3000000 reward=2.0 len=159 eps=0.767 avg_loss=0.0042 elapsed=7.9min
[iter_double_only_3m] ep=1420 step=239260/3000000 reward=2.0 len=61 eps=0.766 avg_loss=0.0059 elapsed=7.9min
[iter_double_only_3m] ep=1430 step=240720/3000000 reward=1.0 len=70 eps=0.764 avg_loss=0.0049 elapsed=8.0min
[iter_double_only_3m] ep=1440 step=242344/3000000 reward=9.0 len=299 eps=0.763 avg_loss=0.0046 elapsed=8.0min
[iter_double_only_3m] ep=1450 step=244173/3000000 reward=3.0 len=173 eps=0.761 avg_loss=0.0067 elapsed=8.1min
[iter_double_only_3m] ep=1460 step=246125/3000000 reward=1.0 len=124 eps=0.759 avg_loss=0.0050 elapsed=8.2min
[iter_double_only_3m] ep=1470 step=248804/3000000 reward=18.0 len=799 eps=0.756 avg_loss=0.0044 elapsed=8.3min
[iter_double_only_3m] ep=1480 step=250904/3000000 reward=4.0 len=435 eps=0.754 avg_loss=0.0078 elapsed=8.4min
[iter_double_only_3m] ep=1490 step=252440/3000000 reward=3.0 len=133 eps=0.753 avg_loss=0.0070 elapsed=8.4min
[iter_double_only_3m] ep=1500 step=254482/3000000 reward=11.0 len=231 eps=0.751 avg_loss=0.0069 elapsed=8.5min
[iter_double_only_3m] ep=1510 step=256205/3000000 reward=3.0 len=179 eps=0.749 avg_loss=0.0068 elapsed=8.6min
[iter_double_only_3m] ep=1520 step=257638/3000000 reward=6.0 len=166 eps=0.748 avg_loss=0.0051 elapsed=8.6min
[iter_double_only_3m] ep=1530 step=259132/3000000 reward=1.0 len=149 eps=0.746 avg_loss=0.0069 elapsed=8.7min
[iter_double_only_3m] ep=1540 step=260513/3000000 reward=3.0 len=249 eps=0.745 avg_loss=0.0059 elapsed=8.7min
[iter_double_only_3m] ep=1550 step=261972/3000000 reward=5.0 len=153 eps=0.743 avg_loss=0.0056 elapsed=8.8min
[iter_double_only_3m] ep=1560 step=263847/3000000 reward=0.0 len=145 eps=0.741 avg_loss=0.0071 elapsed=8.9min
[iter_double_only_3m] ep=1570 step=265621/3000000 reward=1.0 len=82 eps=0.740 avg_loss=0.0058 elapsed=8.9min
[iter_double_only_3m] ep=1580 step=267693/3000000 reward=3.0 len=230 eps=0.738 avg_loss=0.0048 elapsed=9.0min
[iter_double_only_3m] ep=1590 step=269373/3000000 reward=3.0 len=99 eps=0.736 avg_loss=0.0042 elapsed=9.1min
[iter_double_only_3m] ep=1600 step=270648/3000000 reward=2.0 len=72 eps=0.735 avg_loss=0.0060 elapsed=9.1min
[iter_double_only_3m] ep=1610 step=272693/3000000 reward=18.0 len=460 eps=0.733 avg_loss=0.0054 elapsed=9.2min
[iter_double_only_3m] ep=1620 step=274559/3000000 reward=5.0 len=266 eps=0.731 avg_loss=0.0049 elapsed=9.3min
[iter_double_only_3m] ep=1630 step=276163/3000000 reward=7.0 len=267 eps=0.729 avg_loss=0.0066 elapsed=9.3min
[iter_double_only_3m] ep=1640 step=277790/3000000 reward=0.0 len=90 eps=0.728 avg_loss=0.0047 elapsed=9.4min
[iter_double_only_3m] ep=1650 step=279510/3000000 reward=2.0 len=68 eps=0.726 avg_loss=0.0059 elapsed=9.5min
[iter_double_only_3m] ep=1660 step=281456/3000000 reward=2.0 len=96 eps=0.724 avg_loss=0.0042 elapsed=9.5min
[iter_double_only_3m] ep=1670 step=282906/3000000 reward=0.0 len=93 eps=0.723 avg_loss=0.0054 elapsed=9.6min
[iter_double_only_3m] ep=1680 step=284769/3000000 reward=1.0 len=81 eps=0.721 avg_loss=0.0053 elapsed=9.7min
[iter_double_only_3m] ep=1690 step=286908/3000000 reward=10.0 len=267 eps=0.719 avg_loss=0.0049 elapsed=9.7min
[iter_double_only_3m] ep=1700 step=288658/3000000 reward=8.0 len=278 eps=0.717 avg_loss=0.0044 elapsed=9.8min
[iter_double_only_3m] ep=1710 step=290441/3000000 reward=1.0 len=94 eps=0.715 avg_loss=0.0072 elapsed=9.9min
[iter_double_only_3m] ep=1720 step=292170/3000000 reward=2.0 len=236 eps=0.714 avg_loss=0.0080 elapsed=9.9min
[iter_double_only_3m] ep=1730 step=294357/3000000 reward=1.0 len=158 eps=0.712 avg_loss=0.0065 elapsed=10.0min
[iter_double_only_3m] ep=1740 step=296600/3000000 reward=8.0 len=390 eps=0.709 avg_loss=0.0064 elapsed=10.1min
[iter_double_only_3m] ep=1750 step=298208/3000000 reward=1.0 len=72 eps=0.708 avg_loss=0.0084 elapsed=10.2min
[iter_double_only_3m] ep=1760 step=299671/3000000 reward=7.0 len=165 eps=0.706 avg_loss=0.0060 elapsed=10.2min
[iter_double_only_3m] ep=1770 step=301197/3000000 reward=6.0 len=188 eps=0.705 avg_loss=0.0068 elapsed=10.3min
[iter_double_only_3m] ep=1780 step=302592/3000000 reward=3.0 len=132 eps=0.703 avg_loss=0.0074 elapsed=10.3min
[iter_double_only_3m] ep=1790 step=304252/3000000 reward=1.0 len=106 eps=0.702 avg_loss=0.0055 elapsed=10.4min
[iter_double_only_3m] ep=1800 step=306452/3000000 reward=7.0 len=388 eps=0.700 avg_loss=0.0055 elapsed=10.5min
[iter_double_only_3m] ep=1810 step=308200/3000000 reward=3.0 len=160 eps=0.698 avg_loss=0.0061 elapsed=10.6min
[iter_double_only_3m] ep=1820 step=309493/3000000 reward=2.0 len=91 eps=0.697 avg_loss=0.0061 elapsed=10.6min
[iter_double_only_3m] ep=1830 step=311498/3000000 reward=2.0 len=196 eps=0.695 avg_loss=0.0058 elapsed=10.7min
[iter_double_only_3m] ep=1840 step=312942/3000000 reward=4.0 len=211 eps=0.693 avg_loss=0.0059 elapsed=10.7min
[iter_double_only_3m] ep=1850 step=314752/3000000 reward=3.0 len=95 eps=0.692 avg_loss=0.0059 elapsed=10.8min
[iter_double_only_3m] ep=1860 step=316197/3000000 reward=3.0 len=150 eps=0.690 avg_loss=0.0054 elapsed=10.9min
[iter_double_only_3m] ep=1870 step=317635/3000000 reward=4.0 len=141 eps=0.689 avg_loss=0.0062 elapsed=10.9min
[iter_double_only_3m] ep=1880 step=318801/3000000 reward=2.0 len=65 eps=0.688 avg_loss=0.0052 elapsed=11.0min
[iter_double_only_3m] ep=1890 step=320612/3000000 reward=8.0 len=203 eps=0.686 avg_loss=0.0053 elapsed=11.0min
[iter_double_only_3m] ep=1900 step=322925/3000000 reward=11.0 len=553 eps=0.684 avg_loss=0.0050 elapsed=11.1min
[iter_double_only_3m] ep=1910 step=324380/3000000 reward=6.0 len=164 eps=0.682 avg_loss=0.0069 elapsed=11.2min
[iter_double_only_3m] ep=1920 step=325713/3000000 reward=1.0 len=96 eps=0.681 avg_loss=0.0070 elapsed=11.2min
[iter_double_only_3m] ep=1930 step=327974/3000000 reward=10.0 len=303 eps=0.679 avg_loss=0.0059 elapsed=11.3min
[iter_double_only_3m] ep=1940 step=329519/3000000 reward=7.0 len=205 eps=0.677 avg_loss=0.0057 elapsed=11.4min
[iter_double_only_3m] ep=1950 step=331036/3000000 reward=5.0 len=209 eps=0.676 avg_loss=0.0098 elapsed=11.5min
[iter_double_only_3m] ep=1960 step=332902/3000000 reward=0.0 len=103 eps=0.674 avg_loss=0.0059 elapsed=11.5min
[iter_double_only_3m] ep=1970 step=334627/3000000 reward=4.0 len=183 eps=0.672 avg_loss=0.0065 elapsed=11.6min
[iter_double_only_3m] ep=1980 step=336334/3000000 reward=5.0 len=171 eps=0.670 avg_loss=0.0099 elapsed=11.7min
[iter_double_only_3m] ep=1990 step=338439/3000000 reward=4.0 len=154 eps=0.668 avg_loss=0.0092 elapsed=11.7min
[iter_double_only_3m] ep=2000 step=340569/3000000 reward=2.0 len=64 eps=0.666 avg_loss=0.0065 elapsed=11.8min
[iter_double_only_3m] ep=2010 step=341580/3000000 reward=0.0 len=89 eps=0.665 avg_loss=0.0064 elapsed=11.9min
[iter_double_only_3m] ep=2020 step=343056/3000000 reward=3.0 len=110 eps=0.664 avg_loss=0.0068 elapsed=11.9min
[iter_double_only_3m] ep=2030 step=344761/3000000 reward=4.0 len=229 eps=0.662 avg_loss=0.0064 elapsed=12.0min
[iter_double_only_3m] ep=2040 step=346311/3000000 reward=6.0 len=212 eps=0.661 avg_loss=0.0057 elapsed=12.1min
[iter_double_only_3m] ep=2050 step=347732/3000000 reward=1.0 len=88 eps=0.659 avg_loss=0.0042 elapsed=12.1min
[iter_double_only_3m] ep=2060 step=349556/3000000 reward=7.0 len=339 eps=0.657 avg_loss=0.0064 elapsed=12.2min
[iter_double_only_3m] ep=2070 step=351130/3000000 reward=4.0 len=196 eps=0.656 avg_loss=0.0064 elapsed=12.2min
[iter_double_only_3m] ep=2080 step=352888/3000000 reward=12.0 len=295 eps=0.654 avg_loss=0.0055 elapsed=12.3min
[iter_double_only_3m] ep=2090 step=354011/3000000 reward=3.0 len=71 eps=0.653 avg_loss=0.0054 elapsed=12.4min
[iter_double_only_3m] ep=2100 step=355146/3000000 reward=3.0 len=144 eps=0.652 avg_loss=0.0077 elapsed=12.4min
[iter_double_only_3m] ep=2110 step=356464/3000000 reward=1.0 len=90 eps=0.651 avg_loss=0.0047 elapsed=12.4min
[iter_double_only_3m] ep=2120 step=357830/3000000 reward=2.0 len=68 eps=0.649 avg_loss=0.0078 elapsed=12.5min
[iter_double_only_3m] ep=2130 step=359532/3000000 reward=10.0 len=301 eps=0.648 avg_loss=0.0064 elapsed=12.6min
[iter_double_only_3m] ep=2140 step=361388/3000000 reward=5.0 len=163 eps=0.646 avg_loss=0.0067 elapsed=12.6min
[iter_double_only_3m] ep=2150 step=362419/3000000 reward=0.0 len=106 eps=0.645 avg_loss=0.0057 elapsed=12.7min
[iter_double_only_3m] ep=2160 step=364225/3000000 reward=7.0 len=202 eps=0.643 avg_loss=0.0068 elapsed=12.8min
[iter_double_only_3m] ep=2170 step=366455/3000000 reward=5.0 len=157 eps=0.641 avg_loss=0.0060 elapsed=12.8min
[iter_double_only_3m] ep=2180 step=368024/3000000 reward=13.0 len=422 eps=0.639 avg_loss=0.0059 elapsed=12.9min
[iter_double_only_3m] ep=2190 step=369307/3000000 reward=0.0 len=95 eps=0.638 avg_loss=0.0049 elapsed=13.0min
[iter_double_only_3m] ep=2200 step=370716/3000000 reward=1.0 len=82 eps=0.637 avg_loss=0.0066 elapsed=13.0min
[iter_double_only_3m] ep=2210 step=373158/3000000 reward=5.0 len=201 eps=0.634 avg_loss=0.0075 elapsed=13.1min
[iter_double_only_3m] ep=2220 step=375902/3000000 reward=8.0 len=381 eps=0.632 avg_loss=0.0069 elapsed=13.2min
[iter_double_only_3m] ep=2230 step=377849/3000000 reward=6.0 len=328 eps=0.630 avg_loss=0.0073 elapsed=13.3min
[iter_double_only_3m] ep=2240 step=379770/3000000 reward=7.0 len=196 eps=0.628 avg_loss=0.0061 elapsed=13.4min
[iter_double_only_3m] ep=2250 step=381345/3000000 reward=6.0 len=198 eps=0.626 avg_loss=0.0059 elapsed=13.4min
[iter_double_only_3m] ep=2260 step=383122/3000000 reward=4.0 len=141 eps=0.625 avg_loss=0.0058 elapsed=13.5min
[iter_double_only_3m] ep=2270 step=384971/3000000 reward=0.0 len=88 eps=0.623 avg_loss=0.0062 elapsed=13.6min
[iter_double_only_3m] ep=2280 step=386250/3000000 reward=15.0 len=431 eps=0.621 avg_loss=0.0069 elapsed=13.6min
[iter_double_only_3m] ep=2290 step=387243/3000000 reward=5.0 len=147 eps=0.621 avg_loss=0.0090 elapsed=13.7min
[iter_double_only_3m] ep=2300 step=388471/3000000 reward=3.0 len=153 eps=0.619 avg_loss=0.0062 elapsed=13.7min
[iter_double_only_3m] ep=2310 step=390120/3000000 reward=1.0 len=83 eps=0.618 avg_loss=0.0062 elapsed=13.8min
[iter_double_only_3m] ep=2320 step=391353/3000000 reward=0.0 len=76 eps=0.616 avg_loss=0.0058 elapsed=13.8min
[iter_double_only_3m] ep=2330 step=392782/3000000 reward=1.0 len=78 eps=0.615 avg_loss=0.0069 elapsed=13.9min
[iter_double_only_3m] ep=2340 step=394354/3000000 reward=0.0 len=95 eps=0.614 avg_loss=0.0055 elapsed=14.0min
[iter_double_only_3m] ep=2350 step=396481/3000000 reward=7.0 len=201 eps=0.611 avg_loss=0.0060 elapsed=14.0min
[iter_double_only_3m] ep=2360 step=398018/3000000 reward=0.0 len=100 eps=0.610 avg_loss=0.0040 elapsed=14.1min
[iter_double_only_3m] ep=2370 step=399763/3000000 reward=3.0 len=217 eps=0.608 avg_loss=0.0083 elapsed=14.2min
[iter_double_only_3m] ep=2380 step=401087/3000000 reward=2.0 len=132 eps=0.607 avg_loss=0.0043 elapsed=14.2min
[iter_double_only_3m] ep=2390 step=402267/3000000 reward=0.0 len=69 eps=0.606 avg_loss=0.0067 elapsed=14.3min
[iter_double_only_3m] ep=2400 step=404174/3000000 reward=6.0 len=306 eps=0.604 avg_loss=0.0049 elapsed=14.4min
[iter_double_only_3m] ep=2410 step=405819/3000000 reward=5.0 len=154 eps=0.602 avg_loss=0.0057 elapsed=14.4min
[iter_double_only_3m] ep=2420 step=407023/3000000 reward=9.0 len=377 eps=0.601 avg_loss=0.0056 elapsed=14.5min
[iter_double_only_3m] ep=2430 step=409029/3000000 reward=1.0 len=86 eps=0.599 avg_loss=0.0066 elapsed=14.5min
[iter_double_only_3m] ep=2440 step=410773/3000000 reward=1.0 len=109 eps=0.597 avg_loss=0.0097 elapsed=14.6min
[iter_double_only_3m] ep=2450 step=413074/3000000 reward=2.0 len=53 eps=0.595 avg_loss=0.0067 elapsed=14.7min
[iter_double_only_3m] ep=2460 step=415159/3000000 reward=5.0 len=225 eps=0.593 avg_loss=0.0076 elapsed=14.8min
[iter_double_only_3m] ep=2470 step=416970/3000000 reward=1.0 len=97 eps=0.591 avg_loss=0.0043 elapsed=14.9min
[iter_double_only_3m] ep=2480 step=419172/3000000 reward=7.0 len=395 eps=0.589 avg_loss=0.0071 elapsed=15.0min
[iter_double_only_3m] ep=2490 step=421301/3000000 reward=16.0 len=410 eps=0.587 avg_loss=0.0060 elapsed=15.0min
[iter_double_only_3m] ep=2500 step=423007/3000000 reward=4.0 len=102 eps=0.585 avg_loss=0.0087 elapsed=15.1min
[iter_double_only_3m] ep=2510 step=425034/3000000 reward=7.0 len=249 eps=0.583 avg_loss=0.0080 elapsed=15.2min
[iter_double_only_3m] ep=2520 step=427228/3000000 reward=6.0 len=188 eps=0.581 avg_loss=0.0068 elapsed=15.3min
[iter_double_only_3m] ep=2530 step=428635/3000000 reward=8.0 len=161 eps=0.580 avg_loss=0.0073 elapsed=15.3min
[iter_double_only_3m] ep=2540 step=430360/3000000 reward=1.0 len=89 eps=0.578 avg_loss=0.0067 elapsed=15.4min
[iter_double_only_3m] ep=2550 step=432007/3000000 reward=8.0 len=192 eps=0.577 avg_loss=0.0069 elapsed=15.5min
[iter_double_only_3m] ep=2560 step=434123/3000000 reward=4.0 len=162 eps=0.575 avg_loss=0.0067 elapsed=15.6min
[iter_double_only_3m] ep=2570 step=435439/3000000 reward=4.0 len=244 eps=0.573 avg_loss=0.0068 elapsed=15.6min
[iter_double_only_3m] ep=2580 step=436955/3000000 reward=6.0 len=158 eps=0.572 avg_loss=0.0074 elapsed=15.7min
[iter_double_only_3m] ep=2590 step=438926/3000000 reward=5.0 len=340 eps=0.570 avg_loss=0.0078 elapsed=15.7min
[iter_double_only_3m] ep=2600 step=440286/3000000 reward=7.0 len=243 eps=0.569 avg_loss=0.0075 elapsed=15.8min
[iter_double_only_3m] ep=2610 step=441425/3000000 reward=3.0 len=152 eps=0.567 avg_loss=0.0068 elapsed=15.9min
[iter_double_only_3m] ep=2620 step=442934/3000000 reward=1.0 len=246 eps=0.566 avg_loss=0.0068 elapsed=15.9min
[iter_double_only_3m] ep=2630 step=444846/3000000 reward=1.0 len=83 eps=0.564 avg_loss=0.0056 elapsed=16.0min
[iter_double_only_3m] ep=2640 step=446876/3000000 reward=3.0 len=254 eps=0.562 avg_loss=0.0054 elapsed=16.1min
[iter_double_only_3m] ep=2650 step=448763/3000000 reward=3.0 len=65 eps=0.560 avg_loss=0.0061 elapsed=16.1min
[iter_double_only_3m] ep=2660 step=450330/3000000 reward=17.0 len=371 eps=0.559 avg_loss=0.0101 elapsed=16.2min
[iter_double_only_3m] ep=2670 step=451841/3000000 reward=0.0 len=93 eps=0.557 avg_loss=0.0089 elapsed=16.3min
[iter_double_only_3m] ep=2680 step=453955/3000000 reward=6.0 len=325 eps=0.555 avg_loss=0.0091 elapsed=16.4min
[iter_double_only_3m] ep=2690 step=456071/3000000 reward=2.0 len=150 eps=0.553 avg_loss=0.0114 elapsed=16.4min
[iter_double_only_3m] ep=2700 step=457982/3000000 reward=11.0 len=422 eps=0.551 avg_loss=0.0074 elapsed=16.5min
[iter_double_only_3m] ep=2710 step=459534/3000000 reward=4.0 len=317 eps=0.550 avg_loss=0.0097 elapsed=16.6min
[iter_double_only_3m] ep=2720 step=461130/3000000 reward=3.0 len=93 eps=0.548 avg_loss=0.0093 elapsed=16.7min
[iter_double_only_3m] ep=2730 step=463215/3000000 reward=16.0 len=405 eps=0.546 avg_loss=0.0079 elapsed=16.7min
[iter_double_only_3m] ep=2740 step=464268/3000000 reward=2.0 len=76 eps=0.545 avg_loss=0.0096 elapsed=16.8min
[iter_double_only_3m] ep=2750 step=465910/3000000 reward=1.0 len=70 eps=0.543 avg_loss=0.0065 elapsed=16.9min
[iter_double_only_3m] ep=2760 step=467302/3000000 reward=5.0 len=158 eps=0.542 avg_loss=0.0095 elapsed=16.9min
[iter_double_only_3m] ep=2770 step=468536/3000000 reward=1.0 len=76 eps=0.541 avg_loss=0.0071 elapsed=17.0min
[iter_double_only_3m] ep=2780 step=470121/3000000 reward=1.0 len=166 eps=0.539 avg_loss=0.0084 elapsed=17.0min
[iter_double_only_3m] ep=2790 step=471747/3000000 reward=1.0 len=103 eps=0.538 avg_loss=0.0115 elapsed=17.1min
[iter_double_only_3m] ep=2800 step=473744/3000000 reward=10.0 len=358 eps=0.536 avg_loss=0.0096 elapsed=17.2min
[iter_double_only_3m] ep=2810 step=475015/3000000 reward=4.0 len=117 eps=0.534 avg_loss=0.0078 elapsed=17.2min
[iter_double_only_3m] ep=2820 step=476573/3000000 reward=2.0 len=115 eps=0.533 avg_loss=0.0091 elapsed=17.3min
[iter_double_only_3m] ep=2830 step=478222/3000000 reward=2.0 len=70 eps=0.531 avg_loss=0.0080 elapsed=17.4min
[iter_double_only_3m] ep=2840 step=479857/3000000 reward=18.0 len=533 eps=0.530 avg_loss=0.0091 elapsed=17.4min
[iter_double_only_3m] ep=2850 step=481396/3000000 reward=5.0 len=155 eps=0.528 avg_loss=0.0080 elapsed=17.5min
[iter_double_only_3m] ep=2860 step=483439/3000000 reward=2.0 len=60 eps=0.526 avg_loss=0.0070 elapsed=17.6min
[iter_double_only_3m] ep=2870 step=484803/3000000 reward=3.0 len=78 eps=0.525 avg_loss=0.0070 elapsed=17.6min
[iter_double_only_3m] ep=2880 step=486478/3000000 reward=6.0 len=282 eps=0.523 avg_loss=0.0089 elapsed=17.7min
[iter_double_only_3m] ep=2890 step=488081/3000000 reward=0.0 len=62 eps=0.522 avg_loss=0.0087 elapsed=17.8min
[iter_double_only_3m] ep=2900 step=489872/3000000 reward=5.0 len=251 eps=0.520 avg_loss=0.0091 elapsed=17.8min
[iter_double_only_3m] ep=2910 step=491354/3000000 reward=5.0 len=150 eps=0.518 avg_loss=0.0083 elapsed=17.9min
[iter_double_only_3m] ep=2920 step=492458/3000000 reward=4.0 len=94 eps=0.517 avg_loss=0.0089 elapsed=18.0min
[iter_double_only_3m] ep=2930 step=494380/3000000 reward=2.0 len=108 eps=0.516 avg_loss=0.0087 elapsed=18.0min
[iter_double_only_3m] ep=2940 step=496151/3000000 reward=8.0 len=186 eps=0.514 avg_loss=0.0089 elapsed=18.1min
[iter_double_only_3m] ep=2950 step=498303/3000000 reward=6.0 len=198 eps=0.512 avg_loss=0.0089 elapsed=18.2min
[iter_double_only_3m] ep=2960 step=500117/3000000 reward=3.0 len=175 eps=0.510 avg_loss=0.0075 elapsed=18.3min
[iter_double_only_3m] ep=2970 step=501716/3000000 reward=4.0 len=145 eps=0.508 avg_loss=0.0072 elapsed=18.3min
[iter_double_only_3m] ep=2980 step=503263/3000000 reward=3.0 len=139 eps=0.507 avg_loss=0.0094 elapsed=18.4min
[iter_double_only_3m] ep=2990 step=505341/3000000 reward=5.0 len=212 eps=0.505 avg_loss=0.0060 elapsed=18.5min
[iter_double_only_3m] ep=3000 step=507257/3000000 reward=8.0 len=203 eps=0.503 avg_loss=0.0077 elapsed=18.6min
[iter_double_only_3m] ep=3010 step=509082/3000000 reward=6.0 len=196 eps=0.501 avg_loss=0.0084 elapsed=18.6min
[iter_double_only_3m] ep=3020 step=510725/3000000 reward=12.0 len=355 eps=0.499 avg_loss=0.0076 elapsed=18.7min
[iter_double_only_3m] ep=3030 step=512511/3000000 reward=5.0 len=210 eps=0.498 avg_loss=0.0104 elapsed=18.8min
[iter_double_only_3m] ep=3040 step=514051/3000000 reward=3.0 len=80 eps=0.496 avg_loss=0.0088 elapsed=18.8min
[iter_double_only_3m] ep=3050 step=515600/3000000 reward=1.0 len=119 eps=0.495 avg_loss=0.0078 elapsed=18.9min
[iter_double_only_3m] ep=3060 step=517586/3000000 reward=4.0 len=142 eps=0.493 avg_loss=0.0084 elapsed=19.0min
[iter_double_only_3m] ep=3070 step=519345/3000000 reward=0.0 len=74 eps=0.491 avg_loss=0.0098 elapsed=19.1min
[iter_double_only_3m] ep=3080 step=520913/3000000 reward=3.0 len=74 eps=0.490 avg_loss=0.0080 elapsed=19.1min
[iter_double_only_3m] ep=3090 step=522161/3000000 reward=4.0 len=111 eps=0.488 avg_loss=0.0078 elapsed=19.2min
[iter_double_only_3m] ep=3100 step=524007/3000000 reward=2.0 len=59 eps=0.486 avg_loss=0.0088 elapsed=19.3min
[iter_double_only_3m] ep=3110 step=525413/3000000 reward=2.0 len=138 eps=0.485 avg_loss=0.0071 elapsed=19.3min
[iter_double_only_3m] ep=3120 step=527565/3000000 reward=18.0 len=434 eps=0.483 avg_loss=0.0077 elapsed=19.4min
[iter_double_only_3m] ep=3130 step=529068/3000000 reward=3.0 len=79 eps=0.482 avg_loss=0.0105 elapsed=19.5min
[iter_double_only_3m] ep=3140 step=530493/3000000 reward=1.0 len=82 eps=0.480 avg_loss=0.0077 elapsed=19.5min
[iter_double_only_3m] ep=3150 step=532415/3000000 reward=9.0 len=341 eps=0.478 avg_loss=0.0084 elapsed=19.6min
[iter_double_only_3m] ep=3160 step=533844/3000000 reward=2.0 len=175 eps=0.477 avg_loss=0.0088 elapsed=19.7min
[iter_double_only_3m] ep=3170 step=535372/3000000 reward=3.0 len=293 eps=0.475 avg_loss=0.0105 elapsed=19.7min
[iter_double_only_3m] ep=3180 step=536930/3000000 reward=0.0 len=96 eps=0.474 avg_loss=0.0100 elapsed=19.8min
[iter_double_only_3m] ep=3190 step=538796/3000000 reward=1.0 len=102 eps=0.472 avg_loss=0.0070 elapsed=19.9min
[iter_double_only_3m] ep=3200 step=540035/3000000 reward=2.0 len=67 eps=0.471 avg_loss=0.0099 elapsed=19.9min
[iter_double_only_3m] ep=3210 step=541498/3000000 reward=7.0 len=229 eps=0.469 avg_loss=0.0085 elapsed=20.0min
[iter_double_only_3m] ep=3220 step=543292/3000000 reward=1.0 len=80 eps=0.468 avg_loss=0.0095 elapsed=20.1min
[iter_double_only_3m] ep=3230 step=544990/3000000 reward=9.0 len=200 eps=0.466 avg_loss=0.0082 elapsed=20.1min
[iter_double_only_3m] ep=3240 step=546572/3000000 reward=4.0 len=151 eps=0.464 avg_loss=0.0080 elapsed=20.2min
[iter_double_only_3m] ep=3250 step=548147/3000000 reward=0.0 len=80 eps=0.463 avg_loss=0.0073 elapsed=20.3min
[iter_double_only_3m] ep=3260 step=550519/3000000 reward=1.0 len=66 eps=0.460 avg_loss=0.0078 elapsed=20.4min
[iter_double_only_3m] ep=3270 step=552114/3000000 reward=5.0 len=196 eps=0.459 avg_loss=0.0079 elapsed=20.4min
[iter_double_only_3m] ep=3280 step=553798/3000000 reward=6.0 len=268 eps=0.457 avg_loss=0.0070 elapsed=20.5min
[iter_double_only_3m] ep=3290 step=555151/3000000 reward=0.0 len=134 eps=0.456 avg_loss=0.0076 elapsed=20.6min
[iter_double_only_3m] ep=3300 step=557093/3000000 reward=8.0 len=180 eps=0.454 avg_loss=0.0085 elapsed=20.7min
[iter_double_only_3m] ep=3310 step=559343/3000000 reward=3.0 len=111 eps=0.452 avg_loss=0.0078 elapsed=20.7min
[iter_double_only_3m] ep=3320 step=561716/3000000 reward=15.0 len=414 eps=0.450 avg_loss=0.0068 elapsed=20.8min
[iter_double_only_3m] ep=3330 step=563035/3000000 reward=4.0 len=95 eps=0.448 avg_loss=0.0084 elapsed=20.9min
[iter_double_only_3m] ep=3340 step=564565/3000000 reward=4.0 len=202 eps=0.447 avg_loss=0.0065 elapsed=21.0min
[iter_double_only_3m] ep=3350 step=566122/3000000 reward=17.0 len=357 eps=0.445 avg_loss=0.0071 elapsed=21.0min
[iter_double_only_3m] ep=3360 step=567958/3000000 reward=13.0 len=445 eps=0.443 avg_loss=0.0079 elapsed=21.1min
[iter_double_only_3m] ep=3370 step=569679/3000000 reward=2.0 len=101 eps=0.442 avg_loss=0.0067 elapsed=21.2min
[iter_double_only_3m] ep=3380 step=571772/3000000 reward=14.0 len=400 eps=0.440 avg_loss=0.0095 elapsed=21.3min
[iter_double_only_3m] ep=3390 step=573167/3000000 reward=2.0 len=60 eps=0.438 avg_loss=0.0088 elapsed=21.3min
[iter_double_only_3m] ep=3400 step=574606/3000000 reward=6.0 len=243 eps=0.437 avg_loss=0.0079 elapsed=21.4min
[iter_double_only_3m] ep=3410 step=576140/3000000 reward=3.0 len=173 eps=0.435 avg_loss=0.0084 elapsed=21.5min
[iter_double_only_3m] ep=3420 step=577614/3000000 reward=3.0 len=66 eps=0.434 avg_loss=0.0094 elapsed=21.5min
[iter_double_only_3m] ep=3430 step=579240/3000000 reward=6.0 len=204 eps=0.432 avg_loss=0.0099 elapsed=21.6min
[iter_double_only_3m] ep=3440 step=581277/3000000 reward=12.0 len=286 eps=0.430 avg_loss=0.0069 elapsed=21.7min
[iter_double_only_3m] ep=3450 step=583050/3000000 reward=6.0 len=206 eps=0.429 avg_loss=0.0098 elapsed=21.8min
[iter_double_only_3m] ep=3460 step=584871/3000000 reward=2.0 len=117 eps=0.427 avg_loss=0.0076 elapsed=21.8min
[iter_double_only_3m] ep=3470 step=586719/3000000 reward=4.0 len=187 eps=0.425 avg_loss=0.0085 elapsed=21.9min
[iter_double_only_3m] ep=3480 step=588537/3000000 reward=5.0 len=318 eps=0.423 avg_loss=0.0085 elapsed=22.0min
[iter_double_only_3m] ep=3490 step=590792/3000000 reward=10.0 len=340 eps=0.421 avg_loss=0.0091 elapsed=22.1min
[iter_double_only_3m] ep=3500 step=592529/3000000 reward=3.0 len=142 eps=0.419 avg_loss=0.0088 elapsed=22.2min
[iter_double_only_3m] ep=3510 step=594613/3000000 reward=4.0 len=103 eps=0.417 avg_loss=0.0068 elapsed=22.3min
[iter_double_only_3m] ep=3520 step=596505/3000000 reward=2.0 len=65 eps=0.415 avg_loss=0.0067 elapsed=22.3min
[iter_double_only_3m] ep=3530 step=598515/3000000 reward=8.0 len=179 eps=0.413 avg_loss=0.0064 elapsed=22.4min
[iter_double_only_3m] ep=3540 step=600481/3000000 reward=0.0 len=68 eps=0.412 avg_loss=0.0078 elapsed=22.5min
[iter_double_only_3m] ep=3550 step=603018/3000000 reward=5.0 len=176 eps=0.409 avg_loss=0.0079 elapsed=22.6min
[iter_double_only_3m] ep=3560 step=604969/3000000 reward=5.0 len=290 eps=0.407 avg_loss=0.0058 elapsed=22.7min
[iter_double_only_3m] ep=3570 step=606730/3000000 reward=3.0 len=131 eps=0.405 avg_loss=0.0072 elapsed=22.8min
[iter_double_only_3m] ep=3580 step=608836/3000000 reward=3.0 len=218 eps=0.403 avg_loss=0.0084 elapsed=22.9min
[iter_double_only_3m] ep=3590 step=610587/3000000 reward=0.0 len=102 eps=0.402 avg_loss=0.0098 elapsed=22.9min
[iter_double_only_3m] ep=3600 step=613223/3000000 reward=18.0 len=440 eps=0.399 avg_loss=0.0088 elapsed=23.0min
[iter_double_only_3m] ep=3610 step=614770/3000000 reward=13.0 len=269 eps=0.398 avg_loss=0.0094 elapsed=23.1min
[iter_double_only_3m] ep=3620 step=616578/3000000 reward=10.0 len=217 eps=0.396 avg_loss=0.0096 elapsed=23.2min
[iter_double_only_3m] ep=3630 step=618422/3000000 reward=1.0 len=98 eps=0.394 avg_loss=0.0098 elapsed=23.3min
[iter_double_only_3m] ep=3640 step=619927/3000000 reward=8.0 len=205 eps=0.392 avg_loss=0.0092 elapsed=23.3min
[iter_double_only_3m] ep=3650 step=621887/3000000 reward=7.0 len=272 eps=0.391 avg_loss=0.0086 elapsed=23.4min
[iter_double_only_3m] ep=3660 step=623645/3000000 reward=2.0 len=126 eps=0.389 avg_loss=0.0072 elapsed=23.5min
[iter_double_only_3m] ep=3670 step=625373/3000000 reward=12.0 len=299 eps=0.387 avg_loss=0.0083 elapsed=23.6min
[iter_double_only_3m] ep=3680 step=627225/3000000 reward=4.0 len=203 eps=0.385 avg_loss=0.0079 elapsed=23.7min
[iter_double_only_3m] ep=3690 step=628601/3000000 reward=1.0 len=66 eps=0.384 avg_loss=0.0071 elapsed=23.7min
[iter_double_only_3m] ep=3700 step=630480/3000000 reward=15.0 len=413 eps=0.382 avg_loss=0.0076 elapsed=23.8min
[iter_double_only_3m] ep=3710 step=632285/3000000 reward=1.0 len=205 eps=0.380 avg_loss=0.0084 elapsed=23.9min
[iter_double_only_3m] ep=3720 step=634051/3000000 reward=1.0 len=68 eps=0.379 avg_loss=0.0105 elapsed=23.9min
[iter_double_only_3m] ep=3730 step=635731/3000000 reward=5.0 len=165 eps=0.377 avg_loss=0.0105 elapsed=24.0min
[iter_double_only_3m] ep=3740 step=637444/3000000 reward=4.0 len=120 eps=0.375 avg_loss=0.0063 elapsed=24.1min
[iter_double_only_3m] ep=3750 step=638965/3000000 reward=3.0 len=148 eps=0.374 avg_loss=0.0094 elapsed=24.2min
[iter_double_only_3m] ep=3760 step=640998/3000000 reward=11.0 len=292 eps=0.372 avg_loss=0.0085 elapsed=24.2min
[iter_double_only_3m] ep=3770 step=642700/3000000 reward=3.0 len=86 eps=0.370 avg_loss=0.0068 elapsed=24.3min
[iter_double_only_3m] ep=3780 step=644385/3000000 reward=13.0 len=347 eps=0.369 avg_loss=0.0084 elapsed=24.4min
[iter_double_only_3m] ep=3790 step=646236/3000000 reward=7.0 len=153 eps=0.367 avg_loss=0.0081 elapsed=24.5min
[iter_double_only_3m] ep=3800 step=647991/3000000 reward=1.0 len=83 eps=0.365 avg_loss=0.0080 elapsed=24.5min
[iter_double_only_3m] ep=3810 step=650470/3000000 reward=9.0 len=249 eps=0.363 avg_loss=0.0102 elapsed=24.7min
[iter_double_only_3m] ep=3820 step=652167/3000000 reward=10.0 len=283 eps=0.361 avg_loss=0.0097 elapsed=24.7min
[iter_double_only_3m] ep=3830 step=654552/3000000 reward=9.0 len=183 eps=0.359 avg_loss=0.0086 elapsed=24.8min
[iter_double_only_3m] ep=3840 step=656479/3000000 reward=7.0 len=190 eps=0.357 avg_loss=0.0089 elapsed=24.9min
[iter_double_only_3m] ep=3850 step=658679/3000000 reward=3.0 len=111 eps=0.354 avg_loss=0.0086 elapsed=25.0min
[iter_double_only_3m] ep=3860 step=660429/3000000 reward=10.0 len=264 eps=0.353 avg_loss=0.0107 elapsed=25.1min
[iter_double_only_3m] ep=3870 step=662318/3000000 reward=17.0 len=401 eps=0.351 avg_loss=0.0096 elapsed=25.2min
[iter_double_only_3m] ep=3880 step=664150/3000000 reward=0.0 len=97 eps=0.349 avg_loss=0.0107 elapsed=25.2min
[iter_double_only_3m] ep=3890 step=665780/3000000 reward=12.0 len=189 eps=0.348 avg_loss=0.0092 elapsed=25.3min
[iter_double_only_3m] ep=3900 step=667817/3000000 reward=4.0 len=183 eps=0.346 avg_loss=0.0080 elapsed=25.4min
[iter_double_only_3m] ep=3910 step=669873/3000000 reward=0.0 len=88 eps=0.344 avg_loss=0.0091 elapsed=25.5min
[iter_double_only_3m] ep=3920 step=671599/3000000 reward=6.0 len=189 eps=0.342 avg_loss=0.0098 elapsed=25.6min
[iter_double_only_3m] ep=3930 step=673060/3000000 reward=1.0 len=59 eps=0.340 avg_loss=0.0071 elapsed=25.6min
[iter_double_only_3m] ep=3940 step=674671/3000000 reward=3.0 len=204 eps=0.339 avg_loss=0.0083 elapsed=25.7min
[iter_double_only_3m] ep=3950 step=676208/3000000 reward=9.0 len=196 eps=0.337 avg_loss=0.0075 elapsed=25.8min
[iter_double_only_3m] ep=3960 step=677812/3000000 reward=6.0 len=131 eps=0.336 avg_loss=0.0066 elapsed=25.8min
[iter_double_only_3m] ep=3970 step=679713/3000000 reward=1.0 len=111 eps=0.334 avg_loss=0.0080 elapsed=25.9min
[iter_double_only_3m] ep=3980 step=681090/3000000 reward=9.0 len=194 eps=0.333 avg_loss=0.0068 elapsed=26.0min
[iter_double_only_3m] ep=3990 step=683270/3000000 reward=12.0 len=341 eps=0.330 avg_loss=0.0064 elapsed=26.1min
[iter_double_only_3m] ep=4000 step=685002/3000000 reward=1.0 len=162 eps=0.329 avg_loss=0.0103 elapsed=26.2min
[iter_double_only_3m] ep=4010 step=687064/3000000 reward=9.0 len=183 eps=0.327 avg_loss=0.0105 elapsed=26.2min
[iter_double_only_3m] ep=4020 step=689216/3000000 reward=5.0 len=267 eps=0.325 avg_loss=0.0076 elapsed=26.3min
[iter_double_only_3m] ep=4030 step=691072/3000000 reward=5.0 len=251 eps=0.323 avg_loss=0.0091 elapsed=26.4min
[iter_double_only_3m] ep=4040 step=693432/3000000 reward=22.0 len=504 eps=0.320 avg_loss=0.0089 elapsed=26.5min
[iter_double_only_3m] ep=4050 step=695117/3000000 reward=3.0 len=102 eps=0.319 avg_loss=0.0094 elapsed=26.6min
[iter_double_only_3m] ep=4060 step=697281/3000000 reward=5.0 len=201 eps=0.317 avg_loss=0.0104 elapsed=26.7min
[iter_double_only_3m] ep=4070 step=698656/3000000 reward=5.0 len=127 eps=0.315 avg_loss=0.0084 elapsed=26.8min
[iter_double_only_3m] ep=4080 step=700391/3000000 reward=2.0 len=148 eps=0.314 avg_loss=0.0094 elapsed=26.8min
[iter_double_only_3m] ep=4090 step=702296/3000000 reward=12.0 len=245 eps=0.312 avg_loss=0.0086 elapsed=26.9min
[iter_double_only_3m] ep=4100 step=704315/3000000 reward=8.0 len=155 eps=0.310 avg_loss=0.0113 elapsed=27.0min
[iter_double_only_3m] ep=4110 step=706432/3000000 reward=8.0 len=367 eps=0.308 avg_loss=0.0086 elapsed=27.1min
[iter_double_only_3m] ep=4120 step=707713/3000000 reward=3.0 len=117 eps=0.306 avg_loss=0.0087 elapsed=27.2min
[iter_double_only_3m] ep=4130 step=709561/3000000 reward=5.0 len=140 eps=0.305 avg_loss=0.0089 elapsed=27.2min
[iter_double_only_3m] ep=4140 step=711057/3000000 reward=3.0 len=105 eps=0.303 avg_loss=0.0082 elapsed=27.3min
[iter_double_only_3m] ep=4150 step=713180/3000000 reward=5.0 len=152 eps=0.301 avg_loss=0.0095 elapsed=27.4min
[iter_double_only_3m] ep=4160 step=714788/3000000 reward=6.0 len=122 eps=0.300 avg_loss=0.0070 elapsed=27.5min
[iter_double_only_3m] ep=4170 step=716538/3000000 reward=1.0 len=207 eps=0.298 avg_loss=0.0085 elapsed=27.5min
[iter_double_only_3m] ep=4180 step=718365/3000000 reward=0.0 len=124 eps=0.296 avg_loss=0.0074 elapsed=27.6min
[iter_double_only_3m] ep=4190 step=720259/3000000 reward=10.0 len=193 eps=0.294 avg_loss=0.0073 elapsed=27.7min
[iter_double_only_3m] ep=4200 step=722252/3000000 reward=6.0 len=173 eps=0.292 avg_loss=0.0089 elapsed=27.8min
[iter_double_only_3m] ep=4210 step=723956/3000000 reward=0.0 len=57 eps=0.291 avg_loss=0.0092 elapsed=27.9min
[iter_double_only_3m] ep=4220 step=725790/3000000 reward=15.0 len=313 eps=0.289 avg_loss=0.0098 elapsed=28.0min
[iter_double_only_3m] ep=4230 step=727744/3000000 reward=11.0 len=275 eps=0.287 avg_loss=0.0085 elapsed=28.0min
[iter_double_only_3m] ep=4240 step=729355/3000000 reward=2.0 len=67 eps=0.285 avg_loss=0.0092 elapsed=28.1min
[iter_double_only_3m] ep=4250 step=731154/3000000 reward=15.0 len=299 eps=0.283 avg_loss=0.0093 elapsed=28.2min
[iter_double_only_3m] ep=4260 step=732910/3000000 reward=2.0 len=64 eps=0.282 avg_loss=0.0085 elapsed=28.3min
[iter_double_only_3m] ep=4270 step=734607/3000000 reward=1.0 len=105 eps=0.280 avg_loss=0.0092 elapsed=28.3min
[iter_double_only_3m] ep=4280 step=736703/3000000 reward=20.0 len=401 eps=0.278 avg_loss=0.0093 elapsed=28.4min
[iter_double_only_3m] ep=4290 step=739018/3000000 reward=4.0 len=183 eps=0.276 avg_loss=0.0086 elapsed=28.5min
[iter_double_only_3m] ep=4300 step=740365/3000000 reward=13.0 len=234 eps=0.274 avg_loss=0.0087 elapsed=28.6min
[iter_double_only_3m] ep=4310 step=742182/3000000 reward=4.0 len=144 eps=0.273 avg_loss=0.0090 elapsed=28.7min
[iter_double_only_3m] ep=4320 step=743622/3000000 reward=0.0 len=94 eps=0.271 avg_loss=0.0080 elapsed=28.7min
[iter_double_only_3m] ep=4330 step=745105/3000000 reward=7.0 len=171 eps=0.270 avg_loss=0.0100 elapsed=28.8min
[iter_double_only_3m] ep=4340 step=747044/3000000 reward=13.0 len=329 eps=0.268 avg_loss=0.0078 elapsed=28.9min
[iter_double_only_3m] ep=4350 step=749048/3000000 reward=5.0 len=153 eps=0.266 avg_loss=0.0092 elapsed=29.0min
[iter_double_only_3m] ep=4360 step=750472/3000000 reward=17.0 len=318 eps=0.265 avg_loss=0.0094 elapsed=29.1min
[iter_double_only_3m] ep=4370 step=752618/3000000 reward=1.0 len=73 eps=0.262 avg_loss=0.0094 elapsed=29.1min
[iter_double_only_3m] ep=4380 step=754101/3000000 reward=13.0 len=276 eps=0.261 avg_loss=0.0103 elapsed=29.2min
[iter_double_only_3m] ep=4390 step=755933/3000000 reward=3.0 len=198 eps=0.259 avg_loss=0.0091 elapsed=29.3min
[iter_double_only_3m] ep=4400 step=757435/3000000 reward=1.0 len=79 eps=0.258 avg_loss=0.0095 elapsed=29.4min
[iter_double_only_3m] ep=4410 step=759177/3000000 reward=13.0 len=292 eps=0.256 avg_loss=0.0097 elapsed=29.4min
[iter_double_only_3m] ep=4420 step=761898/3000000 reward=14.0 len=417 eps=0.253 avg_loss=0.0093 elapsed=29.6min
[iter_double_only_3m] ep=4430 step=763707/3000000 reward=0.0 len=55 eps=0.252 avg_loss=0.0058 elapsed=29.6min
[iter_double_only_3m] ep=4440 step=765241/3000000 reward=5.0 len=128 eps=0.250 avg_loss=0.0077 elapsed=29.7min
[iter_double_only_3m] ep=4450 step=766960/3000000 reward=8.0 len=168 eps=0.248 avg_loss=0.0089 elapsed=29.8min
[iter_double_only_3m] ep=4460 step=768967/3000000 reward=1.0 len=131 eps=0.246 avg_loss=0.0077 elapsed=29.9min
[iter_double_only_3m] ep=4470 step=770313/3000000 reward=5.0 len=114 eps=0.245 avg_loss=0.0094 elapsed=29.9min
[iter_double_only_3m] ep=4480 step=772224/3000000 reward=11.0 len=319 eps=0.243 avg_loss=0.0103 elapsed=30.0min
[iter_double_only_3m] ep=4490 step=774250/3000000 reward=3.0 len=176 eps=0.241 avg_loss=0.0096 elapsed=30.1min
[iter_double_only_3m] ep=4500 step=775814/3000000 reward=9.0 len=199 eps=0.240 avg_loss=0.0092 elapsed=30.2min
[iter_double_only_3m] ep=4510 step=777192/3000000 reward=7.0 len=186 eps=0.238 avg_loss=0.0100 elapsed=30.3min
[iter_double_only_3m] ep=4520 step=778373/3000000 reward=1.0 len=88 eps=0.237 avg_loss=0.0092 elapsed=30.3min
[iter_double_only_3m] ep=4530 step=780227/3000000 reward=14.0 len=310 eps=0.235 avg_loss=0.0106 elapsed=30.4min
[iter_double_only_3m] ep=4540 step=781487/3000000 reward=5.0 len=112 eps=0.234 avg_loss=0.0092 elapsed=30.5min
[iter_double_only_3m] ep=4550 step=783171/3000000 reward=2.0 len=57 eps=0.232 avg_loss=0.0098 elapsed=30.5min
[iter_double_only_3m] ep=4560 step=784371/3000000 reward=4.0 len=118 eps=0.231 avg_loss=0.0078 elapsed=30.6min
[iter_double_only_3m] ep=4570 step=785636/3000000 reward=4.0 len=108 eps=0.230 avg_loss=0.0106 elapsed=30.6min
[iter_double_only_3m] ep=4580 step=786804/3000000 reward=6.0 len=98 eps=0.229 avg_loss=0.0070 elapsed=30.7min
[iter_double_only_3m] ep=4590 step=788311/3000000 reward=3.0 len=105 eps=0.227 avg_loss=0.0080 elapsed=30.8min
[iter_double_only_3m] ep=4600 step=789688/3000000 reward=4.0 len=107 eps=0.226 avg_loss=0.0094 elapsed=30.8min
[iter_double_only_3m] ep=4610 step=791950/3000000 reward=10.0 len=236 eps=0.224 avg_loss=0.0091 elapsed=30.9min
[iter_double_only_3m] ep=4620 step=793395/3000000 reward=6.0 len=140 eps=0.222 avg_loss=0.0079 elapsed=31.0min
[iter_double_only_3m] ep=4630 step=795104/3000000 reward=1.0 len=75 eps=0.221 avg_loss=0.0073 elapsed=31.1min
[iter_double_only_3m] ep=4640 step=796503/3000000 reward=10.0 len=185 eps=0.219 avg_loss=0.0081 elapsed=31.1min
[iter_double_only_3m] ep=4650 step=797931/3000000 reward=4.0 len=150 eps=0.218 avg_loss=0.0093 elapsed=31.2min
[iter_double_only_3m] ep=4660 step=799561/3000000 reward=6.0 len=145 eps=0.216 avg_loss=0.0090 elapsed=31.3min
[iter_double_only_3m] ep=4670 step=801318/3000000 reward=20.0 len=507 eps=0.215 avg_loss=0.0093 elapsed=31.3min
[iter_double_only_3m] ep=4680 step=802860/3000000 reward=1.0 len=72 eps=0.213 avg_loss=0.0070 elapsed=31.4min
[iter_double_only_3m] ep=4690 step=804698/3000000 reward=20.0 len=392 eps=0.211 avg_loss=0.0093 elapsed=31.5min
[iter_double_only_3m] ep=4700 step=806128/3000000 reward=4.0 len=168 eps=0.210 avg_loss=0.0093 elapsed=31.6min
[iter_double_only_3m] ep=4710 step=807574/3000000 reward=5.0 len=117 eps=0.209 avg_loss=0.0108 elapsed=31.6min
[iter_double_only_3m] ep=4720 step=808682/3000000 reward=5.0 len=143 eps=0.207 avg_loss=0.0078 elapsed=31.7min
[iter_double_only_3m] ep=4730 step=810290/3000000 reward=1.0 len=101 eps=0.206 avg_loss=0.0099 elapsed=31.8min
[iter_double_only_3m] ep=4740 step=811757/3000000 reward=3.0 len=101 eps=0.204 avg_loss=0.0145 elapsed=31.8min
[iter_double_only_3m] ep=4750 step=813522/3000000 reward=2.0 len=56 eps=0.203 avg_loss=0.0093 elapsed=31.9min
[iter_double_only_3m] ep=4760 step=814916/3000000 reward=1.0 len=68 eps=0.201 avg_loss=0.0135 elapsed=32.0min
[iter_double_only_3m] ep=4770 step=816703/3000000 reward=10.0 len=186 eps=0.200 avg_loss=0.0114 elapsed=32.0min
[iter_double_only_3m] ep=4780 step=818106/3000000 reward=5.0 len=139 eps=0.198 avg_loss=0.0104 elapsed=32.1min
[iter_double_only_3m] ep=4790 step=819838/3000000 reward=1.0 len=109 eps=0.197 avg_loss=0.0089 elapsed=32.2min
[iter_double_only_3m] ep=4800 step=821025/3000000 reward=5.0 len=116 eps=0.195 avg_loss=0.0092 elapsed=32.2min
[iter_double_only_3m] ep=4810 step=823148/3000000 reward=5.0 len=162 eps=0.193 avg_loss=0.0107 elapsed=32.3min
[iter_double_only_3m] ep=4820 step=824963/3000000 reward=5.0 len=132 eps=0.192 avg_loss=0.0097 elapsed=32.4min
[iter_double_only_3m] ep=4830 step=826519/3000000 reward=2.0 len=58 eps=0.190 avg_loss=0.0105 elapsed=32.5min
[iter_double_only_3m] ep=4840 step=828169/3000000 reward=3.0 len=119 eps=0.188 avg_loss=0.0089 elapsed=32.6min
[iter_double_only_3m] ep=4850 step=830012/3000000 reward=9.0 len=198 eps=0.187 avg_loss=0.0099 elapsed=32.7min
[iter_double_only_3m] ep=4860 step=831904/3000000 reward=14.0 len=230 eps=0.185 avg_loss=0.0083 elapsed=32.7min
[iter_double_only_3m] ep=4870 step=833158/3000000 reward=9.0 len=194 eps=0.184 avg_loss=0.0109 elapsed=32.8min
[iter_double_only_3m] ep=4880 step=834773/3000000 reward=7.0 len=142 eps=0.182 avg_loss=0.0098 elapsed=32.9min
[iter_double_only_3m] ep=4890 step=836617/3000000 reward=3.0 len=80 eps=0.180 avg_loss=0.0086 elapsed=33.0min
[iter_double_only_3m] ep=4900 step=838458/3000000 reward=14.0 len=346 eps=0.178 avg_loss=0.0096 elapsed=33.0min
[iter_double_only_3m] ep=4910 step=840182/3000000 reward=14.0 len=251 eps=0.177 avg_loss=0.0091 elapsed=33.1min
[iter_double_only_3m] ep=4920 step=841733/3000000 reward=2.0 len=55 eps=0.175 avg_loss=0.0115 elapsed=33.2min
[iter_double_only_3m] ep=4930 step=843274/3000000 reward=3.0 len=111 eps=0.174 avg_loss=0.0087 elapsed=33.3min
[iter_double_only_3m] ep=4940 step=845349/3000000 reward=7.0 len=151 eps=0.172 avg_loss=0.0107 elapsed=33.4min
[iter_double_only_3m] ep=4950 step=847061/3000000 reward=6.0 len=133 eps=0.170 avg_loss=0.0114 elapsed=33.4min
[iter_double_only_3m] ep=4960 step=848999/3000000 reward=1.0 len=55 eps=0.168 avg_loss=0.0072 elapsed=33.5min
[iter_double_only_3m] ep=4970 step=850494/3000000 reward=2.0 len=95 eps=0.167 avg_loss=0.0085 elapsed=33.6min
[iter_double_only_3m] ep=4980 step=851606/3000000 reward=2.0 len=108 eps=0.165 avg_loss=0.0100 elapsed=33.6min
[iter_double_only_3m] ep=4990 step=853188/3000000 reward=13.0 len=329 eps=0.164 avg_loss=0.0114 elapsed=33.7min
[iter_double_only_3m] ep=5000 step=855056/3000000 reward=24.0 len=515 eps=0.162 avg_loss=0.0104 elapsed=33.8min
[iter_double_only_3m] ep=5010 step=856979/3000000 reward=2.0 len=57 eps=0.160 avg_loss=0.0113 elapsed=33.9min
[iter_double_only_3m] ep=5020 step=859004/3000000 reward=2.0 len=139 eps=0.158 avg_loss=0.0110 elapsed=34.0min
[iter_double_only_3m] ep=5030 step=860636/3000000 reward=7.0 len=146 eps=0.157 avg_loss=0.0103 elapsed=34.1min
[iter_double_only_3m] ep=5040 step=862818/3000000 reward=3.0 len=92 eps=0.154 avg_loss=0.0114 elapsed=34.2min
[iter_double_only_3m] ep=5050 step=864985/3000000 reward=4.0 len=220 eps=0.152 avg_loss=0.0110 elapsed=34.3min
[iter_double_only_3m] ep=5060 step=867106/3000000 reward=6.0 len=115 eps=0.150 avg_loss=0.0094 elapsed=34.4min
[iter_double_only_3m] ep=5070 step=869125/3000000 reward=6.0 len=170 eps=0.148 avg_loss=0.0089 elapsed=34.4min
[iter_double_only_3m] ep=5080 step=870918/3000000 reward=5.0 len=205 eps=0.147 avg_loss=0.0106 elapsed=34.5min
[iter_double_only_3m] ep=5090 step=872156/3000000 reward=0.0 len=94 eps=0.145 avg_loss=0.0090 elapsed=34.6min
[iter_double_only_3m] ep=5100 step=874013/3000000 reward=9.0 len=277 eps=0.143 avg_loss=0.0090 elapsed=34.7min
[iter_double_only_3m] ep=5110 step=875698/3000000 reward=4.0 len=106 eps=0.142 avg_loss=0.0102 elapsed=34.8min
[iter_double_only_3m] ep=5120 step=877620/3000000 reward=9.0 len=193 eps=0.140 avg_loss=0.0110 elapsed=34.8min
[iter_double_only_3m] ep=5130 step=879572/3000000 reward=2.0 len=71 eps=0.138 avg_loss=0.0083 elapsed=34.9min
[iter_double_only_3m] ep=5140 step=881752/3000000 reward=6.0 len=221 eps=0.136 avg_loss=0.0101 elapsed=35.0min
[iter_double_only_3m] ep=5150 step=884180/3000000 reward=6.0 len=154 eps=0.134 avg_loss=0.0091 elapsed=35.1min
[iter_double_only_3m] ep=5160 step=886422/3000000 reward=9.0 len=244 eps=0.131 avg_loss=0.0094 elapsed=35.2min
[iter_double_only_3m] ep=5170 step=887590/3000000 reward=3.0 len=122 eps=0.130 avg_loss=0.0110 elapsed=35.3min
[iter_double_only_3m] ep=5180 step=889381/3000000 reward=10.0 len=195 eps=0.128 avg_loss=0.0088 elapsed=35.4min
[iter_double_only_3m] ep=5190 step=891723/3000000 reward=2.0 len=132 eps=0.126 avg_loss=0.0088 elapsed=35.5min
[iter_double_only_3m] ep=5200 step=893252/3000000 reward=12.0 len=309 eps=0.125 avg_loss=0.0124 elapsed=35.6min
[iter_double_only_3m] ep=5210 step=894648/3000000 reward=8.0 len=176 eps=0.123 avg_loss=0.0096 elapsed=35.6min
[iter_double_only_3m] ep=5220 step=896829/3000000 reward=5.0 len=123 eps=0.121 avg_loss=0.0096 elapsed=35.7min
[iter_double_only_3m] ep=5230 step=898995/3000000 reward=5.0 len=138 eps=0.119 avg_loss=0.0130 elapsed=35.8min
[iter_double_only_3m] ep=5240 step=900457/3000000 reward=14.0 len=323 eps=0.118 avg_loss=0.0109 elapsed=35.9min
[iter_double_only_3m] ep=5250 step=902149/3000000 reward=2.0 len=92 eps=0.116 avg_loss=0.0084 elapsed=36.0min
[iter_double_only_3m] ep=5260 step=904399/3000000 reward=0.0 len=81 eps=0.114 avg_loss=0.0089 elapsed=36.1min
[iter_double_only_3m] ep=5270 step=906030/3000000 reward=8.0 len=152 eps=0.112 avg_loss=0.0095 elapsed=36.2min
[iter_double_only_3m] ep=5280 step=907831/3000000 reward=3.0 len=113 eps=0.110 avg_loss=0.0080 elapsed=36.2min
[iter_double_only_3m] ep=5290 step=910219/3000000 reward=12.0 len=188 eps=0.108 avg_loss=0.0097 elapsed=36.4min
[iter_double_only_3m] ep=5300 step=912362/3000000 reward=9.0 len=223 eps=0.106 avg_loss=0.0097 elapsed=36.5min
[iter_double_only_3m] ep=5310 step=914209/3000000 reward=8.0 len=271 eps=0.104 avg_loss=0.0081 elapsed=36.5min
[iter_double_only_3m] ep=5320 step=916342/3000000 reward=2.0 len=57 eps=0.102 avg_loss=0.0110 elapsed=36.6min
[iter_double_only_3m] ep=5330 step=918260/3000000 reward=1.0 len=183 eps=0.100 avg_loss=0.0089 elapsed=36.7min
[iter_double_only_3m] ep=5340 step=920272/3000000 reward=14.0 len=282 eps=0.098 avg_loss=0.0114 elapsed=36.8min
[iter_double_only_3m] ep=5350 step=921570/3000000 reward=6.0 len=153 eps=0.097 avg_loss=0.0101 elapsed=36.9min
[iter_double_only_3m] ep=5360 step=923359/3000000 reward=5.0 len=135 eps=0.095 avg_loss=0.0093 elapsed=37.0min
[iter_double_only_3m] ep=5370 step=924968/3000000 reward=11.0 len=217 eps=0.094 avg_loss=0.0101 elapsed=37.0min
[iter_double_only_3m] ep=5380 step=926871/3000000 reward=5.0 len=98 eps=0.092 avg_loss=0.0092 elapsed=37.1min
[iter_double_only_3m] ep=5390 step=929137/3000000 reward=2.0 len=62 eps=0.089 avg_loss=0.0115 elapsed=37.2min
[iter_double_only_3m] ep=5400 step=930472/3000000 reward=6.0 len=192 eps=0.088 avg_loss=0.0107 elapsed=37.3min
[iter_double_only_3m] ep=5410 step=932000/3000000 reward=6.0 len=113 eps=0.087 avg_loss=0.0105 elapsed=37.4min
[iter_double_only_3m] ep=5420 step=933641/3000000 reward=5.0 len=137 eps=0.085 avg_loss=0.0129 elapsed=37.4min
[iter_double_only_3m] ep=5430 step=935744/3000000 reward=5.0 len=127 eps=0.083 avg_loss=0.0078 elapsed=37.5min
[iter_double_only_3m] ep=5440 step=937498/3000000 reward=6.0 len=127 eps=0.081 avg_loss=0.0103 elapsed=37.6min
[iter_double_only_3m] ep=5450 step=939117/3000000 reward=9.0 len=202 eps=0.080 avg_loss=0.0106 elapsed=37.7min
[iter_double_only_3m] ep=5460 step=941008/3000000 reward=10.0 len=163 eps=0.078 avg_loss=0.0104 elapsed=37.8min
[iter_double_only_3m] ep=5470 step=942890/3000000 reward=12.0 len=188 eps=0.076 avg_loss=0.0090 elapsed=37.9min
[iter_double_only_3m] ep=5480 step=944869/3000000 reward=10.0 len=266 eps=0.074 avg_loss=0.0088 elapsed=38.0min
[iter_double_only_3m] ep=5490 step=946133/3000000 reward=3.0 len=125 eps=0.073 avg_loss=0.0105 elapsed=38.0min
[iter_double_only_3m] ep=5500 step=948228/3000000 reward=10.0 len=182 eps=0.071 avg_loss=0.0080 elapsed=38.1min
[iter_double_only_3m] ep=5510 step=949895/3000000 reward=2.0 len=98 eps=0.069 avg_loss=0.0109 elapsed=38.2min
[iter_double_only_3m] ep=5520 step=952104/3000000 reward=5.0 len=193 eps=0.067 avg_loss=0.0095 elapsed=38.3min
[iter_double_only_3m] ep=5530 step=953470/3000000 reward=8.0 len=147 eps=0.066 avg_loss=0.0077 elapsed=38.4min
[iter_double_only_3m] ep=5540 step=955541/3000000 reward=7.0 len=333 eps=0.064 avg_loss=0.0100 elapsed=38.5min
[iter_double_only_3m] ep=5550 step=957459/3000000 reward=7.0 len=169 eps=0.062 avg_loss=0.0091 elapsed=38.6min
[iter_double_only_3m] ep=5560 step=959113/3000000 reward=7.0 len=141 eps=0.060 avg_loss=0.0103 elapsed=38.6min
[iter_double_only_3m] ep=5570 step=961383/3000000 reward=0.0 len=71 eps=0.058 avg_loss=0.0103 elapsed=38.7min
[iter_double_only_3m] ep=5580 step=962889/3000000 reward=1.0 len=71 eps=0.056 avg_loss=0.0102 elapsed=38.8min
[iter_double_only_3m] ep=5590 step=964713/3000000 reward=9.0 len=155 eps=0.055 avg_loss=0.0100 elapsed=38.9min
[iter_double_only_3m] ep=5600 step=966553/3000000 reward=5.0 len=107 eps=0.053 avg_loss=0.0073 elapsed=39.0min
[iter_double_only_3m] ep=5610 step=968424/3000000 reward=5.0 len=246 eps=0.051 avg_loss=0.0086 elapsed=39.1min
[iter_double_only_3m] ep=5620 step=970208/3000000 reward=6.0 len=152 eps=0.049 avg_loss=0.0126 elapsed=39.2min
[iter_double_only_3m] ep=5630 step=972546/3000000 reward=1.0 len=72 eps=0.047 avg_loss=0.0110 elapsed=39.3min
[iter_double_only_3m] ep=5640 step=973926/3000000 reward=12.0 len=321 eps=0.046 avg_loss=0.0097 elapsed=39.3min
[iter_double_only_3m] ep=5650 step=976198/3000000 reward=6.0 len=138 eps=0.043 avg_loss=0.0096 elapsed=39.4min
[iter_double_only_3m] ep=5660 step=977917/3000000 reward=1.0 len=71 eps=0.042 avg_loss=0.0123 elapsed=39.5min
[iter_double_only_3m] ep=5670 step=979996/3000000 reward=1.0 len=195 eps=0.040 avg_loss=0.0113 elapsed=39.6min
[iter_double_only_3m] ep=5680 step=981557/3000000 reward=19.0 len=418 eps=0.038 avg_loss=0.0109 elapsed=39.7min
[iter_double_only_3m] ep=5690 step=983113/3000000 reward=9.0 len=261 eps=0.037 avg_loss=0.0080 elapsed=39.8min
[iter_double_only_3m] ep=5700 step=985161/3000000 reward=10.0 len=348 eps=0.035 avg_loss=0.0089 elapsed=39.9min
[iter_double_only_3m] ep=5710 step=987200/3000000 reward=6.0 len=145 eps=0.033 avg_loss=0.0111 elapsed=40.0min
[iter_double_only_3m] ep=5720 step=988430/3000000 reward=2.0 len=60 eps=0.031 avg_loss=0.0098 elapsed=40.0min
[iter_double_only_3m] ep=5730 step=990041/3000000 reward=1.0 len=86 eps=0.030 avg_loss=0.0104 elapsed=40.1min
[iter_double_only_3m] ep=5740 step=992265/3000000 reward=8.0 len=163 eps=0.028 avg_loss=0.0099 elapsed=40.2min
[iter_double_only_3m] ep=5750 step=993967/3000000 reward=1.0 len=73 eps=0.026 avg_loss=0.0115 elapsed=40.3min
[iter_double_only_3m] ep=5760 step=995470/3000000 reward=2.0 len=123 eps=0.024 avg_loss=0.0102 elapsed=40.4min
[iter_double_only_3m] ep=5770 step=997495/3000000 reward=3.0 len=68 eps=0.022 avg_loss=0.0082 elapsed=40.5min
[iter_double_only_3m] ep=5780 step=999658/3000000 reward=1.0 len=137 eps=0.020 avg_loss=0.0089 elapsed=40.6min
[iter_double_only_3m] ep=5790 step=1001741/3000000 reward=16.0 len=278 eps=0.020 avg_loss=0.0099 elapsed=40.7min
[iter_double_only_3m] ep=5800 step=1003516/3000000 reward=6.0 len=175 eps=0.020 avg_loss=0.0091 elapsed=40.7min
[iter_double_only_3m] ep=5810 step=1005363/3000000 reward=2.0 len=87 eps=0.020 avg_loss=0.0085 elapsed=40.8min
[iter_double_only_3m] ep=5820 step=1007594/3000000 reward=8.0 len=162 eps=0.020 avg_loss=0.0077 elapsed=40.9min
[iter_double_only_3m] ep=5830 step=1009586/3000000 reward=2.0 len=117 eps=0.020 avg_loss=0.0110 elapsed=41.0min
[iter_double_only_3m] ep=5840 step=1011305/3000000 reward=5.0 len=248 eps=0.020 avg_loss=0.0124 elapsed=41.1min
[iter_double_only_3m] ep=5850 step=1012821/3000000 reward=5.0 len=111 eps=0.020 avg_loss=0.0100 elapsed=41.2min
[iter_double_only_3m] ep=5860 step=1015143/3000000 reward=10.0 len=254 eps=0.020 avg_loss=0.0090 elapsed=41.3min
[iter_double_only_3m] ep=5870 step=1017026/3000000 reward=5.0 len=298 eps=0.020 avg_loss=0.0112 elapsed=41.4min
[iter_double_only_3m] ep=5880 step=1018775/3000000 reward=8.0 len=148 eps=0.020 avg_loss=0.0096 elapsed=41.5min
[iter_double_only_3m] ep=5890 step=1020714/3000000 reward=1.0 len=68 eps=0.020 avg_loss=0.0093 elapsed=41.5min
[iter_double_only_3m] ep=5900 step=1022425/3000000 reward=4.0 len=254 eps=0.020 avg_loss=0.0097 elapsed=41.6min
[iter_double_only_3m] ep=5910 step=1023790/3000000 reward=7.0 len=153 eps=0.020 avg_loss=0.0087 elapsed=41.7min
[iter_double_only_3m] ep=5920 step=1025556/3000000 reward=9.0 len=214 eps=0.020 avg_loss=0.0095 elapsed=41.8min
[iter_double_only_3m] ep=5930 step=1027383/3000000 reward=0.0 len=67 eps=0.020 avg_loss=0.0100 elapsed=41.9min
[iter_double_only_3m] ep=5940 step=1029090/3000000 reward=16.0 len=280 eps=0.020 avg_loss=0.0093 elapsed=41.9min
[iter_double_only_3m] ep=5950 step=1030805/3000000 reward=19.0 len=432 eps=0.020 avg_loss=0.0094 elapsed=42.0min
[iter_double_only_3m] ep=5960 step=1032409/3000000 reward=3.0 len=115 eps=0.020 avg_loss=0.0088 elapsed=42.1min
[iter_double_only_3m] ep=5970 step=1033999/3000000 reward=9.0 len=156 eps=0.020 avg_loss=0.0116 elapsed=42.2min
[iter_double_only_3m] ep=5980 step=1035841/3000000 reward=2.0 len=98 eps=0.020 avg_loss=0.0110 elapsed=42.3min
[iter_double_only_3m] ep=5990 step=1037205/3000000 reward=1.0 len=116 eps=0.020 avg_loss=0.0081 elapsed=42.3min
[iter_double_only_3m] ep=6000 step=1038624/3000000 reward=14.0 len=341 eps=0.020 avg_loss=0.0095 elapsed=42.4min
[iter_double_only_3m] ep=6010 step=1039940/3000000 reward=2.0 len=62 eps=0.020 avg_loss=0.0080 elapsed=42.5min
[iter_double_only_3m] ep=6020 step=1041786/3000000 reward=7.0 len=209 eps=0.020 avg_loss=0.0085 elapsed=42.6min
[iter_double_only_3m] ep=6030 step=1043348/3000000 reward=9.0 len=153 eps=0.020 avg_loss=0.0083 elapsed=42.6min
[iter_double_only_3m] ep=6040 step=1044930/3000000 reward=13.0 len=301 eps=0.020 avg_loss=0.0101 elapsed=42.7min
[iter_double_only_3m] ep=6050 step=1046451/3000000 reward=8.0 len=160 eps=0.020 avg_loss=0.0084 elapsed=42.8min
[iter_double_only_3m] ep=6060 step=1048491/3000000 reward=6.0 len=150 eps=0.020 avg_loss=0.0084 elapsed=42.9min
[iter_double_only_3m] ep=6070 step=1050729/3000000 reward=12.0 len=281 eps=0.020 avg_loss=0.0102 elapsed=43.0min
[iter_double_only_3m] ep=6080 step=1052442/3000000 reward=5.0 len=149 eps=0.020 avg_loss=0.0093 elapsed=43.1min
[iter_double_only_3m] ep=6090 step=1054497/3000000 reward=7.0 len=240 eps=0.020 avg_loss=0.0109 elapsed=43.2min
[iter_double_only_3m] ep=6100 step=1056571/3000000 reward=2.0 len=82 eps=0.020 avg_loss=0.0087 elapsed=43.3min
[iter_double_only_3m] ep=6110 step=1058132/3000000 reward=3.0 len=136 eps=0.020 avg_loss=0.0103 elapsed=43.3min
[iter_double_only_3m] ep=6120 step=1060258/3000000 reward=4.0 len=178 eps=0.020 avg_loss=0.0088 elapsed=43.4min
[iter_double_only_3m] ep=6130 step=1061950/3000000 reward=9.0 len=164 eps=0.020 avg_loss=0.0116 elapsed=43.5min
[iter_double_only_3m] ep=6140 step=1064358/3000000 reward=2.0 len=51 eps=0.020 avg_loss=0.0102 elapsed=43.6min
[iter_double_only_3m] ep=6150 step=1065807/3000000 reward=0.0 len=68 eps=0.020 avg_loss=0.0087 elapsed=43.7min
[iter_double_only_3m] ep=6160 step=1067713/3000000 reward=10.0 len=184 eps=0.020 avg_loss=0.0080 elapsed=43.8min
[iter_double_only_3m] ep=6170 step=1069199/3000000 reward=7.0 len=180 eps=0.020 avg_loss=0.0082 elapsed=43.8min
[iter_double_only_3m] ep=6180 step=1070435/3000000 reward=6.0 len=162 eps=0.020 avg_loss=0.0084 elapsed=43.9min
[iter_double_only_3m] ep=6190 step=1072076/3000000 reward=9.0 len=172 eps=0.020 avg_loss=0.0095 elapsed=44.0min
[iter_double_only_3m] ep=6200 step=1074249/3000000 reward=6.0 len=148 eps=0.020 avg_loss=0.0093 elapsed=44.1min
[iter_double_only_3m] ep=6210 step=1075968/3000000 reward=6.0 len=166 eps=0.020 avg_loss=0.0093 elapsed=44.2min
[iter_double_only_3m] ep=6220 step=1078257/3000000 reward=8.0 len=161 eps=0.020 avg_loss=0.0085 elapsed=44.3min
[iter_double_only_3m] ep=6230 step=1080133/3000000 reward=2.0 len=65 eps=0.020 avg_loss=0.0098 elapsed=44.4min
[iter_double_only_3m] ep=6240 step=1081853/3000000 reward=1.0 len=60 eps=0.020 avg_loss=0.0102 elapsed=44.4min
[iter_double_only_3m] ep=6250 step=1083236/3000000 reward=8.0 len=141 eps=0.020 avg_loss=0.0088 elapsed=44.5min
[iter_double_only_3m] ep=6260 step=1084952/3000000 reward=17.0 len=321 eps=0.020 avg_loss=0.0079 elapsed=44.6min
[iter_double_only_3m] ep=6270 step=1087058/3000000 reward=4.0 len=113 eps=0.020 avg_loss=0.0111 elapsed=44.7min
[iter_double_only_3m] ep=6280 step=1089403/3000000 reward=8.0 len=147 eps=0.020 avg_loss=0.0081 elapsed=44.8min
[iter_double_only_3m] ep=6290 step=1091656/3000000 reward=5.0 len=91 eps=0.020 avg_loss=0.0087 elapsed=44.9min
[iter_double_only_3m] ep=6300 step=1093189/3000000 reward=7.0 len=141 eps=0.020 avg_loss=0.0095 elapsed=45.0min
[iter_double_only_3m] ep=6310 step=1095987/3000000 reward=10.0 len=166 eps=0.020 avg_loss=0.0093 elapsed=45.1min
[iter_double_only_3m] ep=6320 step=1097895/3000000 reward=3.0 len=69 eps=0.020 avg_loss=0.0113 elapsed=45.2min
[iter_double_only_3m] ep=6330 step=1100175/3000000 reward=2.0 len=53 eps=0.020 avg_loss=0.0079 elapsed=45.3min
[iter_double_only_3m] ep=6340 step=1102070/3000000 reward=10.0 len=157 eps=0.020 avg_loss=0.0108 elapsed=45.4min
[iter_double_only_3m] ep=6350 step=1103905/3000000 reward=2.0 len=64 eps=0.020 avg_loss=0.0068 elapsed=45.5min
[iter_double_only_3m] ep=6360 step=1106190/3000000 reward=10.0 len=211 eps=0.020 avg_loss=0.0096 elapsed=45.6min
[iter_double_only_3m] ep=6370 step=1108253/3000000 reward=7.0 len=161 eps=0.020 avg_loss=0.0068 elapsed=45.7min
[iter_double_only_3m] ep=6380 step=1110463/3000000 reward=4.0 len=134 eps=0.020 avg_loss=0.0097 elapsed=45.8min
[iter_double_only_3m] ep=6390 step=1112860/3000000 reward=11.0 len=188 eps=0.020 avg_loss=0.0095 elapsed=45.9min
[iter_double_only_3m] ep=6400 step=1115042/3000000 reward=9.0 len=150 eps=0.020 avg_loss=0.0086 elapsed=46.0min
[iter_double_only_3m] ep=6410 step=1117540/3000000 reward=17.0 len=563 eps=0.020 avg_loss=0.0089 elapsed=46.1min
[iter_double_only_3m] ep=6420 step=1119494/3000000 reward=10.0 len=185 eps=0.020 avg_loss=0.0074 elapsed=46.2min
[iter_double_only_3m] ep=6430 step=1121288/3000000 reward=6.0 len=129 eps=0.020 avg_loss=0.0087 elapsed=46.3min
[iter_double_only_3m] ep=6440 step=1123449/3000000 reward=4.0 len=135 eps=0.020 avg_loss=0.0087 elapsed=46.4min
[iter_double_only_3m] ep=6450 step=1125287/3000000 reward=15.0 len=291 eps=0.020 avg_loss=0.0091 elapsed=46.5min
[iter_double_only_3m] ep=6460 step=1127880/3000000 reward=9.0 len=277 eps=0.020 avg_loss=0.0095 elapsed=46.6min
[iter_double_only_3m] ep=6470 step=1129757/3000000 reward=11.0 len=180 eps=0.020 avg_loss=0.0083 elapsed=46.7min
[iter_double_only_3m] ep=6480 step=1131871/3000000 reward=6.0 len=180 eps=0.020 avg_loss=0.0085 elapsed=46.8min
[iter_double_only_3m] ep=6490 step=1133669/3000000 reward=1.0 len=90 eps=0.020 avg_loss=0.0082 elapsed=46.9min
[iter_double_only_3m] ep=6500 step=1135508/3000000 reward=10.0 len=190 eps=0.020 avg_loss=0.0095 elapsed=47.0min
[iter_double_only_3m] ep=6510 step=1137746/3000000 reward=8.0 len=170 eps=0.020 avg_loss=0.0089 elapsed=47.1min
[iter_double_only_3m] ep=6520 step=1140087/3000000 reward=18.0 len=339 eps=0.020 avg_loss=0.0087 elapsed=47.2min
[iter_double_only_3m] ep=6530 step=1142173/3000000 reward=9.0 len=281 eps=0.020 avg_loss=0.0095 elapsed=47.3min
[iter_double_only_3m] ep=6540 step=1144375/3000000 reward=18.0 len=331 eps=0.020 avg_loss=0.0098 elapsed=47.4min
[iter_double_only_3m] ep=6550 step=1146129/3000000 reward=1.0 len=63 eps=0.020 avg_loss=0.0078 elapsed=47.5min
[iter_double_only_3m] ep=6560 step=1147954/3000000 reward=1.0 len=94 eps=0.020 avg_loss=0.0076 elapsed=47.6min
[iter_double_only_3m] ep=6570 step=1150436/3000000 reward=2.0 len=99 eps=0.020 avg_loss=0.0098 elapsed=47.7min
[iter_double_only_3m] ep=6580 step=1153212/3000000 reward=17.0 len=324 eps=0.020 avg_loss=0.0094 elapsed=47.8min
[iter_double_only_3m] ep=6590 step=1155135/3000000 reward=3.0 len=99 eps=0.020 avg_loss=0.0077 elapsed=47.9min
[iter_double_only_3m] ep=6600 step=1157050/3000000 reward=2.0 len=131 eps=0.020 avg_loss=0.0095 elapsed=48.0min
[iter_double_only_3m] ep=6610 step=1159001/3000000 reward=2.0 len=100 eps=0.020 avg_loss=0.0114 elapsed=48.1min
[iter_double_only_3m] ep=6620 step=1160825/3000000 reward=1.0 len=60 eps=0.020 avg_loss=0.0091 elapsed=48.2min
[iter_double_only_3m] ep=6630 step=1162510/3000000 reward=12.0 len=181 eps=0.020 avg_loss=0.0086 elapsed=48.2min
[iter_double_only_3m] ep=6640 step=1164556/3000000 reward=2.0 len=84 eps=0.020 avg_loss=0.0096 elapsed=48.3min
[iter_double_only_3m] ep=6650 step=1166590/3000000 reward=1.0 len=79 eps=0.020 avg_loss=0.0065 elapsed=48.4min
[iter_double_only_3m] ep=6660 step=1168233/3000000 reward=8.0 len=146 eps=0.020 avg_loss=0.0082 elapsed=48.5min
[iter_double_only_3m] ep=6670 step=1170639/3000000 reward=2.0 len=112 eps=0.020 avg_loss=0.0104 elapsed=48.6min
[iter_double_only_3m] ep=6680 step=1172042/3000000 reward=1.0 len=99 eps=0.020 avg_loss=0.0088 elapsed=48.7min
[iter_double_only_3m] ep=6690 step=1173651/3000000 reward=3.0 len=68 eps=0.020 avg_loss=0.0075 elapsed=48.8min
[iter_double_only_3m] ep=6700 step=1176153/3000000 reward=16.0 len=284 eps=0.020 avg_loss=0.0110 elapsed=48.9min
[iter_double_only_3m] ep=6710 step=1178224/3000000 reward=4.0 len=155 eps=0.020 avg_loss=0.0110 elapsed=49.0min
[iter_double_only_3m] ep=6720 step=1180341/3000000 reward=23.0 len=398 eps=0.020 avg_loss=0.0092 elapsed=49.1min
[iter_double_only_3m] ep=6730 step=1182296/3000000 reward=1.0 len=104 eps=0.020 avg_loss=0.0089 elapsed=49.2min
[iter_double_only_3m] ep=6740 step=1185052/3000000 reward=8.0 len=198 eps=0.020 avg_loss=0.0078 elapsed=49.3min
[iter_double_only_3m] ep=6750 step=1186980/3000000 reward=8.0 len=295 eps=0.020 avg_loss=0.0092 elapsed=49.4min
[iter_double_only_3m] ep=6760 step=1189394/3000000 reward=16.0 len=290 eps=0.020 avg_loss=0.0082 elapsed=49.5min
[iter_double_only_3m] ep=6770 step=1191416/3000000 reward=3.0 len=104 eps=0.020 avg_loss=0.0104 elapsed=49.6min
[iter_double_only_3m] ep=6780 step=1193262/3000000 reward=10.0 len=184 eps=0.020 avg_loss=0.0097 elapsed=49.7min
[iter_double_only_3m] ep=6790 step=1194921/3000000 reward=5.0 len=88 eps=0.020 avg_loss=0.0084 elapsed=49.8min
[iter_double_only_3m] ep=6800 step=1197703/3000000 reward=2.0 len=66 eps=0.020 avg_loss=0.0065 elapsed=49.9min
[iter_double_only_3m] ep=6810 step=1200680/3000000 reward=19.0 len=499 eps=0.020 avg_loss=0.0094 elapsed=50.0min
[iter_double_only_3m] ep=6820 step=1202335/3000000 reward=10.0 len=186 eps=0.020 avg_loss=0.0094 elapsed=50.1min
[iter_double_only_3m] ep=6830 step=1204130/3000000 reward=5.0 len=112 eps=0.020 avg_loss=0.0090 elapsed=50.2min
[iter_double_only_3m] ep=6840 step=1206110/3000000 reward=12.0 len=184 eps=0.020 avg_loss=0.0076 elapsed=50.3min
[iter_double_only_3m] ep=6850 step=1208303/3000000 reward=1.0 len=59 eps=0.020 avg_loss=0.0089 elapsed=50.4min
[iter_double_only_3m] ep=6860 step=1210036/3000000 reward=6.0 len=182 eps=0.020 avg_loss=0.0080 elapsed=50.5min
[iter_double_only_3m] ep=6870 step=1212162/3000000 reward=12.0 len=195 eps=0.020 avg_loss=0.0113 elapsed=50.6min
[iter_double_only_3m] ep=6880 step=1214139/3000000 reward=6.0 len=165 eps=0.020 avg_loss=0.0106 elapsed=50.7min
[iter_double_only_3m] ep=6890 step=1216703/3000000 reward=9.0 len=300 eps=0.020 avg_loss=0.0097 elapsed=50.8min
[iter_double_only_3m] ep=6900 step=1218775/3000000 reward=5.0 len=112 eps=0.020 avg_loss=0.0105 elapsed=50.9min
[iter_double_only_3m] ep=6910 step=1220280/3000000 reward=8.0 len=209 eps=0.020 avg_loss=0.0099 elapsed=51.0min
[iter_double_only_3m] ep=6920 step=1222029/3000000 reward=9.0 len=176 eps=0.020 avg_loss=0.0098 elapsed=51.1min
[iter_double_only_3m] ep=6930 step=1224161/3000000 reward=0.0 len=84 eps=0.020 avg_loss=0.0094 elapsed=51.2min
[iter_double_only_3m] ep=6940 step=1225748/3000000 reward=11.0 len=344 eps=0.020 avg_loss=0.0095 elapsed=51.2min
[iter_double_only_3m] ep=6950 step=1227750/3000000 reward=21.0 len=511 eps=0.020 avg_loss=0.0103 elapsed=51.3min
[iter_double_only_3m] ep=6960 step=1229941/3000000 reward=5.0 len=149 eps=0.020 avg_loss=0.0096 elapsed=51.4min
[iter_double_only_3m] ep=6970 step=1232583/3000000 reward=29.0 len=643 eps=0.020 avg_loss=0.0090 elapsed=51.5min
[iter_double_only_3m] ep=6980 step=1234276/3000000 reward=20.0 len=413 eps=0.020 avg_loss=0.0090 elapsed=51.6min
[iter_double_only_3m] ep=6990 step=1235669/3000000 reward=2.0 len=92 eps=0.020 avg_loss=0.0105 elapsed=51.7min
[iter_double_only_3m] ep=7000 step=1237744/3000000 reward=17.0 len=318 eps=0.020 avg_loss=0.0090 elapsed=51.8min
[iter_double_only_3m] ep=7010 step=1240245/3000000 reward=2.0 len=128 eps=0.020 avg_loss=0.0072 elapsed=51.9min
[iter_double_only_3m] ep=7020 step=1242423/3000000 reward=13.0 len=381 eps=0.020 avg_loss=0.0087 elapsed=52.0min
[iter_double_only_3m] ep=7030 step=1244635/3000000 reward=5.0 len=202 eps=0.020 avg_loss=0.0085 elapsed=52.1min
[iter_double_only_3m] ep=7040 step=1247589/3000000 reward=20.0 len=469 eps=0.020 avg_loss=0.0080 elapsed=52.3min
[iter_double_only_3m] ep=7050 step=1249405/3000000 reward=4.0 len=127 eps=0.020 avg_loss=0.0078 elapsed=52.3min
[iter_double_only_3m] ep=7060 step=1251282/3000000 reward=3.0 len=169 eps=0.020 avg_loss=0.0098 elapsed=52.4min
[iter_double_only_3m] ep=7070 step=1253745/3000000 reward=12.0 len=175 eps=0.020 avg_loss=0.0114 elapsed=52.5min
[iter_double_only_3m] ep=7080 step=1255783/3000000 reward=6.0 len=176 eps=0.020 avg_loss=0.0116 elapsed=52.6min
[iter_double_only_3m] ep=7090 step=1257921/3000000 reward=16.0 len=441 eps=0.020 avg_loss=0.0099 elapsed=52.7min
[iter_double_only_3m] ep=7100 step=1260371/3000000 reward=18.0 len=371 eps=0.020 avg_loss=0.0092 elapsed=52.9min
[iter_double_only_3m] ep=7110 step=1262559/3000000 reward=19.0 len=305 eps=0.020 avg_loss=0.0097 elapsed=53.0min
[iter_double_only_3m] ep=7120 step=1264721/3000000 reward=16.0 len=398 eps=0.020 avg_loss=0.0099 elapsed=53.1min
[iter_double_only_3m] ep=7130 step=1266798/3000000 reward=12.0 len=198 eps=0.020 avg_loss=0.0087 elapsed=53.2min
[iter_double_only_3m] ep=7140 step=1268689/3000000 reward=18.0 len=427 eps=0.020 avg_loss=0.0096 elapsed=53.3min
[iter_double_only_3m] ep=7150 step=1270783/3000000 reward=0.0 len=63 eps=0.020 avg_loss=0.0086 elapsed=53.3min
[iter_double_only_3m] ep=7160 step=1273346/3000000 reward=13.0 len=182 eps=0.020 avg_loss=0.0105 elapsed=53.5min
[iter_double_only_3m] ep=7170 step=1275788/3000000 reward=0.0 len=59 eps=0.020 avg_loss=0.0089 elapsed=53.6min
[iter_double_only_3m] ep=7180 step=1277572/3000000 reward=14.0 len=328 eps=0.020 avg_loss=0.0088 elapsed=53.7min
[iter_double_only_3m] ep=7190 step=1279493/3000000 reward=14.0 len=241 eps=0.020 avg_loss=0.0091 elapsed=53.8min
[iter_double_only_3m] ep=7200 step=1281293/3000000 reward=5.0 len=128 eps=0.020 avg_loss=0.0090 elapsed=53.8min
[iter_double_only_3m] ep=7210 step=1283675/3000000 reward=1.0 len=80 eps=0.020 avg_loss=0.0103 elapsed=54.0min
[iter_double_only_3m] ep=7220 step=1285613/3000000 reward=16.0 len=306 eps=0.020 avg_loss=0.0092 elapsed=54.0min
[iter_double_only_3m] ep=7230 step=1287984/3000000 reward=16.0 len=454 eps=0.020 avg_loss=0.0092 elapsed=54.2min
[iter_double_only_3m] ep=7240 step=1289562/3000000 reward=10.0 len=181 eps=0.020 avg_loss=0.0090 elapsed=54.2min
[iter_double_only_3m] ep=7250 step=1291703/3000000 reward=7.0 len=144 eps=0.020 avg_loss=0.0109 elapsed=54.3min
[iter_double_only_3m] ep=7260 step=1293837/3000000 reward=12.0 len=326 eps=0.020 avg_loss=0.0089 elapsed=54.4min
[iter_double_only_3m] ep=7270 step=1296034/3000000 reward=10.0 len=194 eps=0.020 avg_loss=0.0092 elapsed=54.5min
[iter_double_only_3m] ep=7280 step=1297279/3000000 reward=5.0 len=91 eps=0.020 avg_loss=0.0089 elapsed=54.6min
[iter_double_only_3m] ep=7290 step=1298797/3000000 reward=4.0 len=98 eps=0.020 avg_loss=0.0083 elapsed=54.7min
[iter_double_only_3m] ep=7300 step=1300957/3000000 reward=20.0 len=334 eps=0.020 avg_loss=0.0100 elapsed=54.8min
[iter_double_only_3m] ep=7310 step=1302941/3000000 reward=4.0 len=159 eps=0.020 avg_loss=0.0089 elapsed=54.9min
[iter_double_only_3m] ep=7320 step=1304799/3000000 reward=12.0 len=177 eps=0.020 avg_loss=0.0079 elapsed=55.0min
[iter_double_only_3m] ep=7330 step=1307139/3000000 reward=2.0 len=49 eps=0.020 avg_loss=0.0081 elapsed=55.1min
[iter_double_only_3m] ep=7340 step=1308688/3000000 reward=0.0 len=86 eps=0.020 avg_loss=0.0083 elapsed=55.1min
[iter_double_only_3m] ep=7350 step=1310390/3000000 reward=17.0 len=277 eps=0.020 avg_loss=0.0095 elapsed=55.2min
[iter_double_only_3m] ep=7360 step=1312521/3000000 reward=9.0 len=230 eps=0.020 avg_loss=0.0091 elapsed=55.3min
[iter_double_only_3m] ep=7370 step=1314442/3000000 reward=4.0 len=180 eps=0.020 avg_loss=0.0108 elapsed=55.4min
[iter_double_only_3m] ep=7380 step=1316288/3000000 reward=9.0 len=142 eps=0.020 avg_loss=0.0081 elapsed=55.5min
[iter_double_only_3m] ep=7390 step=1318067/3000000 reward=17.0 len=361 eps=0.020 avg_loss=0.0095 elapsed=55.6min
[iter_double_only_3m] ep=7400 step=1319890/3000000 reward=3.0 len=109 eps=0.020 avg_loss=0.0093 elapsed=55.7min
[iter_double_only_3m] ep=7410 step=1321702/3000000 reward=17.0 len=363 eps=0.020 avg_loss=0.0088 elapsed=55.8min
[iter_double_only_3m] ep=7420 step=1323385/3000000 reward=2.0 len=56 eps=0.020 avg_loss=0.0089 elapsed=55.8min
[iter_double_only_3m] ep=7430 step=1325229/3000000 reward=4.0 len=153 eps=0.020 avg_loss=0.0092 elapsed=55.9min
[iter_double_only_3m] ep=7440 step=1327686/3000000 reward=23.0 len=554 eps=0.020 avg_loss=0.0086 elapsed=56.0min
[iter_double_only_3m] ep=7450 step=1329278/3000000 reward=5.0 len=102 eps=0.020 avg_loss=0.0090 elapsed=56.1min
[iter_double_only_3m] ep=7460 step=1331592/3000000 reward=0.0 len=90 eps=0.020 avg_loss=0.0105 elapsed=56.2min
[iter_double_only_3m] ep=7470 step=1333726/3000000 reward=25.0 len=516 eps=0.020 avg_loss=0.0099 elapsed=56.3min
[iter_double_only_3m] ep=7480 step=1336403/3000000 reward=7.0 len=177 eps=0.020 avg_loss=0.0091 elapsed=56.4min
[iter_double_only_3m] ep=7490 step=1338036/3000000 reward=8.0 len=153 eps=0.020 avg_loss=0.0101 elapsed=56.5min
[iter_double_only_3m] ep=7500 step=1340430/3000000 reward=7.0 len=133 eps=0.020 avg_loss=0.0095 elapsed=56.6min
[iter_double_only_3m] ep=7510 step=1342607/3000000 reward=12.0 len=284 eps=0.020 avg_loss=0.0098 elapsed=56.7min
[iter_double_only_3m] ep=7520 step=1344573/3000000 reward=8.0 len=232 eps=0.020 avg_loss=0.0092 elapsed=56.8min
[iter_double_only_3m] ep=7530 step=1346353/3000000 reward=10.0 len=153 eps=0.020 avg_loss=0.0097 elapsed=56.9min
[iter_double_only_3m] ep=7540 step=1348659/3000000 reward=4.0 len=106 eps=0.020 avg_loss=0.0086 elapsed=57.0min
[iter_double_only_3m] ep=7550 step=1350780/3000000 reward=3.0 len=118 eps=0.020 avg_loss=0.0100 elapsed=57.1min
[iter_double_only_3m] ep=7560 step=1353284/3000000 reward=14.0 len=300 eps=0.020 avg_loss=0.0096 elapsed=57.2min
[iter_double_only_3m] ep=7570 step=1355266/3000000 reward=9.0 len=174 eps=0.020 avg_loss=0.0090 elapsed=57.3min
[iter_double_only_3m] ep=7580 step=1357444/3000000 reward=2.0 len=105 eps=0.020 avg_loss=0.0082 elapsed=57.4min
[iter_double_only_3m] ep=7590 step=1358979/3000000 reward=8.0 len=190 eps=0.020 avg_loss=0.0093 elapsed=57.5min
[iter_double_only_3m] ep=7600 step=1361678/3000000 reward=21.0 len=618 eps=0.020 avg_loss=0.0095 elapsed=57.6min
[iter_double_only_3m] ep=7610 step=1363672/3000000 reward=2.0 len=115 eps=0.020 avg_loss=0.0089 elapsed=57.7min
[iter_double_only_3m] ep=7620 step=1366178/3000000 reward=8.0 len=164 eps=0.020 avg_loss=0.0090 elapsed=57.8min
[iter_double_only_3m] ep=7630 step=1368006/3000000 reward=1.0 len=56 eps=0.020 avg_loss=0.0088 elapsed=57.9min
[iter_double_only_3m] ep=7640 step=1369836/3000000 reward=4.0 len=128 eps=0.020 avg_loss=0.0086 elapsed=58.0min
[iter_double_only_3m] ep=7650 step=1372449/3000000 reward=17.0 len=405 eps=0.020 avg_loss=0.0099 elapsed=58.1min
[iter_double_only_3m] ep=7660 step=1374530/3000000 reward=2.0 len=107 eps=0.020 avg_loss=0.0091 elapsed=58.2min
[iter_double_only_3m] ep=7670 step=1376385/3000000 reward=12.0 len=267 eps=0.020 avg_loss=0.0105 elapsed=58.3min
[iter_double_only_3m] ep=7680 step=1377547/3000000 reward=6.0 len=119 eps=0.020 avg_loss=0.0092 elapsed=58.4min
[iter_double_only_3m] ep=7690 step=1380312/3000000 reward=19.0 len=344 eps=0.020 avg_loss=0.0101 elapsed=58.5min
[iter_double_only_3m] ep=7700 step=1382217/3000000 reward=3.0 len=70 eps=0.020 avg_loss=0.0081 elapsed=58.6min
[iter_double_only_3m] ep=7710 step=1384147/3000000 reward=4.0 len=217 eps=0.020 avg_loss=0.0096 elapsed=58.7min
[iter_double_only_3m] ep=7720 step=1386595/3000000 reward=7.0 len=128 eps=0.020 avg_loss=0.0094 elapsed=58.8min
[iter_double_only_3m] ep=7730 step=1388153/3000000 reward=13.0 len=297 eps=0.020 avg_loss=0.0095 elapsed=58.9min
[iter_double_only_3m] ep=7740 step=1390331/3000000 reward=14.0 len=287 eps=0.020 avg_loss=0.0094 elapsed=59.0min
[iter_double_only_3m] ep=7750 step=1392498/3000000 reward=17.0 len=413 eps=0.020 avg_loss=0.0095 elapsed=59.1min
[iter_double_only_3m] ep=7760 step=1394231/3000000 reward=9.0 len=155 eps=0.020 avg_loss=0.0104 elapsed=59.2min
[iter_double_only_3m] ep=7770 step=1396908/3000000 reward=1.0 len=55 eps=0.020 avg_loss=0.0074 elapsed=59.3min
[iter_double_only_3m] ep=7780 step=1398441/3000000 reward=1.0 len=86 eps=0.020 avg_loss=0.0082 elapsed=59.4min
[iter_double_only_3m] ep=7790 step=1401051/3000000 reward=12.0 len=277 eps=0.020 avg_loss=0.0076 elapsed=59.5min
[iter_double_only_3m] ep=7800 step=1403256/3000000 reward=3.0 len=244 eps=0.020 avg_loss=0.0097 elapsed=59.6min
[iter_double_only_3m] ep=7810 step=1406307/3000000 reward=32.0 len=729 eps=0.020 avg_loss=0.0094 elapsed=59.7min
[iter_double_only_3m] ep=7820 step=1408042/3000000 reward=9.0 len=180 eps=0.020 avg_loss=0.0092 elapsed=59.8min
[iter_double_only_3m] ep=7830 step=1410172/3000000 reward=2.0 len=82 eps=0.020 avg_loss=0.0111 elapsed=59.9min
[iter_double_only_3m] ep=7840 step=1412501/3000000 reward=10.0 len=196 eps=0.020 avg_loss=0.0104 elapsed=60.0min
[iter_double_only_3m] ep=7850 step=1414020/3000000 reward=2.0 len=94 eps=0.020 avg_loss=0.0111 elapsed=60.1min
[iter_double_only_3m] ep=7860 step=1416145/3000000 reward=3.0 len=203 eps=0.020 avg_loss=0.0092 elapsed=60.2min
[iter_double_only_3m] ep=7870 step=1418311/3000000 reward=8.0 len=152 eps=0.020 avg_loss=0.0134 elapsed=60.3min
[iter_double_only_3m] ep=7880 step=1420303/3000000 reward=1.0 len=89 eps=0.020 avg_loss=0.0118 elapsed=60.4min
[iter_double_only_3m] ep=7890 step=1422569/3000000 reward=14.0 len=289 eps=0.020 avg_loss=0.0125 elapsed=60.5min
[iter_double_only_3m] ep=7900 step=1424984/3000000 reward=8.0 len=115 eps=0.020 avg_loss=0.0095 elapsed=60.6min
[iter_double_only_3m] ep=7910 step=1426443/3000000 reward=0.0 len=68 eps=0.020 avg_loss=0.0074 elapsed=60.7min
[iter_double_only_3m] ep=7920 step=1428321/3000000 reward=8.0 len=143 eps=0.020 avg_loss=0.0144 elapsed=60.8min
[iter_double_only_3m] ep=7930 step=1429629/3000000 reward=5.0 len=105 eps=0.020 avg_loss=0.0084 elapsed=60.8min
[iter_double_only_3m] ep=7940 step=1431498/3000000 reward=1.0 len=103 eps=0.020 avg_loss=0.0085 elapsed=60.9min
[iter_double_only_3m] ep=7950 step=1434027/3000000 reward=2.0 len=59 eps=0.020 avg_loss=0.0085 elapsed=61.0min
[iter_double_only_3m] ep=7960 step=1435921/3000000 reward=16.0 len=518 eps=0.020 avg_loss=0.0097 elapsed=61.1min
[iter_double_only_3m] ep=7970 step=1438242/3000000 reward=16.0 len=278 eps=0.020 avg_loss=0.0095 elapsed=61.2min
[iter_double_only_3m] ep=7980 step=1440356/3000000 reward=4.0 len=93 eps=0.020 avg_loss=0.0097 elapsed=61.3min
[iter_double_only_3m] ep=7990 step=1442715/3000000 reward=3.0 len=75 eps=0.020 avg_loss=0.0124 elapsed=61.5min
[iter_double_only_3m] ep=8000 step=1444668/3000000 reward=9.0 len=178 eps=0.020 avg_loss=0.0084 elapsed=61.5min
[iter_double_only_3m] ep=8010 step=1446877/3000000 reward=10.0 len=188 eps=0.020 avg_loss=0.0098 elapsed=61.6min
[iter_double_only_3m] ep=8020 step=1449371/3000000 reward=3.0 len=257 eps=0.020 avg_loss=0.0108 elapsed=61.8min
[iter_double_only_3m] ep=8030 step=1452121/3000000 reward=10.0 len=214 eps=0.020 avg_loss=0.0115 elapsed=61.9min
[iter_double_only_3m] ep=8040 step=1454002/3000000 reward=12.0 len=284 eps=0.020 avg_loss=0.0100 elapsed=62.0min
[iter_double_only_3m] ep=8050 step=1456114/3000000 reward=11.0 len=189 eps=0.020 avg_loss=0.0118 elapsed=62.1min
[iter_double_only_3m] ep=8060 step=1457856/3000000 reward=11.0 len=194 eps=0.020 avg_loss=0.0122 elapsed=62.2min
[iter_double_only_3m] ep=8070 step=1459542/3000000 reward=4.0 len=103 eps=0.020 avg_loss=0.0119 elapsed=62.2min
[iter_double_only_3m] ep=8080 step=1461136/3000000 reward=7.0 len=127 eps=0.020 avg_loss=0.0092 elapsed=62.3min
[iter_double_only_3m] ep=8090 step=1462780/3000000 reward=8.0 len=166 eps=0.020 avg_loss=0.0133 elapsed=62.4min
[iter_double_only_3m] ep=8100 step=1464930/3000000 reward=6.0 len=332 eps=0.020 avg_loss=0.0106 elapsed=62.5min
[iter_double_only_3m] ep=8110 step=1467018/3000000 reward=7.0 len=122 eps=0.020 avg_loss=0.0120 elapsed=62.6min
[iter_double_only_3m] ep=8120 step=1469419/3000000 reward=2.0 len=65 eps=0.020 avg_loss=0.0143 elapsed=62.7min
[iter_double_only_3m] ep=8130 step=1471268/3000000 reward=5.0 len=203 eps=0.020 avg_loss=0.0105 elapsed=62.8min
[iter_double_only_3m] ep=8140 step=1472752/3000000 reward=3.0 len=89 eps=0.020 avg_loss=0.0130 elapsed=62.9min
[iter_double_only_3m] ep=8150 step=1474969/3000000 reward=6.0 len=100 eps=0.020 avg_loss=0.0073 elapsed=63.0min
[iter_double_only_3m] ep=8160 step=1476891/3000000 reward=20.0 len=316 eps=0.020 avg_loss=0.0094 elapsed=63.1min
[iter_double_only_3m] ep=8170 step=1479085/3000000 reward=0.0 len=75 eps=0.020 avg_loss=0.0069 elapsed=63.2min
[iter_double_only_3m] ep=8180 step=1480307/3000000 reward=8.0 len=207 eps=0.020 avg_loss=0.0088 elapsed=63.2min
[iter_double_only_3m] ep=8190 step=1482307/3000000 reward=18.0 len=280 eps=0.020 avg_loss=0.0105 elapsed=63.3min
[iter_double_only_3m] ep=8200 step=1484484/3000000 reward=14.0 len=246 eps=0.020 avg_loss=0.0083 elapsed=63.4min
[iter_double_only_3m] ep=8210 step=1486680/3000000 reward=5.0 len=285 eps=0.020 avg_loss=0.0125 elapsed=63.5min
[iter_double_only_3m] ep=8220 step=1488944/3000000 reward=14.0 len=350 eps=0.020 avg_loss=0.0090 elapsed=63.6min
[iter_double_only_3m] ep=8230 step=1490771/3000000 reward=1.0 len=81 eps=0.020 avg_loss=0.0127 elapsed=63.7min
[iter_double_only_3m] ep=8240 step=1492835/3000000 reward=12.0 len=189 eps=0.020 avg_loss=0.0094 elapsed=63.8min
[iter_double_only_3m] ep=8250 step=1494654/3000000 reward=10.0 len=204 eps=0.020 avg_loss=0.0081 elapsed=63.9min
[iter_double_only_3m] ep=8260 step=1496614/3000000 reward=1.0 len=79 eps=0.020 avg_loss=0.0071 elapsed=64.0min
[iter_double_only_3m] ep=8270 step=1498902/3000000 reward=1.0 len=85 eps=0.020 avg_loss=0.0129 elapsed=64.1min
[iter_double_only_3m] ep=8280 step=1500970/3000000 reward=0.0 len=57 eps=0.020 avg_loss=0.0104 elapsed=64.2min
[iter_double_only_3m] ep=8290 step=1503605/3000000 reward=21.0 len=729 eps=0.020 avg_loss=0.0107 elapsed=64.3min
[iter_double_only_3m] ep=8300 step=1505873/3000000 reward=8.0 len=187 eps=0.020 avg_loss=0.0104 elapsed=64.4min
[iter_double_only_3m] ep=8310 step=1508081/3000000 reward=18.0 len=526 eps=0.020 avg_loss=0.0114 elapsed=64.5min
[iter_double_only_3m] ep=8320 step=1510071/3000000 reward=10.0 len=155 eps=0.020 avg_loss=0.0110 elapsed=64.6min
[iter_double_only_3m] ep=8330 step=1511807/3000000 reward=3.0 len=71 eps=0.020 avg_loss=0.0074 elapsed=64.7min
[iter_double_only_3m] ep=8340 step=1513781/3000000 reward=2.0 len=99 eps=0.020 avg_loss=0.0100 elapsed=64.8min
[iter_double_only_3m] ep=8350 step=1515628/3000000 reward=7.0 len=197 eps=0.020 avg_loss=0.0107 elapsed=64.9min
[iter_double_only_3m] ep=8360 step=1517530/3000000 reward=1.0 len=58 eps=0.020 avg_loss=0.0071 elapsed=65.0min
[iter_double_only_3m] ep=8370 step=1519592/3000000 reward=1.0 len=67 eps=0.020 avg_loss=0.0073 elapsed=65.1min
[iter_double_only_3m] ep=8380 step=1522637/3000000 reward=22.0 len=398 eps=0.020 avg_loss=0.0110 elapsed=65.2min
[iter_double_only_3m] ep=8390 step=1524496/3000000 reward=1.0 len=76 eps=0.020 avg_loss=0.0078 elapsed=65.3min
[iter_double_only_3m] ep=8400 step=1526617/3000000 reward=9.0 len=202 eps=0.020 avg_loss=0.0094 elapsed=65.4min
[iter_double_only_3m] ep=8410 step=1529103/3000000 reward=17.0 len=289 eps=0.020 avg_loss=0.0111 elapsed=65.5min
[iter_double_only_3m] ep=8420 step=1531395/3000000 reward=5.0 len=117 eps=0.020 avg_loss=0.0104 elapsed=65.6min
[iter_double_only_3m] ep=8430 step=1533054/3000000 reward=11.0 len=208 eps=0.020 avg_loss=0.0102 elapsed=65.7min
[iter_double_only_3m] ep=8440 step=1535227/3000000 reward=8.0 len=181 eps=0.020 avg_loss=0.0110 elapsed=65.8min
[iter_double_only_3m] ep=8450 step=1536466/3000000 reward=7.0 len=136 eps=0.020 avg_loss=0.0107 elapsed=65.9min
[iter_double_only_3m] ep=8460 step=1537948/3000000 reward=9.0 len=169 eps=0.020 avg_loss=0.0107 elapsed=65.9min
[iter_double_only_3m] ep=8470 step=1540285/3000000 reward=4.0 len=109 eps=0.020 avg_loss=0.0089 elapsed=66.1min
[iter_double_only_3m] ep=8480 step=1542403/3000000 reward=3.0 len=106 eps=0.020 avg_loss=0.0087 elapsed=66.1min
[iter_double_only_3m] ep=8490 step=1544035/3000000 reward=16.0 len=245 eps=0.020 avg_loss=0.0105 elapsed=66.2min
[iter_double_only_3m] ep=8500 step=1545311/3000000 reward=8.0 len=150 eps=0.020 avg_loss=0.0102 elapsed=66.3min
[iter_double_only_3m] ep=8510 step=1546884/3000000 reward=2.0 len=106 eps=0.020 avg_loss=0.0070 elapsed=66.4min
[iter_double_only_3m] ep=8520 step=1549066/3000000 reward=22.0 len=413 eps=0.020 avg_loss=0.0111 elapsed=66.5min
[iter_double_only_3m] ep=8530 step=1551634/3000000 reward=0.0 len=68 eps=0.020 avg_loss=0.0121 elapsed=66.6min
[iter_double_only_3m] ep=8540 step=1553230/3000000 reward=2.0 len=64 eps=0.020 avg_loss=0.0127 elapsed=66.7min
[iter_double_only_3m] ep=8550 step=1556093/3000000 reward=14.0 len=349 eps=0.020 avg_loss=0.0112 elapsed=66.8min
[iter_double_only_3m] ep=8560 step=1558811/3000000 reward=10.0 len=250 eps=0.020 avg_loss=0.0096 elapsed=66.9min
[iter_double_only_3m] ep=8570 step=1561604/3000000 reward=26.0 len=454 eps=0.020 avg_loss=0.0098 elapsed=67.1min
[iter_double_only_3m] ep=8580 step=1563611/3000000 reward=5.0 len=94 eps=0.020 avg_loss=0.0138 elapsed=67.1min
[iter_double_only_3m] ep=8590 step=1565358/3000000 reward=0.0 len=65 eps=0.020 avg_loss=0.0069 elapsed=67.2min
[iter_double_only_3m] ep=8600 step=1567450/3000000 reward=12.0 len=203 eps=0.020 avg_loss=0.0107 elapsed=67.3min
[iter_double_only_3m] ep=8610 step=1569352/3000000 reward=6.0 len=168 eps=0.020 avg_loss=0.0129 elapsed=67.4min
[iter_double_only_3m] ep=8620 step=1571279/3000000 reward=6.0 len=167 eps=0.020 avg_loss=0.0117 elapsed=67.5min
[iter_double_only_3m] ep=8630 step=1573755/3000000 reward=5.0 len=93 eps=0.020 avg_loss=0.0145 elapsed=67.6min
[iter_double_only_3m] ep=8640 step=1575655/3000000 reward=1.0 len=80 eps=0.020 avg_loss=0.0140 elapsed=67.7min
[iter_double_only_3m] ep=8650 step=1578035/3000000 reward=10.0 len=151 eps=0.020 avg_loss=0.0108 elapsed=67.8min
[iter_double_only_3m] ep=8660 step=1580173/3000000 reward=10.0 len=234 eps=0.020 avg_loss=0.0094 elapsed=67.9min
[iter_double_only_3m] ep=8670 step=1582509/3000000 reward=11.0 len=175 eps=0.020 avg_loss=0.0096 elapsed=68.0min
[iter_double_only_3m] ep=8680 step=1584850/3000000 reward=8.0 len=170 eps=0.020 avg_loss=0.0103 elapsed=68.1min
[iter_double_only_3m] ep=8690 step=1586951/3000000 reward=7.0 len=277 eps=0.020 avg_loss=0.0118 elapsed=68.2min
[iter_double_only_3m] ep=8700 step=1589221/3000000 reward=12.0 len=173 eps=0.020 avg_loss=0.0094 elapsed=68.4min
[iter_double_only_3m] ep=8710 step=1590810/3000000 reward=4.0 len=90 eps=0.020 avg_loss=0.0092 elapsed=68.4min
[iter_double_only_3m] ep=8720 step=1592741/3000000 reward=7.0 len=223 eps=0.020 avg_loss=0.0101 elapsed=68.5min
[iter_double_only_3m] ep=8730 step=1595036/3000000 reward=23.0 len=426 eps=0.020 avg_loss=0.0097 elapsed=68.6min
[iter_double_only_3m] ep=8740 step=1597679/3000000 reward=0.0 len=50 eps=0.020 avg_loss=0.0074 elapsed=68.8min
[iter_double_only_3m] ep=8750 step=1599867/3000000 reward=7.0 len=242 eps=0.020 avg_loss=0.0089 elapsed=68.9min
[iter_double_only_3m] ep=8760 step=1602392/3000000 reward=32.0 len=806 eps=0.020 avg_loss=0.0107 elapsed=69.0min
[iter_double_only_3m] ep=8770 step=1604295/3000000 reward=2.0 len=63 eps=0.020 avg_loss=0.0102 elapsed=69.1min
[iter_double_only_3m] ep=8780 step=1606278/3000000 reward=1.0 len=81 eps=0.020 avg_loss=0.0134 elapsed=69.2min
[iter_double_only_3m] ep=8790 step=1608289/3000000 reward=24.0 len=402 eps=0.020 avg_loss=0.0111 elapsed=69.3min
[iter_double_only_3m] ep=8800 step=1610446/3000000 reward=5.0 len=215 eps=0.020 avg_loss=0.0112 elapsed=69.4min
[iter_double_only_3m] ep=8810 step=1612605/3000000 reward=4.0 len=161 eps=0.020 avg_loss=0.0131 elapsed=69.5min
[iter_double_only_3m] ep=8820 step=1615004/3000000 reward=10.0 len=147 eps=0.020 avg_loss=0.0101 elapsed=69.6min
[iter_double_only_3m] ep=8830 step=1617685/3000000 reward=5.0 len=212 eps=0.020 avg_loss=0.0127 elapsed=69.7min
[iter_double_only_3m] ep=8840 step=1619541/3000000 reward=2.0 len=64 eps=0.020 avg_loss=0.0128 elapsed=69.8min
[iter_double_only_3m] ep=8850 step=1621881/3000000 reward=13.0 len=185 eps=0.020 avg_loss=0.0098 elapsed=69.9min
[iter_double_only_3m] ep=8860 step=1624120/3000000 reward=5.0 len=162 eps=0.020 avg_loss=0.0157 elapsed=70.0min
[iter_double_only_3m] ep=8870 step=1626532/3000000 reward=22.0 len=309 eps=0.020 avg_loss=0.0117 elapsed=70.1min
[iter_double_only_3m] ep=8880 step=1628470/3000000 reward=3.0 len=109 eps=0.020 avg_loss=0.0094 elapsed=70.2min
[iter_double_only_3m] ep=8890 step=1630389/3000000 reward=6.0 len=215 eps=0.020 avg_loss=0.0113 elapsed=70.3min
[iter_double_only_3m] ep=8900 step=1632411/3000000 reward=7.0 len=128 eps=0.020 avg_loss=0.0093 elapsed=70.4min
[iter_double_only_3m] ep=8910 step=1634675/3000000 reward=5.0 len=163 eps=0.020 avg_loss=0.0128 elapsed=70.5min
[iter_double_only_3m] ep=8920 step=1636612/3000000 reward=0.0 len=58 eps=0.020 avg_loss=0.0104 elapsed=70.6min
[iter_double_only_3m] ep=8930 step=1638696/3000000 reward=17.0 len=310 eps=0.020 avg_loss=0.0109 elapsed=70.7min
[iter_double_only_3m] ep=8940 step=1640507/3000000 reward=9.0 len=173 eps=0.020 avg_loss=0.0101 elapsed=70.8min
[iter_double_only_3m] ep=8950 step=1642460/3000000 reward=9.0 len=211 eps=0.020 avg_loss=0.0127 elapsed=70.9min
[iter_double_only_3m] ep=8960 step=1644374/3000000 reward=19.0 len=473 eps=0.020 avg_loss=0.0101 elapsed=71.0min
[iter_double_only_3m] ep=8970 step=1646571/3000000 reward=5.0 len=125 eps=0.020 avg_loss=0.0121 elapsed=71.1min
[iter_double_only_3m] ep=8980 step=1649072/3000000 reward=4.0 len=332 eps=0.020 avg_loss=0.0091 elapsed=71.2min
[iter_double_only_3m] ep=8990 step=1651666/3000000 reward=3.0 len=119 eps=0.020 avg_loss=0.0142 elapsed=71.3min
[iter_double_only_3m] ep=9000 step=1654323/3000000 reward=27.0 len=476 eps=0.020 avg_loss=0.0133 elapsed=71.4min
[iter_double_only_3m] ep=9010 step=1656154/3000000 reward=3.0 len=91 eps=0.020 avg_loss=0.0091 elapsed=71.5min
[iter_double_only_3m] ep=9020 step=1658820/3000000 reward=3.0 len=92 eps=0.020 avg_loss=0.0136 elapsed=71.7min
[iter_double_only_3m] ep=9030 step=1660652/3000000 reward=2.0 len=105 eps=0.020 avg_loss=0.0102 elapsed=71.7min
[iter_double_only_3m] ep=9040 step=1662625/3000000 reward=10.0 len=153 eps=0.020 avg_loss=0.0139 elapsed=71.8min
[iter_double_only_3m] ep=9050 step=1664899/3000000 reward=9.0 len=201 eps=0.020 avg_loss=0.0116 elapsed=71.9min
[iter_double_only_3m] ep=9060 step=1666944/3000000 reward=1.0 len=98 eps=0.020 avg_loss=0.0105 elapsed=72.0min
[iter_double_only_3m] ep=9070 step=1668829/3000000 reward=3.0 len=130 eps=0.020 avg_loss=0.0103 elapsed=72.1min
[iter_double_only_3m] ep=9080 step=1670744/3000000 reward=17.0 len=342 eps=0.020 avg_loss=0.0108 elapsed=72.2min
[iter_double_only_3m] ep=9090 step=1672644/3000000 reward=9.0 len=200 eps=0.020 avg_loss=0.0126 elapsed=72.3min
[iter_double_only_3m] ep=9100 step=1674160/3000000 reward=9.0 len=150 eps=0.020 avg_loss=0.0113 elapsed=72.4min
[iter_double_only_3m] ep=9110 step=1676068/3000000 reward=2.0 len=143 eps=0.020 avg_loss=0.0135 elapsed=72.5min
[iter_double_only_3m] ep=9120 step=1678349/3000000 reward=5.0 len=103 eps=0.020 avg_loss=0.0085 elapsed=72.6min
[iter_double_only_3m] ep=9130 step=1680109/3000000 reward=12.0 len=177 eps=0.020 avg_loss=0.0151 elapsed=72.7min
[iter_double_only_3m] ep=9140 step=1682071/3000000 reward=7.0 len=146 eps=0.020 avg_loss=0.0145 elapsed=72.8min
[iter_double_only_3m] ep=9150 step=1684129/3000000 reward=4.0 len=141 eps=0.020 avg_loss=0.0111 elapsed=72.9min
[iter_double_only_3m] ep=9160 step=1685872/3000000 reward=24.0 len=358 eps=0.020 avg_loss=0.0114 elapsed=72.9min
[iter_double_only_3m] ep=9170 step=1688051/3000000 reward=15.0 len=263 eps=0.020 avg_loss=0.0128 elapsed=73.0min
[iter_double_only_3m] ep=9180 step=1690262/3000000 reward=3.0 len=75 eps=0.020 avg_loss=0.0100 elapsed=73.1min
[iter_double_only_3m] ep=9190 step=1692128/3000000 reward=16.0 len=355 eps=0.020 avg_loss=0.0122 elapsed=73.2min
[iter_double_only_3m] ep=9200 step=1694352/3000000 reward=6.0 len=137 eps=0.020 avg_loss=0.0141 elapsed=73.3min
[iter_double_only_3m] ep=9210 step=1696708/3000000 reward=8.0 len=185 eps=0.020 avg_loss=0.0103 elapsed=73.4min
[iter_double_only_3m] ep=9220 step=1699009/3000000 reward=0.0 len=82 eps=0.020 avg_loss=0.0143 elapsed=73.6min
[iter_double_only_3m] ep=9230 step=1700838/3000000 reward=11.0 len=147 eps=0.020 avg_loss=0.0113 elapsed=73.6min
[iter_double_only_3m] ep=9240 step=1702823/3000000 reward=15.0 len=285 eps=0.020 avg_loss=0.0123 elapsed=73.7min
[iter_double_only_3m] ep=9250 step=1704969/3000000 reward=17.0 len=537 eps=0.020 avg_loss=0.0130 elapsed=73.8min
[iter_double_only_3m] ep=9260 step=1706596/3000000 reward=8.0 len=178 eps=0.020 avg_loss=0.0098 elapsed=73.9min
[iter_double_only_3m] ep=9270 step=1708192/3000000 reward=6.0 len=103 eps=0.020 avg_loss=0.0088 elapsed=74.0min
[iter_double_only_3m] ep=9280 step=1710442/3000000 reward=2.0 len=85 eps=0.020 avg_loss=0.0079 elapsed=74.1min
[iter_double_only_3m] ep=9290 step=1712634/3000000 reward=14.0 len=215 eps=0.020 avg_loss=0.0112 elapsed=74.2min
[iter_double_only_3m] ep=9300 step=1714483/3000000 reward=12.0 len=461 eps=0.020 avg_loss=0.0121 elapsed=74.3min
[iter_double_only_3m] ep=9310 step=1716165/3000000 reward=0.0 len=67 eps=0.020 avg_loss=0.0125 elapsed=74.4min
[iter_double_only_3m] ep=9320 step=1718022/3000000 reward=13.0 len=196 eps=0.020 avg_loss=0.0099 elapsed=74.5min
[iter_double_only_3m] ep=9330 step=1720352/3000000 reward=4.0 len=158 eps=0.020 avg_loss=0.0118 elapsed=74.6min
[iter_double_only_3m] ep=9340 step=1722862/3000000 reward=33.0 len=610 eps=0.020 avg_loss=0.0101 elapsed=74.7min
[iter_double_only_3m] ep=9350 step=1724533/3000000 reward=3.0 len=66 eps=0.020 avg_loss=0.0078 elapsed=74.8min
[iter_double_only_3m] ep=9360 step=1727233/3000000 reward=2.0 len=272 eps=0.020 avg_loss=0.0106 elapsed=74.9min
[iter_double_only_3m] ep=9370 step=1728816/3000000 reward=6.0 len=127 eps=0.020 avg_loss=0.0110 elapsed=75.0min
[iter_double_only_3m] ep=9380 step=1730628/3000000 reward=3.0 len=70 eps=0.020 avg_loss=0.0099 elapsed=75.0min
[iter_double_only_3m] ep=9390 step=1732328/3000000 reward=7.0 len=142 eps=0.020 avg_loss=0.0121 elapsed=75.1min
[iter_double_only_3m] ep=9400 step=1734284/3000000 reward=13.0 len=180 eps=0.020 avg_loss=0.0095 elapsed=75.2min
[iter_double_only_3m] ep=9410 step=1737196/3000000 reward=6.0 len=390 eps=0.020 avg_loss=0.0093 elapsed=75.4min
[iter_double_only_3m] ep=9420 step=1738860/3000000 reward=9.0 len=173 eps=0.020 avg_loss=0.0157 elapsed=75.4min
[iter_double_only_3m] ep=9430 step=1740512/3000000 reward=2.0 len=64 eps=0.020 avg_loss=0.0138 elapsed=75.5min
[iter_double_only_3m] ep=9440 step=1742525/3000000 reward=0.0 len=77 eps=0.020 avg_loss=0.0146 elapsed=75.6min
[iter_double_only_3m] ep=9450 step=1745127/3000000 reward=11.0 len=151 eps=0.020 avg_loss=0.0148 elapsed=75.7min
[iter_double_only_3m] ep=9460 step=1747303/3000000 reward=2.0 len=65 eps=0.020 avg_loss=0.0129 elapsed=75.8min
[iter_double_only_3m] ep=9470 step=1749713/3000000 reward=1.0 len=43 eps=0.020 avg_loss=0.0066 elapsed=75.9min
[iter_double_only_3m] ep=9480 step=1751955/3000000 reward=14.0 len=210 eps=0.020 avg_loss=0.0090 elapsed=76.0min
[iter_double_only_3m] ep=9490 step=1754401/3000000 reward=9.0 len=162 eps=0.020 avg_loss=0.0111 elapsed=76.2min
[iter_double_only_3m] ep=9500 step=1756269/3000000 reward=1.0 len=79 eps=0.020 avg_loss=0.0072 elapsed=76.2min
[iter_double_only_3m] ep=9510 step=1757985/3000000 reward=10.0 len=147 eps=0.020 avg_loss=0.0105 elapsed=76.3min
[iter_double_only_3m] ep=9520 step=1760545/3000000 reward=6.0 len=143 eps=0.020 avg_loss=0.0128 elapsed=76.4min
[iter_double_only_3m] ep=9530 step=1763171/3000000 reward=6.0 len=470 eps=0.020 avg_loss=0.0111 elapsed=76.6min
[iter_double_only_3m] ep=9540 step=1765235/3000000 reward=15.0 len=202 eps=0.020 avg_loss=0.0106 elapsed=76.7min
[iter_double_only_3m] ep=9550 step=1767266/3000000 reward=8.0 len=145 eps=0.020 avg_loss=0.0097 elapsed=76.8min
[iter_double_only_3m] ep=9560 step=1769162/3000000 reward=5.0 len=147 eps=0.020 avg_loss=0.0116 elapsed=76.8min
[iter_double_only_3m] ep=9570 step=1771110/3000000 reward=23.0 len=314 eps=0.020 avg_loss=0.0129 elapsed=76.9min
[iter_double_only_3m] ep=9580 step=1773794/3000000 reward=4.0 len=165 eps=0.020 avg_loss=0.0112 elapsed=77.1min
[iter_double_only_3m] ep=9590 step=1776030/3000000 reward=1.0 len=171 eps=0.020 avg_loss=0.0123 elapsed=77.2min
[iter_double_only_3m] ep=9600 step=1778414/3000000 reward=2.0 len=60 eps=0.020 avg_loss=0.0146 elapsed=77.3min
[iter_double_only_3m] ep=9610 step=1780803/3000000 reward=0.0 len=197 eps=0.020 avg_loss=0.0123 elapsed=77.4min
[iter_double_only_3m] ep=9620 step=1782797/3000000 reward=13.0 len=185 eps=0.020 avg_loss=0.0124 elapsed=77.5min
[iter_double_only_3m] ep=9630 step=1784755/3000000 reward=12.0 len=247 eps=0.020 avg_loss=0.0109 elapsed=77.6min
[iter_double_only_3m] ep=9640 step=1786835/3000000 reward=3.0 len=159 eps=0.020 avg_loss=0.0131 elapsed=77.7min
[iter_double_only_3m] ep=9650 step=1789247/3000000 reward=16.0 len=386 eps=0.020 avg_loss=0.0123 elapsed=77.8min
[iter_double_only_3m] ep=9660 step=1791188/3000000 reward=5.0 len=108 eps=0.020 avg_loss=0.0116 elapsed=77.9min
[iter_double_only_3m] ep=9670 step=1793703/3000000 reward=5.0 len=97 eps=0.020 avg_loss=0.0102 elapsed=78.0min
[iter_double_only_3m] ep=9680 step=1795542/3000000 reward=14.0 len=179 eps=0.020 avg_loss=0.0141 elapsed=78.1min
[iter_double_only_3m] ep=9690 step=1798090/3000000 reward=8.0 len=214 eps=0.020 avg_loss=0.0115 elapsed=78.2min
[iter_double_only_3m] ep=9700 step=1800503/3000000 reward=2.0 len=71 eps=0.020 avg_loss=0.0136 elapsed=78.3min
[iter_double_only_3m] ep=9710 step=1803470/3000000 reward=6.0 len=162 eps=0.020 avg_loss=0.0079 elapsed=78.5min
[iter_double_only_3m] ep=9720 step=1806195/3000000 reward=14.0 len=323 eps=0.020 avg_loss=0.0154 elapsed=78.6min
[iter_double_only_3m] ep=9730 step=1808400/3000000 reward=13.0 len=355 eps=0.020 avg_loss=0.0099 elapsed=78.7min
[iter_double_only_3m] ep=9740 step=1810471/3000000 reward=13.0 len=169 eps=0.020 avg_loss=0.0123 elapsed=78.8min
[iter_double_only_3m] ep=9750 step=1812630/3000000 reward=5.0 len=85 eps=0.020 avg_loss=0.0091 elapsed=78.9min
[iter_double_only_3m] ep=9760 step=1814711/3000000 reward=5.0 len=216 eps=0.020 avg_loss=0.0125 elapsed=79.0min
[iter_double_only_3m] ep=9770 step=1816798/3000000 reward=20.0 len=333 eps=0.020 avg_loss=0.0122 elapsed=79.1min
[iter_double_only_3m] ep=9780 step=1818998/3000000 reward=3.0 len=162 eps=0.020 avg_loss=0.0116 elapsed=79.2min
[iter_double_only_3m] ep=9790 step=1821137/3000000 reward=4.0 len=108 eps=0.020 avg_loss=0.0094 elapsed=79.3min
[iter_double_only_3m] ep=9800 step=1823974/3000000 reward=32.0 len=618 eps=0.020 avg_loss=0.0120 elapsed=79.4min
[iter_double_only_3m] ep=9810 step=1826466/3000000 reward=9.0 len=174 eps=0.020 avg_loss=0.0139 elapsed=79.5min
[iter_double_only_3m] ep=9820 step=1828918/3000000 reward=10.0 len=199 eps=0.020 avg_loss=0.0083 elapsed=79.7min
[iter_double_only_3m] ep=9830 step=1831321/3000000 reward=6.0 len=149 eps=0.020 avg_loss=0.0101 elapsed=79.8min
[iter_double_only_3m] ep=9840 step=1833399/3000000 reward=4.0 len=152 eps=0.020 avg_loss=0.0122 elapsed=79.9min
[iter_double_only_3m] ep=9850 step=1835655/3000000 reward=29.0 len=440 eps=0.020 avg_loss=0.0123 elapsed=80.0min
[iter_double_only_3m] ep=9860 step=1838217/3000000 reward=10.0 len=152 eps=0.020 avg_loss=0.0100 elapsed=80.1min
[iter_double_only_3m] ep=9870 step=1840833/3000000 reward=11.0 len=231 eps=0.020 avg_loss=0.0111 elapsed=80.2min
[iter_double_only_3m] ep=9880 step=1842319/3000000 reward=9.0 len=209 eps=0.020 avg_loss=0.0107 elapsed=80.3min
[iter_double_only_3m] ep=9890 step=1844614/3000000 reward=10.0 len=149 eps=0.020 avg_loss=0.0123 elapsed=80.4min
[iter_double_only_3m] ep=9900 step=1846939/3000000 reward=16.0 len=308 eps=0.020 avg_loss=0.0104 elapsed=80.5min
[iter_double_only_3m] ep=9910 step=1848917/3000000 reward=3.0 len=98 eps=0.020 avg_loss=0.0090 elapsed=80.6min
[iter_double_only_3m] ep=9920 step=1851745/3000000 reward=21.0 len=415 eps=0.020 avg_loss=0.0114 elapsed=80.7min
[iter_double_only_3m] ep=9930 step=1854186/3000000 reward=6.0 len=543 eps=0.020 avg_loss=0.0149 elapsed=80.8min
[iter_double_only_3m] ep=9940 step=1855739/3000000 reward=0.0 len=140 eps=0.020 avg_loss=0.0094 elapsed=80.9min
[iter_double_only_3m] ep=9950 step=1857787/3000000 reward=22.0 len=342 eps=0.020 avg_loss=0.0144 elapsed=81.0min
[iter_double_only_3m] ep=9960 step=1860048/3000000 reward=13.0 len=274 eps=0.020 avg_loss=0.0109 elapsed=81.1min
[iter_double_only_3m] ep=9970 step=1861864/3000000 reward=4.0 len=100 eps=0.020 avg_loss=0.0169 elapsed=81.2min
[iter_double_only_3m] ep=9980 step=1864507/3000000 reward=2.0 len=130 eps=0.020 avg_loss=0.0106 elapsed=81.3min
[iter_double_only_3m] ep=9990 step=1867696/3000000 reward=30.0 len=573 eps=0.020 avg_loss=0.0107 elapsed=81.5min
[iter_double_only_3m] ep=10000 step=1869463/3000000 reward=9.0 len=205 eps=0.020 avg_loss=0.0148 elapsed=81.6min
[iter_double_only_3m] ep=10010 step=1871294/3000000 reward=1.0 len=84 eps=0.020 avg_loss=0.0168 elapsed=81.6min
[iter_double_only_3m] ep=10020 step=1874047/3000000 reward=30.0 len=518 eps=0.020 avg_loss=0.0115 elapsed=81.8min
[iter_double_only_3m] ep=10030 step=1876418/3000000 reward=3.0 len=104 eps=0.020 avg_loss=0.0189 elapsed=81.9min
[iter_double_only_3m] ep=10040 step=1878228/3000000 reward=1.0 len=78 eps=0.020 avg_loss=0.0087 elapsed=82.0min
[iter_double_only_3m] ep=10050 step=1879889/3000000 reward=12.0 len=172 eps=0.020 avg_loss=0.0089 elapsed=82.0min
[iter_double_only_3m] ep=10060 step=1881692/3000000 reward=13.0 len=376 eps=0.020 avg_loss=0.0123 elapsed=82.1min
[iter_double_only_3m] ep=10070 step=1884206/3000000 reward=25.0 len=364 eps=0.020 avg_loss=0.0093 elapsed=82.2min
[iter_double_only_3m] ep=10080 step=1886051/3000000 reward=5.0 len=140 eps=0.020 avg_loss=0.0096 elapsed=82.3min
[iter_double_only_3m] ep=10090 step=1888330/3000000 reward=2.0 len=121 eps=0.020 avg_loss=0.0107 elapsed=82.4min
[iter_double_only_3m] ep=10100 step=1890510/3000000 reward=11.0 len=150 eps=0.020 avg_loss=0.0171 elapsed=82.5min
[iter_double_only_3m] ep=10110 step=1892719/3000000 reward=4.0 len=391 eps=0.020 avg_loss=0.0103 elapsed=82.6min
[iter_double_only_3m] ep=10120 step=1894824/3000000 reward=2.0 len=75 eps=0.020 avg_loss=0.0101 elapsed=82.7min
[iter_double_only_3m] ep=10130 step=1897503/3000000 reward=11.0 len=153 eps=0.020 avg_loss=0.0130 elapsed=82.9min
[iter_double_only_3m] ep=10140 step=1899473/3000000 reward=12.0 len=222 eps=0.020 avg_loss=0.0085 elapsed=83.0min
[iter_double_only_3m] ep=10150 step=1902066/3000000 reward=0.0 len=73 eps=0.020 avg_loss=0.0124 elapsed=83.1min
[iter_double_only_3m] ep=10160 step=1904152/3000000 reward=17.0 len=383 eps=0.020 avg_loss=0.0108 elapsed=83.2min
[iter_double_only_3m] ep=10170 step=1906208/3000000 reward=2.0 len=76 eps=0.020 avg_loss=0.0093 elapsed=83.3min
[iter_double_only_3m] ep=10180 step=1908390/3000000 reward=5.0 len=133 eps=0.020 avg_loss=0.0091 elapsed=83.4min
[iter_double_only_3m] ep=10190 step=1910422/3000000 reward=21.0 len=281 eps=0.020 avg_loss=0.0118 elapsed=83.5min
[iter_double_only_3m] ep=10200 step=1912463/3000000 reward=7.0 len=226 eps=0.020 avg_loss=0.0083 elapsed=83.6min
[iter_double_only_3m] ep=10210 step=1914816/3000000 reward=1.0 len=76 eps=0.020 avg_loss=0.0107 elapsed=83.7min
[iter_double_only_3m] ep=10220 step=1916654/3000000 reward=22.0 len=376 eps=0.020 avg_loss=0.0090 elapsed=83.8min
[iter_double_only_3m] ep=10230 step=1918406/3000000 reward=3.0 len=188 eps=0.020 avg_loss=0.0124 elapsed=83.8min
[iter_double_only_3m] ep=10240 step=1920498/3000000 reward=12.0 len=189 eps=0.020 avg_loss=0.0108 elapsed=83.9min
[iter_double_only_3m] ep=10250 step=1922906/3000000 reward=8.0 len=234 eps=0.020 avg_loss=0.0111 elapsed=84.1min
[iter_double_only_3m] ep=10260 step=1924729/3000000 reward=11.0 len=304 eps=0.020 avg_loss=0.0090 elapsed=84.1min
[iter_double_only_3m] ep=10270 step=1926756/3000000 reward=8.0 len=136 eps=0.020 avg_loss=0.0097 elapsed=84.2min
[iter_double_only_3m] ep=10280 step=1928500/3000000 reward=7.0 len=110 eps=0.020 avg_loss=0.0115 elapsed=84.3min
[iter_double_only_3m] ep=10290 step=1930571/3000000 reward=0.0 len=74 eps=0.020 avg_loss=0.0094 elapsed=84.4min
[iter_double_only_3m] ep=10300 step=1932858/3000000 reward=25.0 len=441 eps=0.020 avg_loss=0.0121 elapsed=84.5min
[iter_double_only_3m] ep=10310 step=1935289/3000000 reward=2.0 len=81 eps=0.020 avg_loss=0.0135 elapsed=84.6min
[iter_double_only_3m] ep=10320 step=1937440/3000000 reward=4.0 len=180 eps=0.020 avg_loss=0.0113 elapsed=84.7min
[iter_double_only_3m] ep=10330 step=1940141/3000000 reward=23.0 len=482 eps=0.020 avg_loss=0.0159 elapsed=84.9min
[iter_double_only_3m] ep=10340 step=1941944/3000000 reward=8.0 len=346 eps=0.020 avg_loss=0.0110 elapsed=85.0min
[iter_double_only_3m] ep=10350 step=1945206/3000000 reward=2.0 len=176 eps=0.020 avg_loss=0.0147 elapsed=85.1min
[iter_double_only_3m] ep=10360 step=1947634/3000000 reward=11.0 len=148 eps=0.020 avg_loss=0.0101 elapsed=85.2min
[iter_double_only_3m] ep=10370 step=1950030/3000000 reward=4.0 len=147 eps=0.020 avg_loss=0.0108 elapsed=85.3min
[iter_double_only_3m] ep=10380 step=1952445/3000000 reward=14.0 len=376 eps=0.020 avg_loss=0.0109 elapsed=85.5min
[iter_double_only_3m] ep=10390 step=1954787/3000000 reward=22.0 len=407 eps=0.020 avg_loss=0.0106 elapsed=85.6min
[iter_double_only_3m] ep=10400 step=1957141/3000000 reward=19.0 len=418 eps=0.020 avg_loss=0.0109 elapsed=85.7min
[iter_double_only_3m] ep=10410 step=1959073/3000000 reward=5.0 len=194 eps=0.020 avg_loss=0.0106 elapsed=85.8min
[iter_double_only_3m] ep=10420 step=1961040/3000000 reward=5.0 len=124 eps=0.020 avg_loss=0.0067 elapsed=85.9min
[iter_double_only_3m] ep=10430 step=1962932/3000000 reward=0.0 len=60 eps=0.020 avg_loss=0.0116 elapsed=85.9min
[iter_double_only_3m] ep=10440 step=1965348/3000000 reward=25.0 len=376 eps=0.020 avg_loss=0.0094 elapsed=86.1min
[iter_double_only_3m] ep=10450 step=1967819/3000000 reward=8.0 len=231 eps=0.020 avg_loss=0.0090 elapsed=86.2min
[iter_double_only_3m] ep=10460 step=1969236/3000000 reward=6.0 len=188 eps=0.020 avg_loss=0.0125 elapsed=86.2min
[iter_double_only_3m] ep=10470 step=1972181/3000000 reward=15.0 len=226 eps=0.020 avg_loss=0.0140 elapsed=86.4min
[iter_double_only_3m] ep=10480 step=1974072/3000000 reward=1.0 len=59 eps=0.020 avg_loss=0.0181 elapsed=86.5min
[iter_double_only_3m] ep=10490 step=1976414/3000000 reward=9.0 len=270 eps=0.020 avg_loss=0.0145 elapsed=86.6min
[iter_double_only_3m] ep=10500 step=1979286/3000000 reward=17.0 len=370 eps=0.020 avg_loss=0.0136 elapsed=86.7min
[iter_double_only_3m] ep=10510 step=1981903/3000000 reward=0.0 len=120 eps=0.020 avg_loss=0.0122 elapsed=86.8min
[iter_double_only_3m] ep=10520 step=1984012/3000000 reward=3.0 len=103 eps=0.020 avg_loss=0.0105 elapsed=86.9min
[iter_double_only_3m] ep=10530 step=1986471/3000000 reward=20.0 len=296 eps=0.020 avg_loss=0.0119 elapsed=87.1min
[iter_double_only_3m] ep=10540 step=1988629/3000000 reward=1.0 len=256 eps=0.020 avg_loss=0.0148 elapsed=87.2min
[iter_double_only_3m] ep=10550 step=1991181/3000000 reward=19.0 len=301 eps=0.020 avg_loss=0.0092 elapsed=87.3min
[iter_double_only_3m] ep=10560 step=1993529/3000000 reward=18.0 len=406 eps=0.020 avg_loss=0.0121 elapsed=87.4min
[iter_double_only_3m] ep=10570 step=1995236/3000000 reward=5.0 len=175 eps=0.020 avg_loss=0.0090 elapsed=87.5min
[iter_double_only_3m] ep=10580 step=1997745/3000000 reward=18.0 len=313 eps=0.020 avg_loss=0.0097 elapsed=87.6min
[iter_double_only_3m] ep=10590 step=1999974/3000000 reward=13.0 len=284 eps=0.020 avg_loss=0.0134 elapsed=87.7min
[iter_double_only_3m] ep=10600 step=2002052/3000000 reward=0.0 len=55 eps=0.020 avg_loss=0.0157 elapsed=87.8min
[iter_double_only_3m] ep=10610 step=2003946/3000000 reward=23.0 len=364 eps=0.020 avg_loss=0.0098 elapsed=87.9min
[iter_double_only_3m] ep=10620 step=2006086/3000000 reward=3.0 len=170 eps=0.020 avg_loss=0.0108 elapsed=88.0min
[iter_double_only_3m] ep=10630 step=2008019/3000000 reward=3.0 len=206 eps=0.020 avg_loss=0.0120 elapsed=88.1min
[iter_double_only_3m] ep=10640 step=2009973/3000000 reward=14.0 len=189 eps=0.020 avg_loss=0.0078 elapsed=88.2min
[iter_double_only_3m] ep=10650 step=2011984/3000000 reward=7.0 len=172 eps=0.020 avg_loss=0.0166 elapsed=88.3min
[iter_double_only_3m] ep=10660 step=2014556/3000000 reward=6.0 len=199 eps=0.020 avg_loss=0.0134 elapsed=88.4min
[iter_double_only_3m] ep=10670 step=2017416/3000000 reward=6.0 len=147 eps=0.020 avg_loss=0.0122 elapsed=88.5min
[iter_double_only_3m] ep=10680 step=2019569/3000000 reward=7.0 len=164 eps=0.020 avg_loss=0.0129 elapsed=88.6min
[iter_double_only_3m] ep=10690 step=2021960/3000000 reward=11.0 len=234 eps=0.020 avg_loss=0.0133 elapsed=88.7min
[iter_double_only_3m] ep=10700 step=2024092/3000000 reward=7.0 len=155 eps=0.020 avg_loss=0.0134 elapsed=88.8min
[iter_double_only_3m] ep=10710 step=2026280/3000000 reward=6.0 len=180 eps=0.020 avg_loss=0.0124 elapsed=88.9min
[iter_double_only_3m] ep=10720 step=2028124/3000000 reward=1.0 len=105 eps=0.020 avg_loss=0.0141 elapsed=89.0min
[iter_double_only_3m] ep=10730 step=2030370/3000000 reward=7.0 len=194 eps=0.020 avg_loss=0.0101 elapsed=89.1min
[iter_double_only_3m] ep=10740 step=2033131/3000000 reward=2.0 len=93 eps=0.020 avg_loss=0.0146 elapsed=89.2min
[iter_double_only_3m] ep=10750 step=2034474/3000000 reward=6.0 len=132 eps=0.020 avg_loss=0.0102 elapsed=89.3min
[iter_double_only_3m] ep=10760 step=2036867/3000000 reward=12.0 len=180 eps=0.020 avg_loss=0.0098 elapsed=89.4min
[iter_double_only_3m] ep=10770 step=2038993/3000000 reward=9.0 len=160 eps=0.020 avg_loss=0.0119 elapsed=89.5min
[iter_double_only_3m] ep=10780 step=2041413/3000000 reward=4.0 len=128 eps=0.020 avg_loss=0.0098 elapsed=89.6min
[iter_double_only_3m] ep=10790 step=2044353/3000000 reward=0.0 len=64 eps=0.020 avg_loss=0.0209 elapsed=89.8min
[iter_double_only_3m] ep=10800 step=2047200/3000000 reward=5.0 len=126 eps=0.020 avg_loss=0.0105 elapsed=89.9min
[iter_double_only_3m] ep=10810 step=2049143/3000000 reward=9.0 len=195 eps=0.020 avg_loss=0.0096 elapsed=90.0min
[iter_double_only_3m] ep=10820 step=2051173/3000000 reward=4.0 len=129 eps=0.020 avg_loss=0.0097 elapsed=90.1min
[iter_double_only_3m] ep=10830 step=2053469/3000000 reward=19.0 len=284 eps=0.020 avg_loss=0.0149 elapsed=90.2min
[iter_double_only_3m] ep=10840 step=2056023/3000000 reward=18.0 len=392 eps=0.020 avg_loss=0.0134 elapsed=90.3min
[iter_double_only_3m] ep=10850 step=2057998/3000000 reward=8.0 len=298 eps=0.020 avg_loss=0.0138 elapsed=90.4min
[iter_double_only_3m] ep=10860 step=2060006/3000000 reward=8.0 len=121 eps=0.020 avg_loss=0.0093 elapsed=90.5min
[iter_double_only_3m] ep=10870 step=2062138/3000000 reward=1.0 len=83 eps=0.020 avg_loss=0.0121 elapsed=90.6min
[iter_double_only_3m] ep=10880 step=2065012/3000000 reward=10.0 len=198 eps=0.020 avg_loss=0.0117 elapsed=90.7min
[iter_double_only_3m] ep=10890 step=2066977/3000000 reward=3.0 len=210 eps=0.020 avg_loss=0.0130 elapsed=90.8min
[iter_double_only_3m] ep=10900 step=2069007/3000000 reward=10.0 len=165 eps=0.020 avg_loss=0.0094 elapsed=90.9min
[iter_double_only_3m] ep=10910 step=2071823/3000000 reward=7.0 len=177 eps=0.020 avg_loss=0.0127 elapsed=91.1min
[iter_double_only_3m] ep=10920 step=2074241/3000000 reward=1.0 len=70 eps=0.020 avg_loss=0.0155 elapsed=91.2min
[iter_double_only_3m] ep=10930 step=2076541/3000000 reward=24.0 len=361 eps=0.020 avg_loss=0.0118 elapsed=91.3min
[iter_double_only_3m] ep=10940 step=2078358/3000000 reward=21.0 len=350 eps=0.020 avg_loss=0.0117 elapsed=91.4min
[iter_double_only_3m] ep=10950 step=2080414/3000000 reward=2.0 len=65 eps=0.020 avg_loss=0.0126 elapsed=91.5min
[iter_double_only_3m] ep=10960 step=2082464/3000000 reward=13.0 len=182 eps=0.020 avg_loss=0.0137 elapsed=91.6min
[iter_double_only_3m] ep=10970 step=2084769/3000000 reward=5.0 len=125 eps=0.020 avg_loss=0.0106 elapsed=91.7min
[iter_double_only_3m] ep=10980 step=2086960/3000000 reward=20.0 len=520 eps=0.020 avg_loss=0.0108 elapsed=91.8min
[iter_double_only_3m] ep=10990 step=2089234/3000000 reward=4.0 len=78 eps=0.020 avg_loss=0.0170 elapsed=91.9min
[iter_double_only_3m] ep=11000 step=2091252/3000000 reward=2.0 len=91 eps=0.020 avg_loss=0.0211 elapsed=92.0min
[iter_double_only_3m] ep=11010 step=2093969/3000000 reward=10.0 len=188 eps=0.020 avg_loss=0.0102 elapsed=92.1min
[iter_double_only_3m] ep=11020 step=2096533/3000000 reward=0.0 len=53 eps=0.020 avg_loss=0.0135 elapsed=92.2min
[iter_double_only_3m] ep=11030 step=2099724/3000000 reward=2.0 len=154 eps=0.020 avg_loss=0.0101 elapsed=92.4min
[iter_double_only_3m] ep=11040 step=2102027/3000000 reward=2.0 len=117 eps=0.020 avg_loss=0.0095 elapsed=92.5min
[iter_double_only_3m] ep=11050 step=2104645/3000000 reward=28.0 len=472 eps=0.020 avg_loss=0.0122 elapsed=92.6min
[iter_double_only_3m] ep=11060 step=2106997/3000000 reward=1.0 len=85 eps=0.020 avg_loss=0.0130 elapsed=92.7min
[iter_double_only_3m] ep=11070 step=2109414/3000000 reward=28.0 len=466 eps=0.020 avg_loss=0.0147 elapsed=92.8min
[iter_double_only_3m] ep=11080 step=2110918/3000000 reward=2.0 len=63 eps=0.020 avg_loss=0.0119 elapsed=92.9min
[iter_double_only_3m] ep=11090 step=2112754/3000000 reward=6.0 len=351 eps=0.020 avg_loss=0.0121 elapsed=93.0min
[iter_double_only_3m] ep=11100 step=2114538/3000000 reward=16.0 len=280 eps=0.020 avg_loss=0.0104 elapsed=93.1min
[iter_double_only_3m] ep=11110 step=2116614/3000000 reward=4.0 len=134 eps=0.020 avg_loss=0.0133 elapsed=93.2min
[iter_double_only_3m] ep=11120 step=2119069/3000000 reward=19.0 len=320 eps=0.020 avg_loss=0.0123 elapsed=93.3min
[iter_double_only_3m] ep=11130 step=2121354/3000000 reward=1.0 len=78 eps=0.020 avg_loss=0.0131 elapsed=93.4min
[iter_double_only_3m] ep=11140 step=2123389/3000000 reward=1.0 len=95 eps=0.020 avg_loss=0.0109 elapsed=93.5min
[iter_double_only_3m] ep=11150 step=2125747/3000000 reward=17.0 len=260 eps=0.020 avg_loss=0.0122 elapsed=93.6min
[iter_double_only_3m] ep=11160 step=2128215/3000000 reward=10.0 len=265 eps=0.020 avg_loss=0.0132 elapsed=93.7min
[iter_double_only_3m] ep=11170 step=2130573/3000000 reward=4.0 len=107 eps=0.020 avg_loss=0.0106 elapsed=93.8min
[iter_double_only_3m] ep=11180 step=2132539/3000000 reward=21.0 len=311 eps=0.020 avg_loss=0.0120 elapsed=93.9min
[iter_double_only_3m] ep=11190 step=2134990/3000000 reward=0.0 len=61 eps=0.020 avg_loss=0.0158 elapsed=94.0min
[iter_double_only_3m] ep=11200 step=2137791/3000000 reward=25.0 len=418 eps=0.020 avg_loss=0.0152 elapsed=94.2min
[iter_double_only_3m] ep=11210 step=2140006/3000000 reward=12.0 len=412 eps=0.020 avg_loss=0.0153 elapsed=94.3min
[iter_double_only_3m] ep=11220 step=2142193/3000000 reward=1.0 len=108 eps=0.020 avg_loss=0.0094 elapsed=94.4min
[iter_double_only_3m] ep=11230 step=2144756/3000000 reward=25.0 len=420 eps=0.020 avg_loss=0.0128 elapsed=94.5min
[iter_double_only_3m] ep=11240 step=2147177/3000000 reward=2.0 len=163 eps=0.020 avg_loss=0.0119 elapsed=94.6min
[iter_double_only_3m] ep=11250 step=2149898/3000000 reward=7.0 len=210 eps=0.020 avg_loss=0.0128 elapsed=94.7min
[iter_double_only_3m] ep=11260 step=2152713/3000000 reward=1.0 len=122 eps=0.020 avg_loss=0.0133 elapsed=94.8min
[iter_double_only_3m] ep=11270 step=2155026/3000000 reward=30.0 len=502 eps=0.020 avg_loss=0.0107 elapsed=95.0min
[iter_double_only_3m] ep=11280 step=2157492/3000000 reward=16.0 len=401 eps=0.020 avg_loss=0.0134 elapsed=95.1min
[iter_double_only_3m] ep=11290 step=2159224/3000000 reward=3.0 len=112 eps=0.020 avg_loss=0.0158 elapsed=95.2min
[iter_double_only_3m] ep=11300 step=2162104/3000000 reward=8.0 len=194 eps=0.020 avg_loss=0.0106 elapsed=95.3min
[iter_double_only_3m] ep=11310 step=2164271/3000000 reward=1.0 len=76 eps=0.020 avg_loss=0.0118 elapsed=95.4min
[iter_double_only_3m] ep=11320 step=2166680/3000000 reward=12.0 len=165 eps=0.020 avg_loss=0.0117 elapsed=95.5min
[iter_double_only_3m] ep=11330 step=2168855/3000000 reward=4.0 len=191 eps=0.020 avg_loss=0.0082 elapsed=95.6min
[iter_double_only_3m] ep=11340 step=2171265/3000000 reward=20.0 len=285 eps=0.020 avg_loss=0.0180 elapsed=95.7min
[iter_double_only_3m] ep=11350 step=2173724/3000000 reward=14.0 len=479 eps=0.020 avg_loss=0.0130 elapsed=95.8min
[iter_double_only_3m] ep=11360 step=2176377/3000000 reward=8.0 len=334 eps=0.020 avg_loss=0.0134 elapsed=96.0min
[iter_double_only_3m] ep=11370 step=2178951/3000000 reward=26.0 len=439 eps=0.020 avg_loss=0.0142 elapsed=96.1min
[iter_double_only_3m] ep=11380 step=2180720/3000000 reward=5.0 len=110 eps=0.020 avg_loss=0.0086 elapsed=96.2min
[iter_double_only_3m] ep=11390 step=2184097/3000000 reward=3.0 len=229 eps=0.020 avg_loss=0.0157 elapsed=96.3min
[iter_double_only_3m] ep=11400 step=2186335/3000000 reward=13.0 len=199 eps=0.020 avg_loss=0.0107 elapsed=96.4min
[iter_double_only_3m] ep=11410 step=2189046/3000000 reward=25.0 len=649 eps=0.020 avg_loss=0.0123 elapsed=96.5min
[iter_double_only_3m] ep=11420 step=2190524/3000000 reward=1.0 len=106 eps=0.020 avg_loss=0.0142 elapsed=96.6min
[iter_double_only_3m] ep=11430 step=2193301/3000000 reward=6.0 len=205 eps=0.020 avg_loss=0.0188 elapsed=96.7min
[iter_double_only_3m] ep=11440 step=2195530/3000000 reward=13.0 len=205 eps=0.020 avg_loss=0.0117 elapsed=96.8min
[iter_double_only_3m] ep=11450 step=2197739/3000000 reward=15.0 len=267 eps=0.020 avg_loss=0.0141 elapsed=97.0min
[iter_double_only_3m] ep=11460 step=2200494/3000000 reward=22.0 len=386 eps=0.020 avg_loss=0.0136 elapsed=97.1min
[iter_double_only_3m] ep=11470 step=2202390/3000000 reward=10.0 len=195 eps=0.020 avg_loss=0.0140 elapsed=97.2min
[iter_double_only_3m] ep=11480 step=2205011/3000000 reward=10.0 len=481 eps=0.020 avg_loss=0.0095 elapsed=97.3min
[iter_double_only_3m] ep=11490 step=2207421/3000000 reward=14.0 len=210 eps=0.020 avg_loss=0.0174 elapsed=97.4min
[iter_double_only_3m] ep=11500 step=2209938/3000000 reward=5.0 len=211 eps=0.020 avg_loss=0.0104 elapsed=97.5min
[iter_double_only_3m] ep=11510 step=2212391/3000000 reward=4.0 len=221 eps=0.020 avg_loss=0.0143 elapsed=97.6min
[iter_double_only_3m] ep=11520 step=2214511/3000000 reward=9.0 len=143 eps=0.020 avg_loss=0.0110 elapsed=97.7min
[iter_double_only_3m] ep=11530 step=2216919/3000000 reward=3.0 len=172 eps=0.020 avg_loss=0.0160 elapsed=97.9min
[iter_double_only_3m] ep=11540 step=2218476/3000000 reward=6.0 len=156 eps=0.020 avg_loss=0.0125 elapsed=97.9min
[iter_double_only_3m] ep=11550 step=2221182/3000000 reward=10.0 len=201 eps=0.020 avg_loss=0.0157 elapsed=98.1min
[iter_double_only_3m] ep=11560 step=2223334/3000000 reward=6.0 len=213 eps=0.020 avg_loss=0.0145 elapsed=98.2min
[iter_double_only_3m] ep=11570 step=2225778/3000000 reward=32.0 len=629 eps=0.020 avg_loss=0.0156 elapsed=98.3min
[iter_double_only_3m] ep=11580 step=2228029/3000000 reward=7.0 len=252 eps=0.020 avg_loss=0.0099 elapsed=98.4min
[iter_double_only_3m] ep=11590 step=2230232/3000000 reward=2.0 len=106 eps=0.020 avg_loss=0.0145 elapsed=98.5min
[iter_double_only_3m] ep=11600 step=2232900/3000000 reward=32.0 len=736 eps=0.020 avg_loss=0.0145 elapsed=98.6min
[iter_double_only_3m] ep=11610 step=2235198/3000000 reward=12.0 len=172 eps=0.020 avg_loss=0.0119 elapsed=98.7min
[iter_double_only_3m] ep=11620 step=2237896/3000000 reward=3.0 len=162 eps=0.020 avg_loss=0.0133 elapsed=98.8min
[iter_double_only_3m] ep=11630 step=2240003/3000000 reward=0.0 len=69 eps=0.020 avg_loss=0.0092 elapsed=98.9min
[iter_double_only_3m] ep=11640 step=2243114/3000000 reward=9.0 len=406 eps=0.020 avg_loss=0.0111 elapsed=99.1min
[iter_double_only_3m] ep=11650 step=2245590/3000000 reward=3.0 len=126 eps=0.020 avg_loss=0.0134 elapsed=99.2min
[iter_double_only_3m] ep=11660 step=2247894/3000000 reward=26.0 len=372 eps=0.020 avg_loss=0.0161 elapsed=99.3min
[iter_double_only_3m] ep=11670 step=2249601/3000000 reward=3.0 len=127 eps=0.020 avg_loss=0.0190 elapsed=99.4min
[iter_double_only_3m] ep=11680 step=2251878/3000000 reward=8.0 len=162 eps=0.020 avg_loss=0.0143 elapsed=99.5min
[iter_double_only_3m] ep=11690 step=2254606/3000000 reward=21.0 len=416 eps=0.020 avg_loss=0.0167 elapsed=99.6min
[iter_double_only_3m] ep=11700 step=2256819/3000000 reward=4.0 len=142 eps=0.020 avg_loss=0.0115 elapsed=99.7min
[iter_double_only_3m] ep=11710 step=2259340/3000000 reward=5.0 len=167 eps=0.020 avg_loss=0.0093 elapsed=99.8min
[iter_double_only_3m] ep=11720 step=2262297/3000000 reward=31.0 len=725 eps=0.020 avg_loss=0.0137 elapsed=100.0min
[iter_double_only_3m] ep=11730 step=2264718/3000000 reward=7.0 len=204 eps=0.020 avg_loss=0.0121 elapsed=100.1min
[iter_double_only_3m] ep=11740 step=2266933/3000000 reward=10.0 len=154 eps=0.020 avg_loss=0.0114 elapsed=100.2min
[iter_double_only_3m] ep=11750 step=2269416/3000000 reward=10.0 len=275 eps=0.020 avg_loss=0.0129 elapsed=100.3min
[iter_double_only_3m] ep=11760 step=2272128/3000000 reward=3.0 len=119 eps=0.020 avg_loss=0.0141 elapsed=100.4min
[iter_double_only_3m] ep=11770 step=2274315/3000000 reward=32.0 len=637 eps=0.020 avg_loss=0.0129 elapsed=100.5min
[iter_double_only_3m] ep=11780 step=2276586/3000000 reward=3.0 len=167 eps=0.020 avg_loss=0.0212 elapsed=100.6min
[iter_double_only_3m] ep=11790 step=2278978/3000000 reward=33.0 len=593 eps=0.020 avg_loss=0.0107 elapsed=100.8min
[iter_double_only_3m] ep=11800 step=2281187/3000000 reward=10.0 len=305 eps=0.020 avg_loss=0.0140 elapsed=100.9min
[iter_double_only_3m] ep=11810 step=2283610/3000000 reward=23.0 len=366 eps=0.020 avg_loss=0.0131 elapsed=101.0min
[iter_double_only_3m] ep=11820 step=2286519/3000000 reward=3.0 len=145 eps=0.020 avg_loss=0.0158 elapsed=101.1min
[iter_double_only_3m] ep=11830 step=2288919/3000000 reward=11.0 len=154 eps=0.020 avg_loss=0.0090 elapsed=101.2min
[iter_double_only_3m] ep=11840 step=2291305/3000000 reward=18.0 len=254 eps=0.020 avg_loss=0.0182 elapsed=101.3min
[iter_double_only_3m] ep=11850 step=2293119/3000000 reward=18.0 len=280 eps=0.020 avg_loss=0.0133 elapsed=101.4min
[iter_double_only_3m] ep=11860 step=2295094/3000000 reward=3.0 len=63 eps=0.020 avg_loss=0.0114 elapsed=101.5min
[iter_double_only_3m] ep=11870 step=2297152/3000000 reward=4.0 len=158 eps=0.020 avg_loss=0.0156 elapsed=101.6min
[iter_double_only_3m] ep=11880 step=2300008/3000000 reward=19.0 len=293 eps=0.020 avg_loss=0.0159 elapsed=101.7min
[iter_double_only_3m] ep=11890 step=2301933/3000000 reward=7.0 len=165 eps=0.020 avg_loss=0.0125 elapsed=101.8min
[iter_double_only_3m] ep=11900 step=2303905/3000000 reward=6.0 len=272 eps=0.020 avg_loss=0.0140 elapsed=101.9min
[iter_double_only_3m] ep=11910 step=2306674/3000000 reward=20.0 len=292 eps=0.020 avg_loss=0.0120 elapsed=102.0min
[iter_double_only_3m] ep=11920 step=2309412/3000000 reward=15.0 len=442 eps=0.020 avg_loss=0.0125 elapsed=102.2min
[iter_double_only_3m] ep=11930 step=2311530/3000000 reward=16.0 len=543 eps=0.020 avg_loss=0.0136 elapsed=102.3min
[iter_double_only_3m] ep=11940 step=2313678/3000000 reward=14.0 len=289 eps=0.020 avg_loss=0.0139 elapsed=102.4min
[iter_double_only_3m] ep=11950 step=2316169/3000000 reward=7.0 len=144 eps=0.020 avg_loss=0.0159 elapsed=102.5min
[iter_double_only_3m] ep=11960 step=2319045/3000000 reward=12.0 len=562 eps=0.020 avg_loss=0.0160 elapsed=102.6min
[iter_double_only_3m] ep=11970 step=2321875/3000000 reward=4.0 len=95 eps=0.020 avg_loss=0.0085 elapsed=102.8min
[iter_double_only_3m] ep=11980 step=2324002/3000000 reward=2.0 len=89 eps=0.020 avg_loss=0.0078 elapsed=102.9min
[iter_double_only_3m] ep=11990 step=2327022/3000000 reward=5.0 len=139 eps=0.020 avg_loss=0.0242 elapsed=103.0min
[iter_double_only_3m] ep=12000 step=2329205/3000000 reward=11.0 len=373 eps=0.020 avg_loss=0.0106 elapsed=103.1min
[iter_double_only_3m] ep=12010 step=2332357/3000000 reward=31.0 len=636 eps=0.020 avg_loss=0.0139 elapsed=103.3min
[iter_double_only_3m] ep=12020 step=2334451/3000000 reward=5.0 len=190 eps=0.020 avg_loss=0.0111 elapsed=103.3min
[iter_double_only_3m] ep=12030 step=2337341/3000000 reward=2.0 len=73 eps=0.020 avg_loss=0.0165 elapsed=103.5min
[iter_double_only_3m] ep=12040 step=2339837/3000000 reward=5.0 len=291 eps=0.020 avg_loss=0.0112 elapsed=103.6min
[iter_double_only_3m] ep=12050 step=2342817/3000000 reward=3.0 len=119 eps=0.020 avg_loss=0.0165 elapsed=103.7min
[iter_double_only_3m] ep=12060 step=2344862/3000000 reward=9.0 len=333 eps=0.020 avg_loss=0.0156 elapsed=103.8min
[iter_double_only_3m] ep=12070 step=2347765/3000000 reward=3.0 len=89 eps=0.020 avg_loss=0.0084 elapsed=104.0min
[iter_double_only_3m] ep=12080 step=2350783/3000000 reward=0.0 len=84 eps=0.020 avg_loss=0.0211 elapsed=104.1min
[iter_double_only_3m] ep=12090 step=2352743/3000000 reward=30.0 len=465 eps=0.020 avg_loss=0.0137 elapsed=104.2min
[iter_double_only_3m] ep=12100 step=2355440/3000000 reward=6.0 len=194 eps=0.020 avg_loss=0.0167 elapsed=104.3min
[iter_double_only_3m] ep=12110 step=2357972/3000000 reward=2.0 len=79 eps=0.020 avg_loss=0.0143 elapsed=104.4min
[iter_double_only_3m] ep=12120 step=2360679/3000000 reward=24.0 len=414 eps=0.020 avg_loss=0.0135 elapsed=104.6min
[iter_double_only_3m] ep=12130 step=2363647/3000000 reward=16.0 len=444 eps=0.020 avg_loss=0.0134 elapsed=104.7min
[iter_double_only_3m] ep=12140 step=2366544/3000000 reward=1.0 len=227 eps=0.020 avg_loss=0.0152 elapsed=104.8min
[iter_double_only_3m] ep=12150 step=2369294/3000000 reward=4.0 len=356 eps=0.020 avg_loss=0.0106 elapsed=105.0min
[iter_double_only_3m] ep=12160 step=2371915/3000000 reward=14.0 len=193 eps=0.020 avg_loss=0.0096 elapsed=105.1min
[iter_double_only_3m] ep=12170 step=2374895/3000000 reward=0.0 len=155 eps=0.020 avg_loss=0.0115 elapsed=105.2min
[iter_double_only_3m] ep=12180 step=2377516/3000000 reward=29.0 len=517 eps=0.020 avg_loss=0.0136 elapsed=105.4min
[iter_double_only_3m] ep=12190 step=2380376/3000000 reward=5.0 len=111 eps=0.020 avg_loss=0.0138 elapsed=105.5min
[iter_double_only_3m] ep=12200 step=2382765/3000000 reward=4.0 len=162 eps=0.020 avg_loss=0.0115 elapsed=105.6min
[iter_double_only_3m] ep=12210 step=2384995/3000000 reward=10.0 len=170 eps=0.020 avg_loss=0.0168 elapsed=105.7min
[iter_double_only_3m] ep=12220 step=2387159/3000000 reward=12.0 len=500 eps=0.020 avg_loss=0.0137 elapsed=105.8min
[iter_double_only_3m] ep=12230 step=2389938/3000000 reward=9.0 len=145 eps=0.020 avg_loss=0.0132 elapsed=105.9min
[iter_double_only_3m] ep=12240 step=2393129/3000000 reward=0.0 len=38 eps=0.020 avg_loss=0.0091 elapsed=106.1min
[iter_double_only_3m] ep=12250 step=2396229/3000000 reward=21.0 len=483 eps=0.020 avg_loss=0.0127 elapsed=106.2min
[iter_double_only_3m] ep=12260 step=2399839/3000000 reward=19.0 len=294 eps=0.020 avg_loss=0.0115 elapsed=106.4min
[iter_double_only_3m] ep=12270 step=2401895/3000000 reward=5.0 len=165 eps=0.020 avg_loss=0.0154 elapsed=106.5min
[iter_double_only_3m] ep=12280 step=2403756/3000000 reward=11.0 len=239 eps=0.020 avg_loss=0.0093 elapsed=106.6min
[iter_double_only_3m] ep=12290 step=2406964/3000000 reward=16.0 len=275 eps=0.020 avg_loss=0.0135 elapsed=106.7min
[iter_double_only_3m] ep=12300 step=2409710/3000000 reward=4.0 len=180 eps=0.020 avg_loss=0.0117 elapsed=106.9min
[iter_double_only_3m] ep=12310 step=2411666/3000000 reward=2.0 len=99 eps=0.020 avg_loss=0.0135 elapsed=107.0min
[iter_double_only_3m] ep=12320 step=2414366/3000000 reward=26.0 len=458 eps=0.020 avg_loss=0.0127 elapsed=107.1min
[iter_double_only_3m] ep=12330 step=2416466/3000000 reward=12.0 len=240 eps=0.020 avg_loss=0.0147 elapsed=107.2min
[iter_double_only_3m] ep=12340 step=2419702/3000000 reward=0.0 len=213 eps=0.020 avg_loss=0.0127 elapsed=107.3min
[iter_double_only_3m] ep=12350 step=2422270/3000000 reward=26.0 len=435 eps=0.020 avg_loss=0.0132 elapsed=107.4min
[iter_double_only_3m] ep=12360 step=2425238/3000000 reward=2.0 len=125 eps=0.020 avg_loss=0.0129 elapsed=107.6min
[iter_double_only_3m] ep=12370 step=2427524/3000000 reward=0.0 len=75 eps=0.020 avg_loss=0.0125 elapsed=107.7min
[iter_double_only_3m] ep=12380 step=2430488/3000000 reward=27.0 len=419 eps=0.020 avg_loss=0.0113 elapsed=107.8min
[iter_double_only_3m] ep=12390 step=2433484/3000000 reward=1.0 len=71 eps=0.020 avg_loss=0.0142 elapsed=108.0min
[iter_double_only_3m] ep=12400 step=2435786/3000000 reward=2.0 len=202 eps=0.020 avg_loss=0.0136 elapsed=108.1min
[iter_double_only_3m] ep=12410 step=2439068/3000000 reward=30.0 len=582 eps=0.020 avg_loss=0.0124 elapsed=108.2min
[iter_double_only_3m] ep=12420 step=2441071/3000000 reward=6.0 len=183 eps=0.020 avg_loss=0.0096 elapsed=108.3min
[iter_double_only_3m] ep=12430 step=2443477/3000000 reward=1.0 len=83 eps=0.020 avg_loss=0.0111 elapsed=108.4min
[iter_double_only_3m] ep=12440 step=2445859/3000000 reward=12.0 len=164 eps=0.020 avg_loss=0.0096 elapsed=108.5min
[iter_double_only_3m] ep=12450 step=2448744/3000000 reward=4.0 len=178 eps=0.020 avg_loss=0.0113 elapsed=108.7min
[iter_double_only_3m] ep=12460 step=2451037/3000000 reward=5.0 len=167 eps=0.020 avg_loss=0.0174 elapsed=108.8min
[iter_double_only_3m] ep=12470 step=2453827/3000000 reward=27.0 len=439 eps=0.020 avg_loss=0.0117 elapsed=108.9min
[iter_double_only_3m] ep=12480 step=2456432/3000000 reward=18.0 len=410 eps=0.020 avg_loss=0.0156 elapsed=109.0min
[iter_double_only_3m] ep=12490 step=2458715/3000000 reward=0.0 len=76 eps=0.020 avg_loss=0.0119 elapsed=109.1min
[iter_double_only_3m] ep=12500 step=2461595/3000000 reward=34.0 len=685 eps=0.020 avg_loss=0.0122 elapsed=109.3min
[iter_double_only_3m] ep=12510 step=2464840/3000000 reward=2.0 len=58 eps=0.020 avg_loss=0.0171 elapsed=109.4min
[iter_double_only_3m] ep=12520 step=2468152/3000000 reward=24.0 len=678 eps=0.020 avg_loss=0.0141 elapsed=109.6min
[iter_double_only_3m] ep=12530 step=2470424/3000000 reward=10.0 len=278 eps=0.020 avg_loss=0.0113 elapsed=109.7min
[iter_double_only_3m] ep=12540 step=2472844/3000000 reward=3.0 len=233 eps=0.020 avg_loss=0.0126 elapsed=109.8min
[iter_double_only_3m] ep=12550 step=2475226/3000000 reward=33.0 len=603 eps=0.020 avg_loss=0.0136 elapsed=109.9min
[iter_double_only_3m] ep=12560 step=2478359/3000000 reward=4.0 len=204 eps=0.020 avg_loss=0.0132 elapsed=110.1min
[iter_double_only_3m] ep=12570 step=2480771/3000000 reward=1.0 len=73 eps=0.020 avg_loss=0.0152 elapsed=110.2min
[iter_double_only_3m] ep=12580 step=2483637/3000000 reward=24.0 len=484 eps=0.020 avg_loss=0.0107 elapsed=110.3min
[iter_double_only_3m] ep=12590 step=2486535/3000000 reward=2.0 len=112 eps=0.020 avg_loss=0.0098 elapsed=110.4min
[iter_double_only_3m] ep=12600 step=2489051/3000000 reward=6.0 len=136 eps=0.020 avg_loss=0.0102 elapsed=110.5min
[iter_double_only_3m] ep=12610 step=2492215/3000000 reward=25.0 len=390 eps=0.020 avg_loss=0.0140 elapsed=110.7min
[iter_double_only_3m] ep=12620 step=2494402/3000000 reward=11.0 len=305 eps=0.020 avg_loss=0.0136 elapsed=110.8min
[iter_double_only_3m] ep=12630 step=2497183/3000000 reward=0.0 len=106 eps=0.020 avg_loss=0.0112 elapsed=110.9min
[iter_double_only_3m] ep=12640 step=2500179/3000000 reward=15.0 len=320 eps=0.020 avg_loss=0.0129 elapsed=111.1min
[iter_double_only_3m] ep=12650 step=2502563/3000000 reward=2.0 len=81 eps=0.020 avg_loss=0.0153 elapsed=111.2min
[iter_double_only_3m] ep=12660 step=2505060/3000000 reward=7.0 len=335 eps=0.020 avg_loss=0.0134 elapsed=111.3min
[iter_double_only_3m] ep=12670 step=2507900/3000000 reward=17.0 len=265 eps=0.020 avg_loss=0.0149 elapsed=111.4min
[iter_double_only_3m] ep=12680 step=2510509/3000000 reward=31.0 len=690 eps=0.020 avg_loss=0.0112 elapsed=111.6min
[iter_double_only_3m] ep=12690 step=2512594/3000000 reward=0.0 len=77 eps=0.020 avg_loss=0.0145 elapsed=111.7min
[iter_double_only_3m] ep=12700 step=2515124/3000000 reward=17.0 len=268 eps=0.020 avg_loss=0.0107 elapsed=111.8min
[iter_double_only_3m] ep=12710 step=2517884/3000000 reward=23.0 len=550 eps=0.020 avg_loss=0.0126 elapsed=111.9min
[iter_double_only_3m] ep=12720 step=2520844/3000000 reward=1.0 len=93 eps=0.020 avg_loss=0.0115 elapsed=112.0min
[iter_double_only_3m] ep=12730 step=2523691/3000000 reward=25.0 len=357 eps=0.020 avg_loss=0.0116 elapsed=112.2min
[iter_double_only_3m] ep=12740 step=2525664/3000000 reward=5.0 len=92 eps=0.020 avg_loss=0.0105 elapsed=112.3min
[iter_double_only_3m] ep=12750 step=2528135/3000000 reward=8.0 len=224 eps=0.020 avg_loss=0.0109 elapsed=112.4min
[iter_double_only_3m] ep=12760 step=2530838/3000000 reward=13.0 len=189 eps=0.020 avg_loss=0.0151 elapsed=112.5min
[iter_double_only_3m] ep=12770 step=2533456/3000000 reward=12.0 len=287 eps=0.020 avg_loss=0.0120 elapsed=112.6min
[iter_double_only_3m] ep=12780 step=2535396/3000000 reward=10.0 len=209 eps=0.020 avg_loss=0.0154 elapsed=112.7min
[iter_double_only_3m] ep=12790 step=2538058/3000000 reward=26.0 len=479 eps=0.020 avg_loss=0.0149 elapsed=112.8min
[iter_double_only_3m] ep=12800 step=2540153/3000000 reward=13.0 len=213 eps=0.020 avg_loss=0.0141 elapsed=112.9min
[iter_double_only_3m] ep=12810 step=2542704/3000000 reward=1.0 len=69 eps=0.020 avg_loss=0.0179 elapsed=113.0min
[iter_double_only_3m] ep=12820 step=2546150/3000000 reward=21.0 len=372 eps=0.020 avg_loss=0.0112 elapsed=113.2min
[iter_double_only_3m] ep=12830 step=2548115/3000000 reward=2.0 len=69 eps=0.020 avg_loss=0.0139 elapsed=113.3min
[iter_double_only_3m] ep=12840 step=2550336/3000000 reward=1.0 len=83 eps=0.020 avg_loss=0.0107 elapsed=113.4min
[iter_double_only_3m] ep=12850 step=2553231/3000000 reward=31.0 len=766 eps=0.020 avg_loss=0.0135 elapsed=113.5min
[iter_double_only_3m] ep=12860 step=2554799/3000000 reward=1.0 len=80 eps=0.020 avg_loss=0.0094 elapsed=113.6min
[iter_double_only_3m] ep=12870 step=2558098/3000000 reward=2.0 len=144 eps=0.020 avg_loss=0.0119 elapsed=113.8min
[iter_double_only_3m] ep=12880 step=2560682/3000000 reward=15.0 len=193 eps=0.020 avg_loss=0.0112 elapsed=113.9min
[iter_double_only_3m] ep=12890 step=2563798/3000000 reward=17.0 len=529 eps=0.020 avg_loss=0.0115 elapsed=114.0min
[iter_double_only_3m] ep=12900 step=2567122/3000000 reward=34.0 len=896 eps=0.020 avg_loss=0.0139 elapsed=114.2min
[iter_double_only_3m] ep=12910 step=2570122/3000000 reward=15.0 len=584 eps=0.020 avg_loss=0.0128 elapsed=114.3min
[iter_double_only_3m] ep=12920 step=2572239/3000000 reward=10.0 len=149 eps=0.020 avg_loss=0.0164 elapsed=114.4min
[iter_double_only_3m] ep=12930 step=2574614/3000000 reward=8.0 len=147 eps=0.020 avg_loss=0.0153 elapsed=114.5min
[iter_double_only_3m] ep=12940 step=2577750/3000000 reward=6.0 len=396 eps=0.020 avg_loss=0.0136 elapsed=114.7min
[iter_double_only_3m] ep=12950 step=2579999/3000000 reward=1.0 len=85 eps=0.020 avg_loss=0.0160 elapsed=114.8min
[iter_double_only_3m] ep=12960 step=2581920/3000000 reward=3.0 len=129 eps=0.020 avg_loss=0.0127 elapsed=114.8min
[iter_double_only_3m] ep=12970 step=2584201/3000000 reward=3.0 len=134 eps=0.020 avg_loss=0.0117 elapsed=115.0min
[iter_double_only_3m] ep=12980 step=2587373/3000000 reward=21.0 len=468 eps=0.020 avg_loss=0.0160 elapsed=115.1min
[iter_double_only_3m] ep=12990 step=2590081/3000000 reward=5.0 len=266 eps=0.020 avg_loss=0.0132 elapsed=115.2min
[iter_double_only_3m] ep=13000 step=2592258/3000000 reward=1.0 len=109 eps=0.020 avg_loss=0.0179 elapsed=115.3min
[iter_double_only_3m] ep=13010 step=2595395/3000000 reward=10.0 len=296 eps=0.020 avg_loss=0.0106 elapsed=115.5min
[iter_double_only_3m] ep=13020 step=2598653/3000000 reward=33.0 len=744 eps=0.020 avg_loss=0.0143 elapsed=115.6min
[iter_double_only_3m] ep=13030 step=2600291/3000000 reward=1.0 len=79 eps=0.020 avg_loss=0.0124 elapsed=115.7min
[iter_double_only_3m] ep=13040 step=2603689/3000000 reward=34.0 len=780 eps=0.020 avg_loss=0.0117 elapsed=115.9min
[iter_double_only_3m] ep=13050 step=2605676/3000000 reward=2.0 len=76 eps=0.020 avg_loss=0.0117 elapsed=115.9min
[iter_double_only_3m] ep=13060 step=2608140/3000000 reward=0.0 len=34 eps=0.020 avg_loss=0.0100 elapsed=116.1min
[iter_double_only_3m] ep=13070 step=2611134/3000000 reward=24.0 len=385 eps=0.020 avg_loss=0.0188 elapsed=116.2min
[iter_double_only_3m] ep=13080 step=2613013/3000000 reward=10.0 len=187 eps=0.020 avg_loss=0.0176 elapsed=116.3min
[iter_double_only_3m] ep=13090 step=2616058/3000000 reward=2.0 len=94 eps=0.020 avg_loss=0.0105 elapsed=116.4min
[iter_double_only_3m] ep=13100 step=2619428/3000000 reward=9.0 len=337 eps=0.020 avg_loss=0.0155 elapsed=116.6min
[iter_double_only_3m] ep=13110 step=2622796/3000000 reward=18.0 len=271 eps=0.020 avg_loss=0.0156 elapsed=116.7min
[iter_double_only_3m] ep=13120 step=2626049/3000000 reward=1.0 len=113 eps=0.020 avg_loss=0.0136 elapsed=116.9min
[iter_double_only_3m] ep=13130 step=2628967/3000000 reward=22.0 len=424 eps=0.020 avg_loss=0.0146 elapsed=117.0min
[iter_double_only_3m] ep=13140 step=2631116/3000000 reward=12.0 len=299 eps=0.020 avg_loss=0.0149 elapsed=117.1min
[iter_double_only_3m] ep=13150 step=2634373/3000000 reward=6.0 len=166 eps=0.020 avg_loss=0.0116 elapsed=117.3min
[iter_double_only_3m] ep=13160 step=2637749/3000000 reward=29.0 len=493 eps=0.020 avg_loss=0.0142 elapsed=117.4min
[iter_double_only_3m] ep=13170 step=2640305/3000000 reward=0.0 len=87 eps=0.020 avg_loss=0.0123 elapsed=117.5min
[iter_double_only_3m] ep=13180 step=2643008/3000000 reward=13.0 len=242 eps=0.020 avg_loss=0.0121 elapsed=117.7min
[iter_double_only_3m] ep=13190 step=2646002/3000000 reward=3.0 len=115 eps=0.020 avg_loss=0.0135 elapsed=117.8min
[iter_double_only_3m] ep=13200 step=2648230/3000000 reward=2.0 len=111 eps=0.020 avg_loss=0.0113 elapsed=117.9min
[iter_double_only_3m] ep=13210 step=2650969/3000000 reward=28.0 len=448 eps=0.020 avg_loss=0.0152 elapsed=118.0min
[iter_double_only_3m] ep=13220 step=2653885/3000000 reward=21.0 len=276 eps=0.020 avg_loss=0.0125 elapsed=118.2min
[iter_double_only_3m] ep=13230 step=2656791/3000000 reward=2.0 len=113 eps=0.020 avg_loss=0.0091 elapsed=118.3min
[iter_double_only_3m] ep=13240 step=2661000/3000000 reward=15.0 len=625 eps=0.020 avg_loss=0.0145 elapsed=118.5min
[iter_double_only_3m] ep=13250 step=2663500/3000000 reward=22.0 len=410 eps=0.020 avg_loss=0.0119 elapsed=118.6min
[iter_double_only_3m] ep=13260 step=2667145/3000000 reward=32.0 len=709 eps=0.020 avg_loss=0.0134 elapsed=118.8min
[iter_double_only_3m] ep=13270 step=2670164/3000000 reward=2.0 len=101 eps=0.020 avg_loss=0.0082 elapsed=118.9min
[iter_double_only_3m] ep=13280 step=2673571/3000000 reward=33.0 len=674 eps=0.020 avg_loss=0.0153 elapsed=119.1min
[iter_double_only_3m] ep=13290 step=2676135/3000000 reward=0.0 len=70 eps=0.020 avg_loss=0.0125 elapsed=119.2min
[iter_double_only_3m] ep=13300 step=2678431/3000000 reward=6.0 len=228 eps=0.020 avg_loss=0.0139 elapsed=119.3min
[iter_double_only_3m] ep=13310 step=2682010/3000000 reward=2.0 len=182 eps=0.020 avg_loss=0.0135 elapsed=119.5min
[iter_double_only_3m] ep=13320 step=2685016/3000000 reward=15.0 len=203 eps=0.020 avg_loss=0.0115 elapsed=119.6min
[iter_double_only_3m] ep=13330 step=2687850/3000000 reward=0.0 len=153 eps=0.020 avg_loss=0.0152 elapsed=119.7min
[iter_double_only_3m] ep=13340 step=2690477/3000000 reward=24.0 len=394 eps=0.020 avg_loss=0.0127 elapsed=119.9min
[iter_double_only_3m] ep=13350 step=2693894/3000000 reward=28.0 len=552 eps=0.020 avg_loss=0.0166 elapsed=120.0min
[iter_double_only_3m] ep=13360 step=2696009/3000000 reward=5.0 len=109 eps=0.020 avg_loss=0.0092 elapsed=120.1min
[iter_double_only_3m] ep=13370 step=2698992/3000000 reward=16.0 len=281 eps=0.020 avg_loss=0.0145 elapsed=120.2min
[iter_double_only_3m] ep=13380 step=2702364/3000000 reward=17.0 len=420 eps=0.020 avg_loss=0.0129 elapsed=120.4min
[iter_double_only_3m] ep=13390 step=2705054/3000000 reward=19.0 len=373 eps=0.020 avg_loss=0.0145 elapsed=120.5min
[iter_double_only_3m] ep=13400 step=2707308/3000000 reward=2.0 len=107 eps=0.020 avg_loss=0.0130 elapsed=120.6min
[iter_double_only_3m] ep=13410 step=2710527/3000000 reward=1.0 len=90 eps=0.020 avg_loss=0.0086 elapsed=120.8min
[iter_double_only_3m] ep=13420 step=2713870/3000000 reward=5.0 len=232 eps=0.020 avg_loss=0.0153 elapsed=120.9min
[iter_double_only_3m] ep=13430 step=2716874/3000000 reward=0.0 len=50 eps=0.020 avg_loss=0.0087 elapsed=121.1min
[iter_double_only_3m] ep=13440 step=2719906/3000000 reward=17.0 len=552 eps=0.020 avg_loss=0.0148 elapsed=121.2min
[iter_double_only_3m] ep=13450 step=2723078/3000000 reward=29.0 len=523 eps=0.020 avg_loss=0.0135 elapsed=121.4min
[iter_double_only_3m] ep=13460 step=2726060/3000000 reward=5.0 len=211 eps=0.020 avg_loss=0.0128 elapsed=121.5min
[iter_double_only_3m] ep=13470 step=2729035/3000000 reward=24.0 len=477 eps=0.020 avg_loss=0.0150 elapsed=121.6min
[iter_double_only_3m] ep=13480 step=2731929/3000000 reward=0.0 len=78 eps=0.020 avg_loss=0.0092 elapsed=121.8min
[iter_double_only_3m] ep=13490 step=2734249/3000000 reward=16.0 len=285 eps=0.020 avg_loss=0.0144 elapsed=121.9min
[iter_double_only_3m] ep=13500 step=2737299/3000000 reward=2.0 len=62 eps=0.020 avg_loss=0.0178 elapsed=122.0min
[iter_double_only_3m] ep=13510 step=2740325/3000000 reward=31.0 len=585 eps=0.020 avg_loss=0.0141 elapsed=122.2min
[iter_double_only_3m] ep=13520 step=2742878/3000000 reward=15.0 len=295 eps=0.020 avg_loss=0.0130 elapsed=122.3min
[iter_double_only_3m] ep=13530 step=2747192/3000000 reward=13.0 len=354 eps=0.020 avg_loss=0.0126 elapsed=122.5min
[iter_double_only_3m] ep=13540 step=2749596/3000000 reward=33.0 len=786 eps=0.020 avg_loss=0.0114 elapsed=122.6min
[iter_double_only_3m] ep=13550 step=2751850/3000000 reward=1.0 len=55 eps=0.020 avg_loss=0.0090 elapsed=122.7min
[iter_double_only_3m] ep=13560 step=2754755/3000000 reward=7.0 len=157 eps=0.020 avg_loss=0.0181 elapsed=122.8min
[iter_double_only_3m] ep=13570 step=2757263/3000000 reward=15.0 len=316 eps=0.020 avg_loss=0.0106 elapsed=122.9min
[iter_double_only_3m] ep=13580 step=2760562/3000000 reward=15.0 len=231 eps=0.020 avg_loss=0.0095 elapsed=123.1min
[iter_double_only_3m] ep=13590 step=2763312/3000000 reward=1.0 len=18 eps=0.020 avg_loss=0.0067 elapsed=123.2min
[iter_double_only_3m] ep=13600 step=2766030/3000000 reward=13.0 len=258 eps=0.020 avg_loss=0.0096 elapsed=123.3min
[iter_double_only_3m] ep=13610 step=2769517/3000000 reward=10.0 len=371 eps=0.020 avg_loss=0.0101 elapsed=123.5min
[iter_double_only_3m] ep=13620 step=2773336/3000000 reward=3.0 len=103 eps=0.020 avg_loss=0.0111 elapsed=123.7min
[iter_double_only_3m] ep=13630 step=2776608/3000000 reward=33.0 len=767 eps=0.020 avg_loss=0.0122 elapsed=123.8min
[iter_double_only_3m] ep=13640 step=2780034/3000000 reward=16.0 len=533 eps=0.020 avg_loss=0.0131 elapsed=124.0min
[iter_double_only_3m] ep=13650 step=2783060/3000000 reward=8.0 len=359 eps=0.020 avg_loss=0.0174 elapsed=124.1min
[iter_double_only_3m] ep=13660 step=2787261/3000000 reward=13.0 len=664 eps=0.020 avg_loss=0.0131 elapsed=124.3min
[iter_double_only_3m] ep=13670 step=2791805/3000000 reward=26.0 len=501 eps=0.020 avg_loss=0.0118 elapsed=124.5min
[iter_double_only_3m] ep=13680 step=2794455/3000000 reward=11.0 len=186 eps=0.020 avg_loss=0.0105 elapsed=124.6min
[iter_double_only_3m] ep=13690 step=2797588/3000000 reward=22.0 len=590 eps=0.020 avg_loss=0.0112 elapsed=124.8min
[iter_double_only_3m] ep=13700 step=2801376/3000000 reward=31.0 len=646 eps=0.020 avg_loss=0.0130 elapsed=125.0min
[iter_double_only_3m] ep=13710 step=2804289/3000000 reward=1.0 len=193 eps=0.020 avg_loss=0.0112 elapsed=125.1min
[iter_double_only_3m] ep=13720 step=2807157/3000000 reward=0.0 len=97 eps=0.020 avg_loss=0.0095 elapsed=125.2min
[iter_double_only_3m] ep=13730 step=2809761/3000000 reward=19.0 len=270 eps=0.020 avg_loss=0.0112 elapsed=125.4min
[iter_double_only_3m] ep=13740 step=2812775/3000000 reward=2.0 len=87 eps=0.020 avg_loss=0.0187 elapsed=125.5min
[iter_double_only_3m] ep=13750 step=2815055/3000000 reward=2.0 len=82 eps=0.020 avg_loss=0.0107 elapsed=125.6min
[iter_double_only_3m] ep=13760 step=2817780/3000000 reward=12.0 len=179 eps=0.020 avg_loss=0.0132 elapsed=125.7min
[iter_double_only_3m] ep=13770 step=2820968/3000000 reward=1.0 len=91 eps=0.020 avg_loss=0.0128 elapsed=125.9min
[iter_double_only_3m] ep=13780 step=2823455/3000000 reward=12.0 len=336 eps=0.020 avg_loss=0.0114 elapsed=126.0min
[iter_double_only_3m] ep=13790 step=2826538/3000000 reward=0.0 len=101 eps=0.020 avg_loss=0.0145 elapsed=126.1min
[iter_double_only_3m] ep=13800 step=2829279/3000000 reward=2.0 len=118 eps=0.020 avg_loss=0.0121 elapsed=126.3min
[iter_double_only_3m] ep=13810 step=2832186/3000000 reward=1.0 len=55 eps=0.020 avg_loss=0.0107 elapsed=126.4min
[iter_double_only_3m] ep=13820 step=2834674/3000000 reward=4.0 len=121 eps=0.020 avg_loss=0.0163 elapsed=126.5min
[iter_double_only_3m] ep=13830 step=2838717/3000000 reward=10.0 len=265 eps=0.020 avg_loss=0.0129 elapsed=126.7min
[iter_double_only_3m] ep=13840 step=2841486/3000000 reward=21.0 len=301 eps=0.020 avg_loss=0.0139 elapsed=126.8min
[iter_double_only_3m] ep=13850 step=2844633/3000000 reward=20.0 len=653 eps=0.020 avg_loss=0.0154 elapsed=127.0min
[iter_double_only_3m] ep=13860 step=2846484/3000000 reward=0.0 len=59 eps=0.020 avg_loss=0.0141 elapsed=127.0min
[iter_double_only_3m] ep=13870 step=2849766/3000000 reward=0.0 len=87 eps=0.020 avg_loss=0.0089 elapsed=127.2min
[iter_double_only_3m] ep=13880 step=2852363/3000000 reward=8.0 len=174 eps=0.020 avg_loss=0.0127 elapsed=127.3min
[iter_double_only_3m] ep=13890 step=2855585/3000000 reward=2.0 len=51 eps=0.020 avg_loss=0.0152 elapsed=127.5min
[iter_double_only_3m] ep=13900 step=2859582/3000000 reward=14.0 len=420 eps=0.020 avg_loss=0.0126 elapsed=127.6min
[iter_double_only_3m] ep=13910 step=2862956/3000000 reward=2.0 len=140 eps=0.020 avg_loss=0.0131 elapsed=127.8min
[iter_double_only_3m] ep=13920 step=2866219/3000000 reward=35.0 len=743 eps=0.020 avg_loss=0.0126 elapsed=128.0min
[iter_double_only_3m] ep=13930 step=2868821/3000000 reward=0.0 len=134 eps=0.020 avg_loss=0.0101 elapsed=128.1min
[iter_double_only_3m] ep=13940 step=2871788/3000000 reward=5.0 len=302 eps=0.020 avg_loss=0.0133 elapsed=128.2min
[iter_double_only_3m] ep=13950 step=2874495/3000000 reward=8.0 len=189 eps=0.020 avg_loss=0.0144 elapsed=128.3min
[iter_double_only_3m] ep=13960 step=2877506/3000000 reward=16.0 len=392 eps=0.020 avg_loss=0.0117 elapsed=128.5min
[iter_double_only_3m] ep=13970 step=2879697/3000000 reward=7.0 len=218 eps=0.020 avg_loss=0.0114 elapsed=128.6min
[iter_double_only_3m] ep=13980 step=2882683/3000000 reward=22.0 len=300 eps=0.020 avg_loss=0.0146 elapsed=128.7min
[iter_double_only_3m] ep=13990 step=2885594/3000000 reward=0.0 len=95 eps=0.020 avg_loss=0.0085 elapsed=128.9min
[iter_double_only_3m] ep=14000 step=2889311/3000000 reward=8.0 len=222 eps=0.020 avg_loss=0.0128 elapsed=129.0min
[iter_double_only_3m] ep=14010 step=2892053/3000000 reward=8.0 len=230 eps=0.020 avg_loss=0.0192 elapsed=129.2min
[iter_double_only_3m] ep=14020 step=2894936/3000000 reward=36.0 len=682 eps=0.020 avg_loss=0.0131 elapsed=129.3min
[iter_double_only_3m] ep=14030 step=2898235/3000000 reward=0.0 len=250 eps=0.020 avg_loss=0.0155 elapsed=129.4min
[iter_double_only_3m] ep=14040 step=2900902/3000000 reward=28.0 len=416 eps=0.020 avg_loss=0.0144 elapsed=129.6min
[iter_double_only_3m] ep=14050 step=2902840/3000000 reward=8.0 len=173 eps=0.020 avg_loss=0.0111 elapsed=129.7min
[iter_double_only_3m] ep=14060 step=2905742/3000000 reward=2.0 len=103 eps=0.020 avg_loss=0.0109 elapsed=129.8min
[iter_double_only_3m] ep=14070 step=2908774/3000000 reward=13.0 len=192 eps=0.020 avg_loss=0.0125 elapsed=129.9min
[iter_double_only_3m] ep=14080 step=2911734/3000000 reward=4.0 len=108 eps=0.020 avg_loss=0.0180 elapsed=130.1min
[iter_double_only_3m] ep=14090 step=2915104/3000000 reward=11.0 len=399 eps=0.020 avg_loss=0.0134 elapsed=130.2min
[iter_double_only_3m] ep=14100 step=2919231/3000000 reward=4.0 len=581 eps=0.020 avg_loss=0.0128 elapsed=130.4min
[iter_double_only_3m] ep=14110 step=2922527/3000000 reward=22.0 len=356 eps=0.020 avg_loss=0.0170 elapsed=130.6min
[iter_double_only_3m] ep=14120 step=2924883/3000000 reward=16.0 len=354 eps=0.020 avg_loss=0.0152 elapsed=130.7min
[iter_double_only_3m] ep=14130 step=2927644/3000000 reward=2.0 len=259 eps=0.020 avg_loss=0.0128 elapsed=130.8min
[iter_double_only_3m] ep=14140 step=2930294/3000000 reward=3.0 len=81 eps=0.020 avg_loss=0.0170 elapsed=131.0min
[iter_double_only_3m] ep=14150 step=2933270/3000000 reward=24.0 len=556 eps=0.020 avg_loss=0.0127 elapsed=131.1min
[iter_double_only_3m] ep=14160 step=2937133/3000000 reward=23.0 len=511 eps=0.020 avg_loss=0.0167 elapsed=131.3min
[iter_double_only_3m] ep=14170 step=2940845/3000000 reward=6.0 len=205 eps=0.020 avg_loss=0.0132 elapsed=131.5min
[iter_double_only_3m] ep=14180 step=2942549/3000000 reward=8.0 len=133 eps=0.020 avg_loss=0.0136 elapsed=131.5min
[iter_double_only_3m] ep=14190 step=2945471/3000000 reward=14.0 len=329 eps=0.020 avg_loss=0.0125 elapsed=131.7min
[iter_double_only_3m] ep=14200 step=2949188/3000000 reward=33.0 len=742 eps=0.020 avg_loss=0.0135 elapsed=131.9min
[iter_double_only_3m] ep=14210 step=2953231/3000000 reward=1.0 len=88 eps=0.020 avg_loss=0.0126 elapsed=132.1min
[iter_double_only_3m] ep=14220 step=2956744/3000000 reward=35.0 len=748 eps=0.020 avg_loss=0.0135 elapsed=132.2min
[iter_double_only_3m] ep=14230 step=2959721/3000000 reward=4.0 len=142 eps=0.020 avg_loss=0.0116 elapsed=132.4min
[iter_double_only_3m] ep=14240 step=2962409/3000000 reward=5.0 len=235 eps=0.020 avg_loss=0.0157 elapsed=132.5min
[iter_double_only_3m] ep=14250 step=2965927/3000000 reward=20.0 len=452 eps=0.020 avg_loss=0.0147 elapsed=132.7min
[iter_double_only_3m] ep=14260 step=2968664/3000000 reward=1.0 len=140 eps=0.020 avg_loss=0.0139 elapsed=132.8min
[iter_double_only_3m] ep=14270 step=2972741/3000000 reward=18.0 len=406 eps=0.020 avg_loss=0.0172 elapsed=133.0min
[iter_double_only_3m] ep=14280 step=2975949/3000000 reward=2.0 len=72 eps=0.020 avg_loss=0.0132 elapsed=133.2min
[iter_double_only_3m] ep=14290 step=2979069/3000000 reward=4.0 len=139 eps=0.020 avg_loss=0.0089 elapsed=133.3min
[iter_double_only_3m] ep=14300 step=2982108/3000000 reward=14.0 len=369 eps=0.020 avg_loss=0.0144 elapsed=133.5min
[iter_double_only_3m] ep=14310 step=2984568/3000000 reward=1.0 len=111 eps=0.020 avg_loss=0.0117 elapsed=133.6min
[iter_double_only_3m] ep=14320 step=2987194/3000000 reward=1.0 len=202 eps=0.020 avg_loss=0.0107 elapsed=133.7min
[iter_double_only_3m] ep=14330 step=2991009/3000000 reward=19.0 len=324 eps=0.020 avg_loss=0.0139 elapsed=133.9min
[iter_double_only_3m] ep=14340 step=2993678/3000000 reward=3.0 len=51 eps=0.020 avg_loss=0.0164 elapsed=134.1min
[iter_double_only_3m] ep=14350 step=2996384/3000000 reward=5.0 len=314 eps=0.020 avg_loss=0.0137 elapsed=134.2min
[iter_double_only_3m] ep=14360 step=2999771/3000000 reward=30.0 len=705 eps=0.020 avg_loss=0.0134 elapsed=134.3min
[iter_double_only_3m] entrenamiento finalizado. Checkpoint final: checkpoints\iter_double_only_3m.pt
