A.L.E: Arcade Learning Environment (version 0.12.1+8a8fafb)
[Powered by Stella]
[iter04_clean5m] device=cuda n_actions=6 arch=dueling double_dqn=True
[iter04_clean5m] ep=10 step=2231/5000000 reward=6.0 len=330 eps=0.998 avg_loss=nan elapsed=0.0min
[iter04_clean5m] ep=20 step=4110/5000000 reward=7.0 len=305 eps=0.996 avg_loss=nan elapsed=0.1min
[iter04_clean5m] ep=30 step=5891/5000000 reward=1.0 len=69 eps=0.994 avg_loss=nan elapsed=0.1min
[iter04_clean5m] ep=40 step=8289/5000000 reward=3.0 len=221 eps=0.992 avg_loss=nan elapsed=0.1min
[iter04_clean5m] ep=50 step=9405/5000000 reward=0.0 len=94 eps=0.991 avg_loss=nan elapsed=0.1min
[iter04_clean5m] ep=60 step=11577/5000000 reward=9.0 len=367 eps=0.989 avg_loss=nan elapsed=0.2min
[iter04_clean5m] ep=70 step=13264/5000000 reward=9.0 len=346 eps=0.987 avg_loss=nan elapsed=0.2min
[iter04_clean5m] ep=80 step=14554/5000000 reward=2.0 len=125 eps=0.986 avg_loss=nan elapsed=0.2min
[iter04_clean5m] ep=90 step=16202/5000000 reward=6.0 len=348 eps=0.984 avg_loss=nan elapsed=0.2min
[iter04_clean5m] ep=100 step=17760/5000000 reward=2.0 len=128 eps=0.983 avg_loss=nan elapsed=0.2min
[iter04_clean5m] ep=110 step=19489/5000000 reward=3.0 len=259 eps=0.981 avg_loss=nan elapsed=0.3min
[iter04_clean5m] ep=120 step=21016/5000000 reward=1.0 len=106 eps=0.979 avg_loss=nan elapsed=0.3min
[iter04_clean5m] ep=130 step=22206/5000000 reward=2.0 len=144 eps=0.978 avg_loss=nan elapsed=0.3min
[iter04_clean5m] ep=140 step=24473/5000000 reward=1.0 len=95 eps=0.976 avg_loss=nan elapsed=0.3min
[iter04_clean5m] ep=150 step=26595/5000000 reward=2.0 len=144 eps=0.974 avg_loss=nan elapsed=0.3min
[iter04_clean5m] ep=160 step=27919/5000000 reward=4.0 len=117 eps=0.973 avg_loss=nan elapsed=0.4min
[iter04_clean5m] ep=170 step=29246/5000000 reward=0.0 len=72 eps=0.971 avg_loss=nan elapsed=0.4min
[iter04_clean5m] ep=180 step=30790/5000000 reward=5.0 len=265 eps=0.970 avg_loss=nan elapsed=0.4min
[iter04_clean5m] ep=190 step=32385/5000000 reward=2.0 len=123 eps=0.968 avg_loss=nan elapsed=0.4min
[iter04_clean5m] ep=200 step=33537/5000000 reward=1.0 len=66 eps=0.967 avg_loss=nan elapsed=0.4min
[iter04_clean5m] ep=210 step=35642/5000000 reward=3.0 len=199 eps=0.965 avg_loss=nan elapsed=0.5min
[iter04_clean5m] ep=220 step=37452/5000000 reward=1.0 len=126 eps=0.963 avg_loss=nan elapsed=0.5min
[iter04_clean5m] ep=230 step=38973/5000000 reward=3.0 len=224 eps=0.962 avg_loss=nan elapsed=0.5min
[iter04_clean5m] ep=240 step=40323/5000000 reward=4.0 len=176 eps=0.960 avg_loss=nan elapsed=0.5min
[iter04_clean5m] ep=250 step=42130/5000000 reward=3.0 len=92 eps=0.959 avg_loss=nan elapsed=0.5min
[iter04_clean5m] ep=260 step=43342/5000000 reward=4.0 len=142 eps=0.958 avg_loss=nan elapsed=0.6min
[iter04_clean5m] ep=270 step=45433/5000000 reward=10.0 len=359 eps=0.955 avg_loss=nan elapsed=0.6min
[iter04_clean5m] ep=280 step=46936/5000000 reward=1.0 len=92 eps=0.954 avg_loss=nan elapsed=0.6min
[iter04_clean5m] ep=290 step=48393/5000000 reward=1.0 len=72 eps=0.953 avg_loss=nan elapsed=0.6min
[iter04_clean5m] ep=300 step=49574/5000000 reward=1.0 len=160 eps=0.951 avg_loss=nan elapsed=0.6min
[iter04_clean5m] ep=310 step=51296/5000000 reward=2.0 len=145 eps=0.950 avg_loss=0.0102 elapsed=0.7min
[iter04_clean5m] ep=320 step=53566/5000000 reward=3.0 len=74 eps=0.948 avg_loss=0.0093 elapsed=0.8min
[iter04_clean5m] ep=330 step=55541/5000000 reward=7.0 len=195 eps=0.946 avg_loss=0.0126 elapsed=1.0min
[iter04_clean5m] ep=340 step=57267/5000000 reward=2.0 len=91 eps=0.944 avg_loss=0.0092 elapsed=1.1min
[iter04_clean5m] ep=350 step=59365/5000000 reward=2.0 len=119 eps=0.942 avg_loss=0.0102 elapsed=1.2min
[iter04_clean5m] ep=360 step=61274/5000000 reward=1.0 len=149 eps=0.940 avg_loss=0.0103 elapsed=1.3min
[iter04_clean5m] ep=370 step=63114/5000000 reward=3.0 len=71 eps=0.938 avg_loss=0.0119 elapsed=1.3min
[iter04_clean5m] ep=380 step=64907/5000000 reward=1.0 len=77 eps=0.936 avg_loss=0.0073 elapsed=1.4min
[iter04_clean5m] ep=390 step=67414/5000000 reward=7.0 len=306 eps=0.934 avg_loss=0.0080 elapsed=1.6min
[iter04_clean5m] ep=400 step=68959/5000000 reward=1.0 len=70 eps=0.932 avg_loss=0.0081 elapsed=1.6min
[iter04_clean5m] ep=410 step=70920/5000000 reward=3.0 len=67 eps=0.930 avg_loss=0.0078 elapsed=1.7min
[iter04_clean5m] ep=420 step=72920/5000000 reward=3.0 len=153 eps=0.929 avg_loss=0.0076 elapsed=1.8min
[iter04_clean5m] ep=430 step=74321/5000000 reward=5.0 len=95 eps=0.927 avg_loss=0.0073 elapsed=1.9min
[iter04_clean5m] ep=440 step=75986/5000000 reward=3.0 len=192 eps=0.926 avg_loss=0.0080 elapsed=2.0min
[iter04_clean5m] ep=450 step=78064/5000000 reward=7.0 len=288 eps=0.923 avg_loss=0.0068 elapsed=2.1min
[iter04_clean5m] ep=460 step=79871/5000000 reward=3.0 len=105 eps=0.922 avg_loss=0.0076 elapsed=2.2min
[iter04_clean5m] ep=470 step=81709/5000000 reward=1.0 len=222 eps=0.920 avg_loss=0.0071 elapsed=2.2min
[iter04_clean5m] ep=480 step=83404/5000000 reward=4.0 len=222 eps=0.918 avg_loss=0.0094 elapsed=2.3min
[iter04_clean5m] ep=490 step=84815/5000000 reward=2.0 len=58 eps=0.917 avg_loss=0.0046 elapsed=2.4min
[iter04_clean5m] ep=500 step=86727/5000000 reward=0.0 len=202 eps=0.915 avg_loss=0.0073 elapsed=2.5min
[iter04_clean5m] ep=510 step=88564/5000000 reward=5.0 len=178 eps=0.913 avg_loss=0.0076 elapsed=2.5min
[iter04_clean5m] ep=520 step=89796/5000000 reward=0.0 len=81 eps=0.912 avg_loss=0.0037 elapsed=2.6min
[iter04_clean5m] ep=530 step=91471/5000000 reward=2.0 len=106 eps=0.910 avg_loss=0.0052 elapsed=2.7min
[iter04_clean5m] ep=540 step=93372/5000000 reward=4.0 len=220 eps=0.908 avg_loss=0.0096 elapsed=2.8min
[iter04_clean5m] ep=550 step=95086/5000000 reward=2.0 len=74 eps=0.907 avg_loss=0.0113 elapsed=2.8min
[iter04_clean5m] ep=560 step=97442/5000000 reward=5.0 len=242 eps=0.905 avg_loss=0.0077 elapsed=2.9min
[iter04_clean5m] ep=570 step=99079/5000000 reward=1.0 len=103 eps=0.903 avg_loss=0.0100 elapsed=3.0min
[iter04_clean5m] ep=580 step=100576/5000000 reward=2.0 len=75 eps=0.901 avg_loss=0.0112 elapsed=3.1min
[iter04_clean5m] ep=590 step=103100/5000000 reward=3.0 len=165 eps=0.899 avg_loss=0.0064 elapsed=3.2min
[iter04_clean5m] ep=600 step=104595/5000000 reward=0.0 len=86 eps=0.897 avg_loss=0.0073 elapsed=3.3min
[iter04_clean5m] ep=610 step=106330/5000000 reward=2.0 len=65 eps=0.896 avg_loss=0.0045 elapsed=3.3min
[iter04_clean5m] ep=620 step=107748/5000000 reward=1.0 len=203 eps=0.894 avg_loss=0.0045 elapsed=3.4min
[iter04_clean5m] ep=630 step=109558/5000000 reward=3.0 len=183 eps=0.893 avg_loss=0.0063 elapsed=3.5min
[iter04_clean5m] ep=640 step=111548/5000000 reward=0.0 len=77 eps=0.891 avg_loss=0.0041 elapsed=3.6min
[iter04_clean5m] ep=650 step=113689/5000000 reward=0.0 len=169 eps=0.889 avg_loss=0.0047 elapsed=3.7min
[iter04_clean5m] ep=660 step=115013/5000000 reward=2.0 len=170 eps=0.887 avg_loss=0.0070 elapsed=3.7min
[iter04_clean5m] ep=670 step=116282/5000000 reward=1.0 len=62 eps=0.886 avg_loss=0.0043 elapsed=3.8min
[iter04_clean5m] ep=680 step=118230/5000000 reward=8.0 len=255 eps=0.884 avg_loss=0.0043 elapsed=3.9min
[iter04_clean5m] ep=690 step=119909/5000000 reward=5.0 len=145 eps=0.882 avg_loss=0.0062 elapsed=4.0min
[iter04_clean5m] ep=700 step=121511/5000000 reward=0.0 len=85 eps=0.881 avg_loss=0.0046 elapsed=4.0min
[iter04_clean5m] ep=710 step=122841/5000000 reward=3.0 len=87 eps=0.880 avg_loss=0.0041 elapsed=4.1min
[iter04_clean5m] ep=720 step=124283/5000000 reward=1.0 len=67 eps=0.878 avg_loss=0.0045 elapsed=4.2min
[iter04_clean5m] ep=730 step=126770/5000000 reward=3.0 len=163 eps=0.876 avg_loss=0.0027 elapsed=4.3min
[iter04_clean5m] ep=740 step=128373/5000000 reward=1.0 len=97 eps=0.874 avg_loss=0.0074 elapsed=4.4min
[iter04_clean5m] ep=750 step=129999/5000000 reward=2.0 len=147 eps=0.873 avg_loss=0.0052 elapsed=4.4min
[iter04_clean5m] ep=760 step=131318/5000000 reward=3.0 len=90 eps=0.871 avg_loss=0.0075 elapsed=4.5min
[iter04_clean5m] ep=770 step=134526/5000000 reward=9.0 len=436 eps=0.868 avg_loss=0.0079 elapsed=4.6min
[iter04_clean5m] ep=780 step=135691/5000000 reward=1.0 len=66 eps=0.867 avg_loss=0.0058 elapsed=4.7min
[iter04_clean5m] ep=790 step=137044/5000000 reward=3.0 len=149 eps=0.866 avg_loss=0.0065 elapsed=4.8min
[iter04_clean5m] ep=800 step=138841/5000000 reward=4.0 len=355 eps=0.864 avg_loss=0.0071 elapsed=4.8min
[iter04_clean5m] ep=810 step=140676/5000000 reward=7.0 len=194 eps=0.862 avg_loss=0.0069 elapsed=4.9min
[iter04_clean5m] ep=820 step=142101/5000000 reward=6.0 len=191 eps=0.861 avg_loss=0.0072 elapsed=5.0min
[iter04_clean5m] ep=830 step=143976/5000000 reward=23.0 len=788 eps=0.859 avg_loss=0.0055 elapsed=5.1min
[iter04_clean5m] ep=840 step=146199/5000000 reward=5.0 len=176 eps=0.857 avg_loss=0.0042 elapsed=5.2min
[iter04_clean5m] ep=850 step=147845/5000000 reward=2.0 len=62 eps=0.855 avg_loss=0.0059 elapsed=5.3min
[iter04_clean5m] ep=860 step=149099/5000000 reward=3.0 len=192 eps=0.854 avg_loss=0.0075 elapsed=5.3min
[iter04_clean5m] ep=870 step=151354/5000000 reward=4.0 len=143 eps=0.852 avg_loss=0.0035 elapsed=5.4min
[iter04_clean5m] ep=880 step=152999/5000000 reward=2.0 len=57 eps=0.850 avg_loss=0.0086 elapsed=5.5min
[iter04_clean5m] ep=890 step=154254/5000000 reward=4.0 len=92 eps=0.849 avg_loss=0.0036 elapsed=5.5min
[iter04_clean5m] ep=900 step=155871/5000000 reward=5.0 len=215 eps=0.847 avg_loss=0.0039 elapsed=5.6min
[iter04_clean5m] ep=910 step=157502/5000000 reward=4.0 len=130 eps=0.846 avg_loss=0.0047 elapsed=5.7min
[iter04_clean5m] ep=920 step=159546/5000000 reward=5.0 len=171 eps=0.844 avg_loss=0.0052 elapsed=5.8min
[iter04_clean5m] ep=930 step=160903/5000000 reward=3.0 len=151 eps=0.842 avg_loss=0.0042 elapsed=5.8min
[iter04_clean5m] ep=940 step=162277/5000000 reward=4.0 len=100 eps=0.841 avg_loss=0.0055 elapsed=5.9min
[iter04_clean5m] ep=950 step=163790/5000000 reward=0.0 len=64 eps=0.839 avg_loss=0.0033 elapsed=6.0min
[iter04_clean5m] ep=960 step=165704/5000000 reward=3.0 len=144 eps=0.838 avg_loss=0.0053 elapsed=6.1min
[iter04_clean5m] ep=970 step=166917/5000000 reward=2.0 len=150 eps=0.836 avg_loss=0.0065 elapsed=6.1min
[iter04_clean5m] ep=980 step=168681/5000000 reward=14.0 len=476 eps=0.835 avg_loss=0.0053 elapsed=6.2min
[iter04_clean5m] ep=990 step=170420/5000000 reward=5.0 len=196 eps=0.833 avg_loss=0.0067 elapsed=6.3min
[iter04_clean5m] ep=1000 step=172298/5000000 reward=1.0 len=68 eps=0.831 avg_loss=0.0078 elapsed=6.4min
[iter04_clean5m] ep=1010 step=174586/5000000 reward=2.0 len=100 eps=0.829 avg_loss=0.0072 elapsed=6.5min
[iter04_clean5m] ep=1020 step=176247/5000000 reward=6.0 len=173 eps=0.827 avg_loss=0.0039 elapsed=6.6min
[iter04_clean5m] ep=1030 step=177756/5000000 reward=2.0 len=60 eps=0.826 avg_loss=0.0041 elapsed=6.6min
[iter04_clean5m] ep=1040 step=179258/5000000 reward=2.0 len=134 eps=0.824 avg_loss=0.0056 elapsed=6.7min
[iter04_clean5m] ep=1050 step=180717/5000000 reward=7.0 len=184 eps=0.823 avg_loss=0.0048 elapsed=6.8min
[iter04_clean5m] ep=1060 step=182665/5000000 reward=8.0 len=358 eps=0.821 avg_loss=0.0046 elapsed=6.8min
[iter04_clean5m] ep=1070 step=184482/5000000 reward=4.0 len=149 eps=0.819 avg_loss=0.0055 elapsed=6.9min
[iter04_clean5m] ep=1080 step=186098/5000000 reward=3.0 len=150 eps=0.818 avg_loss=0.0048 elapsed=7.0min
[iter04_clean5m] ep=1090 step=187496/5000000 reward=1.0 len=71 eps=0.816 avg_loss=0.0056 elapsed=7.1min
[iter04_clean5m] ep=1100 step=189082/5000000 reward=1.0 len=68 eps=0.815 avg_loss=0.0042 elapsed=7.1min
[iter04_clean5m] ep=1110 step=190458/5000000 reward=6.0 len=208 eps=0.813 avg_loss=0.0048 elapsed=7.2min
[iter04_clean5m] ep=1120 step=192130/5000000 reward=1.0 len=167 eps=0.812 avg_loss=0.0038 elapsed=7.3min
[iter04_clean5m] ep=1130 step=193653/5000000 reward=3.0 len=233 eps=0.810 avg_loss=0.0048 elapsed=7.4min
[iter04_clean5m] ep=1140 step=194960/5000000 reward=8.0 len=275 eps=0.809 avg_loss=0.0056 elapsed=7.4min
[iter04_clean5m] ep=1150 step=196268/5000000 reward=8.0 len=179 eps=0.808 avg_loss=0.0056 elapsed=7.5min
[iter04_clean5m] ep=1160 step=198123/5000000 reward=4.0 len=186 eps=0.806 avg_loss=0.0044 elapsed=7.6min
[iter04_clean5m] ep=1170 step=199536/5000000 reward=9.0 len=336 eps=0.804 avg_loss=0.0050 elapsed=7.6min
[iter04_clean5m] ep=1180 step=201045/5000000 reward=3.0 len=96 eps=0.803 avg_loss=0.0043 elapsed=7.7min
[iter04_clean5m] ep=1190 step=202895/5000000 reward=0.0 len=62 eps=0.801 avg_loss=0.0040 elapsed=7.8min
[iter04_clean5m] ep=1200 step=204476/5000000 reward=3.0 len=143 eps=0.800 avg_loss=0.0036 elapsed=7.8min
[iter04_clean5m] ep=1210 step=205522/5000000 reward=1.0 len=59 eps=0.799 avg_loss=0.0027 elapsed=7.9min
[iter04_clean5m] ep=1220 step=207170/5000000 reward=3.0 len=212 eps=0.797 avg_loss=0.0048 elapsed=8.0min
[iter04_clean5m] ep=1230 step=208944/5000000 reward=1.0 len=127 eps=0.795 avg_loss=0.0040 elapsed=8.1min
[iter04_clean5m] ep=1240 step=210656/5000000 reward=0.0 len=80 eps=0.794 avg_loss=0.0091 elapsed=8.1min
[iter04_clean5m] ep=1250 step=212483/5000000 reward=5.0 len=143 eps=0.792 avg_loss=0.0071 elapsed=8.2min
[iter04_clean5m] ep=1260 step=214627/5000000 reward=0.0 len=119 eps=0.790 avg_loss=0.0061 elapsed=8.3min
[iter04_clean5m] ep=1270 step=216244/5000000 reward=2.0 len=272 eps=0.788 avg_loss=0.0071 elapsed=8.4min
[iter04_clean5m] ep=1280 step=217587/5000000 reward=3.0 len=101 eps=0.787 avg_loss=0.0046 elapsed=8.5min
[iter04_clean5m] ep=1290 step=220153/5000000 reward=7.0 len=193 eps=0.784 avg_loss=0.0055 elapsed=8.6min
[iter04_clean5m] ep=1300 step=221748/5000000 reward=5.0 len=171 eps=0.783 avg_loss=0.0034 elapsed=8.6min
[iter04_clean5m] ep=1310 step=223032/5000000 reward=1.0 len=88 eps=0.781 avg_loss=0.0038 elapsed=8.7min
[iter04_clean5m] ep=1320 step=224965/5000000 reward=5.0 len=374 eps=0.780 avg_loss=0.0044 elapsed=8.8min
[iter04_clean5m] ep=1330 step=226687/5000000 reward=0.0 len=63 eps=0.778 avg_loss=0.0051 elapsed=8.9min
[iter04_clean5m] ep=1340 step=228828/5000000 reward=2.0 len=83 eps=0.776 avg_loss=0.0023 elapsed=9.0min
[iter04_clean5m] ep=1350 step=230343/5000000 reward=9.0 len=367 eps=0.774 avg_loss=0.0048 elapsed=9.0min
[iter04_clean5m] ep=1360 step=232219/5000000 reward=2.0 len=72 eps=0.772 avg_loss=0.0054 elapsed=9.1min
[iter04_clean5m] ep=1370 step=233590/5000000 reward=3.0 len=161 eps=0.771 avg_loss=0.0043 elapsed=9.2min
[iter04_clean5m] ep=1380 step=235891/5000000 reward=5.0 len=493 eps=0.769 avg_loss=0.0044 elapsed=9.3min
[iter04_clean5m] ep=1390 step=237186/5000000 reward=1.0 len=77 eps=0.768 avg_loss=0.0027 elapsed=9.4min
[iter04_clean5m] ep=1400 step=239021/5000000 reward=2.0 len=58 eps=0.766 avg_loss=0.0039 elapsed=9.4min
[iter04_clean5m] ep=1410 step=240870/5000000 reward=12.0 len=597 eps=0.764 avg_loss=0.0046 elapsed=9.5min
[iter04_clean5m] ep=1420 step=242517/5000000 reward=5.0 len=182 eps=0.762 avg_loss=0.0050 elapsed=9.6min
[iter04_clean5m] ep=1430 step=244091/5000000 reward=12.0 len=290 eps=0.761 avg_loss=0.0057 elapsed=9.7min
[iter04_clean5m] ep=1440 step=245573/5000000 reward=2.0 len=269 eps=0.759 avg_loss=0.0050 elapsed=9.7min
[iter04_clean5m] ep=1450 step=247039/5000000 reward=3.0 len=130 eps=0.758 avg_loss=0.0061 elapsed=9.8min
[iter04_clean5m] ep=1460 step=249245/5000000 reward=5.0 len=234 eps=0.756 avg_loss=0.0037 elapsed=9.9min
[iter04_clean5m] ep=1470 step=251081/5000000 reward=0.0 len=72 eps=0.754 avg_loss=0.0075 elapsed=10.0min
[iter04_clean5m] ep=1480 step=252911/5000000 reward=0.0 len=189 eps=0.752 avg_loss=0.0048 elapsed=10.1min
[iter04_clean5m] ep=1490 step=254337/5000000 reward=1.0 len=148 eps=0.751 avg_loss=0.0049 elapsed=10.2min
[iter04_clean5m] ep=1500 step=256483/5000000 reward=1.0 len=70 eps=0.749 avg_loss=0.0040 elapsed=10.3min
[iter04_clean5m] ep=1510 step=257986/5000000 reward=1.0 len=93 eps=0.747 avg_loss=0.0054 elapsed=10.3min
[iter04_clean5m] ep=1520 step=259746/5000000 reward=7.0 len=221 eps=0.745 avg_loss=0.0047 elapsed=10.4min
[iter04_clean5m] ep=1530 step=261542/5000000 reward=4.0 len=283 eps=0.744 avg_loss=0.0040 elapsed=10.5min
[iter04_clean5m] ep=1540 step=263695/5000000 reward=1.0 len=126 eps=0.742 avg_loss=0.0054 elapsed=10.6min
[iter04_clean5m] ep=1550 step=266049/5000000 reward=9.0 len=398 eps=0.739 avg_loss=0.0052 elapsed=10.7min
[iter04_clean5m] ep=1560 step=267938/5000000 reward=5.0 len=252 eps=0.737 avg_loss=0.0049 elapsed=10.8min
[iter04_clean5m] ep=1570 step=269642/5000000 reward=1.0 len=83 eps=0.736 avg_loss=0.0057 elapsed=10.9min
[iter04_clean5m] ep=1580 step=271696/5000000 reward=1.0 len=157 eps=0.734 avg_loss=0.0040 elapsed=11.0min
[iter04_clean5m] ep=1590 step=273098/5000000 reward=4.0 len=310 eps=0.732 avg_loss=0.0046 elapsed=11.0min
[iter04_clean5m] ep=1600 step=274691/5000000 reward=0.0 len=108 eps=0.731 avg_loss=0.0052 elapsed=11.1min
[iter04_clean5m] ep=1610 step=276576/5000000 reward=0.0 len=129 eps=0.729 avg_loss=0.0042 elapsed=11.2min
[iter04_clean5m] ep=1620 step=277760/5000000 reward=2.0 len=82 eps=0.728 avg_loss=0.0041 elapsed=11.3min
[iter04_clean5m] ep=1630 step=279045/5000000 reward=2.0 len=219 eps=0.727 avg_loss=0.0038 elapsed=11.3min
[iter04_clean5m] ep=1640 step=280609/5000000 reward=7.0 len=375 eps=0.725 avg_loss=0.0052 elapsed=11.4min
[iter04_clean5m] ep=1650 step=282520/5000000 reward=3.0 len=192 eps=0.723 avg_loss=0.0053 elapsed=11.5min
[iter04_clean5m] ep=1660 step=284256/5000000 reward=5.0 len=188 eps=0.721 avg_loss=0.0046 elapsed=11.6min
[iter04_clean5m] ep=1670 step=285746/5000000 reward=0.0 len=101 eps=0.720 avg_loss=0.0066 elapsed=11.6min
[iter04_clean5m] ep=1680 step=287598/5000000 reward=2.0 len=57 eps=0.718 avg_loss=0.0041 elapsed=11.7min
[iter04_clean5m] ep=1690 step=289518/5000000 reward=3.0 len=183 eps=0.716 avg_loss=0.0040 elapsed=11.8min
[iter04_clean5m] ep=1700 step=290952/5000000 reward=3.0 len=185 eps=0.715 avg_loss=0.0065 elapsed=11.9min
[iter04_clean5m] ep=1710 step=292230/5000000 reward=2.0 len=140 eps=0.714 avg_loss=0.0050 elapsed=11.9min
[iter04_clean5m] ep=1720 step=293640/5000000 reward=4.0 len=351 eps=0.712 avg_loss=0.0059 elapsed=12.0min
[iter04_clean5m] ep=1730 step=295575/5000000 reward=1.0 len=150 eps=0.710 avg_loss=0.0071 elapsed=12.1min
[iter04_clean5m] ep=1740 step=297017/5000000 reward=5.0 len=119 eps=0.709 avg_loss=0.0066 elapsed=12.2min
[iter04_clean5m] ep=1750 step=298934/5000000 reward=0.0 len=77 eps=0.707 avg_loss=0.0043 elapsed=12.3min
[iter04_clean5m] ep=1760 step=300560/5000000 reward=0.0 len=118 eps=0.705 avg_loss=0.0055 elapsed=12.3min
[iter04_clean5m] ep=1770 step=302288/5000000 reward=19.0 len=537 eps=0.704 avg_loss=0.0046 elapsed=12.4min
[iter04_clean5m] ep=1780 step=303409/5000000 reward=0.0 len=79 eps=0.703 avg_loss=0.0048 elapsed=12.5min
[iter04_clean5m] ep=1790 step=304911/5000000 reward=1.0 len=173 eps=0.701 avg_loss=0.0055 elapsed=12.5min
[iter04_clean5m] ep=1800 step=306212/5000000 reward=1.0 len=73 eps=0.700 avg_loss=0.0035 elapsed=12.6min
[iter04_clean5m] ep=1810 step=307606/5000000 reward=1.0 len=93 eps=0.699 avg_loss=0.0049 elapsed=12.7min
[iter04_clean5m] ep=1820 step=309224/5000000 reward=14.0 len=405 eps=0.697 avg_loss=0.0055 elapsed=12.7min
[iter04_clean5m] ep=1830 step=311163/5000000 reward=0.0 len=73 eps=0.695 avg_loss=0.0057 elapsed=12.8min
[iter04_clean5m] ep=1840 step=312779/5000000 reward=3.0 len=199 eps=0.693 avg_loss=0.0058 elapsed=12.9min
[iter04_clean5m] ep=1850 step=313763/5000000 reward=0.0 len=95 eps=0.693 avg_loss=0.0040 elapsed=13.0min
[iter04_clean5m] ep=1860 step=315433/5000000 reward=0.0 len=207 eps=0.691 avg_loss=0.0046 elapsed=13.0min
[iter04_clean5m] ep=1870 step=317571/5000000 reward=5.0 len=266 eps=0.689 avg_loss=0.0047 elapsed=13.1min
[iter04_clean5m] ep=1880 step=319067/5000000 reward=8.0 len=220 eps=0.687 avg_loss=0.0049 elapsed=13.2min
[iter04_clean5m] ep=1890 step=320698/5000000 reward=2.0 len=133 eps=0.686 avg_loss=0.0050 elapsed=13.3min
[iter04_clean5m] ep=1900 step=322504/5000000 reward=4.0 len=150 eps=0.684 avg_loss=0.0043 elapsed=13.4min
[iter04_clean5m] ep=1910 step=323911/5000000 reward=1.0 len=132 eps=0.683 avg_loss=0.0055 elapsed=13.4min
[iter04_clean5m] ep=1920 step=325269/5000000 reward=0.0 len=122 eps=0.681 avg_loss=0.0049 elapsed=13.5min
[iter04_clean5m] ep=1930 step=327134/5000000 reward=1.0 len=99 eps=0.679 avg_loss=0.0043 elapsed=13.6min
[iter04_clean5m] ep=1940 step=328725/5000000 reward=9.0 len=183 eps=0.678 avg_loss=0.0047 elapsed=13.7min
[iter04_clean5m] ep=1950 step=330466/5000000 reward=11.0 len=273 eps=0.676 avg_loss=0.0096 elapsed=13.8min
[iter04_clean5m] ep=1960 step=331966/5000000 reward=2.0 len=205 eps=0.675 avg_loss=0.0069 elapsed=13.8min
[iter04_clean5m] ep=1970 step=333308/5000000 reward=6.0 len=156 eps=0.673 avg_loss=0.0059 elapsed=13.9min
[iter04_clean5m] ep=1980 step=335179/5000000 reward=4.0 len=173 eps=0.672 avg_loss=0.0069 elapsed=14.0min
[iter04_clean5m] ep=1990 step=336698/5000000 reward=3.0 len=155 eps=0.670 avg_loss=0.0064 elapsed=14.0min
[iter04_clean5m] ep=2000 step=339549/5000000 reward=11.0 len=367 eps=0.667 avg_loss=0.0057 elapsed=14.2min
[iter04_clean5m] ep=2010 step=342459/5000000 reward=6.0 len=377 eps=0.664 avg_loss=0.0061 elapsed=14.3min
[iter04_clean5m] ep=2020 step=344429/5000000 reward=2.0 len=249 eps=0.662 avg_loss=0.0057 elapsed=14.4min
[iter04_clean5m] ep=2030 step=346274/5000000 reward=3.0 len=197 eps=0.661 avg_loss=0.0057 elapsed=14.5min
[iter04_clean5m] ep=2040 step=348496/5000000 reward=3.0 len=114 eps=0.658 avg_loss=0.0079 elapsed=14.6min
[iter04_clean5m] ep=2050 step=350051/5000000 reward=0.0 len=97 eps=0.657 avg_loss=0.0063 elapsed=14.7min
[iter04_clean5m] ep=2060 step=351636/5000000 reward=3.0 len=146 eps=0.655 avg_loss=0.0069 elapsed=14.8min
[iter04_clean5m] ep=2070 step=353252/5000000 reward=2.0 len=100 eps=0.654 avg_loss=0.0058 elapsed=14.8min
[iter04_clean5m] ep=2080 step=355102/5000000 reward=2.0 len=180 eps=0.652 avg_loss=0.0059 elapsed=14.9min
[iter04_clean5m] ep=2090 step=356640/5000000 reward=4.0 len=171 eps=0.650 avg_loss=0.0046 elapsed=15.0min
[iter04_clean5m] ep=2100 step=358066/5000000 reward=4.0 len=190 eps=0.649 avg_loss=0.0049 elapsed=15.1min
[iter04_clean5m] ep=2110 step=360107/5000000 reward=0.0 len=64 eps=0.647 avg_loss=0.0043 elapsed=15.2min
[iter04_clean5m] ep=2120 step=361443/5000000 reward=7.0 len=274 eps=0.646 avg_loss=0.0054 elapsed=15.2min
[iter04_clean5m] ep=2130 step=363132/5000000 reward=1.0 len=113 eps=0.644 avg_loss=0.0057 elapsed=15.3min
[iter04_clean5m] ep=2140 step=364586/5000000 reward=0.0 len=128 eps=0.643 avg_loss=0.0053 elapsed=15.4min
[iter04_clean5m] ep=2150 step=366175/5000000 reward=3.0 len=154 eps=0.641 avg_loss=0.0052 elapsed=15.5min
[iter04_clean5m] ep=2160 step=367781/5000000 reward=8.0 len=233 eps=0.640 avg_loss=0.0060 elapsed=15.5min
[iter04_clean5m] ep=2170 step=369062/5000000 reward=5.0 len=118 eps=0.638 avg_loss=0.0059 elapsed=15.6min
[iter04_clean5m] ep=2180 step=370873/5000000 reward=6.0 len=216 eps=0.637 avg_loss=0.0087 elapsed=15.7min
[iter04_clean5m] ep=2190 step=372338/5000000 reward=0.0 len=135 eps=0.635 avg_loss=0.0047 elapsed=15.8min
[iter04_clean5m] ep=2200 step=373806/5000000 reward=0.0 len=95 eps=0.634 avg_loss=0.0074 elapsed=15.8min
[iter04_clean5m] ep=2210 step=375453/5000000 reward=5.0 len=187 eps=0.632 avg_loss=0.0054 elapsed=15.9min
[iter04_clean5m] ep=2220 step=376952/5000000 reward=4.0 len=121 eps=0.631 avg_loss=0.0069 elapsed=16.0min
[iter04_clean5m] ep=2230 step=378479/5000000 reward=2.0 len=173 eps=0.629 avg_loss=0.0065 elapsed=16.1min
[iter04_clean5m] ep=2240 step=380115/5000000 reward=7.0 len=236 eps=0.627 avg_loss=0.0079 elapsed=16.1min
[iter04_clean5m] ep=2250 step=381346/5000000 reward=2.0 len=70 eps=0.626 avg_loss=0.0076 elapsed=16.2min
[iter04_clean5m] ep=2260 step=382760/5000000 reward=3.0 len=109 eps=0.625 avg_loss=0.0069 elapsed=16.3min
[iter04_clean5m] ep=2270 step=384902/5000000 reward=22.0 len=648 eps=0.623 avg_loss=0.0066 elapsed=16.4min
[iter04_clean5m] ep=2280 step=386334/5000000 reward=6.0 len=190 eps=0.621 avg_loss=0.0053 elapsed=16.4min
[iter04_clean5m] ep=2290 step=387396/5000000 reward=1.0 len=80 eps=0.620 avg_loss=0.0058 elapsed=16.5min
[iter04_clean5m] ep=2300 step=389501/5000000 reward=1.0 len=86 eps=0.618 avg_loss=0.0048 elapsed=16.6min
[iter04_clean5m] ep=2310 step=391114/5000000 reward=1.0 len=76 eps=0.617 avg_loss=0.0077 elapsed=16.7min
[iter04_clean5m] ep=2320 step=393009/5000000 reward=2.0 len=58 eps=0.615 avg_loss=0.0071 elapsed=16.8min
[iter04_clean5m] ep=2330 step=395131/5000000 reward=3.0 len=144 eps=0.613 avg_loss=0.0058 elapsed=16.9min
[iter04_clean5m] ep=2340 step=396887/5000000 reward=0.0 len=76 eps=0.611 avg_loss=0.0060 elapsed=16.9min
[iter04_clean5m] ep=2350 step=398514/5000000 reward=1.0 len=72 eps=0.609 avg_loss=0.0095 elapsed=17.0min
[iter04_clean5m] ep=2360 step=401095/5000000 reward=6.0 len=285 eps=0.607 avg_loss=0.0059 elapsed=17.2min
[iter04_clean5m] ep=2370 step=402632/5000000 reward=4.0 len=136 eps=0.605 avg_loss=0.0072 elapsed=17.2min
[iter04_clean5m] ep=2380 step=404679/5000000 reward=3.0 len=136 eps=0.603 avg_loss=0.0056 elapsed=17.3min
[iter04_clean5m] ep=2390 step=406143/5000000 reward=12.0 len=252 eps=0.602 avg_loss=0.0072 elapsed=17.4min
[iter04_clean5m] ep=2400 step=408065/5000000 reward=4.0 len=102 eps=0.600 avg_loss=0.0043 elapsed=17.5min
[iter04_clean5m] ep=2410 step=409868/5000000 reward=1.0 len=64 eps=0.598 avg_loss=0.0062 elapsed=17.6min
[iter04_clean5m] ep=2420 step=411957/5000000 reward=4.0 len=147 eps=0.596 avg_loss=0.0088 elapsed=17.7min
[iter04_clean5m] ep=2430 step=413502/5000000 reward=2.0 len=152 eps=0.595 avg_loss=0.0064 elapsed=17.8min
[iter04_clean5m] ep=2440 step=415059/5000000 reward=3.0 len=90 eps=0.593 avg_loss=0.0089 elapsed=17.9min
[iter04_clean5m] ep=2450 step=416788/5000000 reward=7.0 len=190 eps=0.592 avg_loss=0.0078 elapsed=18.0min
[iter04_clean5m] ep=2460 step=418643/5000000 reward=1.0 len=97 eps=0.590 avg_loss=0.0054 elapsed=18.1min
[iter04_clean5m] ep=2470 step=420425/5000000 reward=1.0 len=84 eps=0.588 avg_loss=0.0081 elapsed=18.1min
[iter04_clean5m] ep=2480 step=422234/5000000 reward=6.0 len=186 eps=0.586 avg_loss=0.0068 elapsed=18.2min
[iter04_clean5m] ep=2490 step=423701/5000000 reward=3.0 len=132 eps=0.585 avg_loss=0.0072 elapsed=18.3min
[iter04_clean5m] ep=2500 step=425659/5000000 reward=3.0 len=213 eps=0.583 avg_loss=0.0062 elapsed=18.4min
[iter04_clean5m] ep=2510 step=427403/5000000 reward=6.0 len=163 eps=0.581 avg_loss=0.0078 elapsed=18.5min
[iter04_clean5m] ep=2520 step=429216/5000000 reward=1.0 len=73 eps=0.579 avg_loss=0.0059 elapsed=18.6min
[iter04_clean5m] ep=2530 step=431065/5000000 reward=4.0 len=123 eps=0.578 avg_loss=0.0059 elapsed=18.7min
[iter04_clean5m] ep=2540 step=432735/5000000 reward=12.0 len=276 eps=0.576 avg_loss=0.0066 elapsed=18.8min
[iter04_clean5m] ep=2550 step=434080/5000000 reward=2.0 len=59 eps=0.575 avg_loss=0.0067 elapsed=18.8min
[iter04_clean5m] ep=2560 step=435492/5000000 reward=9.0 len=283 eps=0.573 avg_loss=0.0057 elapsed=18.9min
[iter04_clean5m] ep=2570 step=437102/5000000 reward=7.0 len=194 eps=0.572 avg_loss=0.0081 elapsed=19.0min
[iter04_clean5m] ep=2580 step=439085/5000000 reward=4.0 len=181 eps=0.570 avg_loss=0.0055 elapsed=19.1min
[iter04_clean5m] ep=2590 step=440891/5000000 reward=9.0 len=191 eps=0.568 avg_loss=0.0064 elapsed=19.2min
[iter04_clean5m] ep=2600 step=442623/5000000 reward=9.0 len=209 eps=0.566 avg_loss=0.0071 elapsed=19.3min
[iter04_clean5m] ep=2610 step=444124/5000000 reward=0.0 len=241 eps=0.565 avg_loss=0.0072 elapsed=19.3min
[iter04_clean5m] ep=2620 step=445931/5000000 reward=14.0 len=339 eps=0.563 avg_loss=0.0078 elapsed=19.4min
[iter04_clean5m] ep=2630 step=447369/5000000 reward=2.0 len=151 eps=0.562 avg_loss=0.0065 elapsed=19.5min
[iter04_clean5m] ep=2640 step=449164/5000000 reward=9.0 len=367 eps=0.560 avg_loss=0.0075 elapsed=19.6min
[iter04_clean5m] ep=2650 step=451349/5000000 reward=1.0 len=109 eps=0.558 avg_loss=0.0076 elapsed=19.7min
[iter04_clean5m] ep=2660 step=453460/5000000 reward=6.0 len=147 eps=0.556 avg_loss=0.0060 elapsed=19.8min
[iter04_clean5m] ep=2670 step=455170/5000000 reward=2.0 len=57 eps=0.554 avg_loss=0.0092 elapsed=19.9min
[iter04_clean5m] ep=2680 step=456428/5000000 reward=3.0 len=74 eps=0.553 avg_loss=0.0065 elapsed=20.0min
[iter04_clean5m] ep=2690 step=458679/5000000 reward=9.0 len=318 eps=0.550 avg_loss=0.0075 elapsed=20.1min
[iter04_clean5m] ep=2700 step=460479/5000000 reward=2.0 len=63 eps=0.549 avg_loss=0.0073 elapsed=20.2min
[iter04_clean5m] ep=2710 step=462437/5000000 reward=1.0 len=123 eps=0.547 avg_loss=0.0102 elapsed=20.3min
[iter04_clean5m] ep=2720 step=465001/5000000 reward=14.0 len=406 eps=0.544 avg_loss=0.0077 elapsed=20.4min
[iter04_clean5m] ep=2730 step=466785/5000000 reward=12.0 len=357 eps=0.543 avg_loss=0.0076 elapsed=20.5min
[iter04_clean5m] ep=2740 step=468436/5000000 reward=1.0 len=135 eps=0.541 avg_loss=0.0055 elapsed=20.6min
[iter04_clean5m] ep=2750 step=470347/5000000 reward=9.0 len=357 eps=0.539 avg_loss=0.0067 elapsed=20.6min
[iter04_clean5m] ep=2760 step=472187/5000000 reward=0.0 len=104 eps=0.537 avg_loss=0.0074 elapsed=20.7min
[iter04_clean5m] ep=2770 step=473964/5000000 reward=2.0 len=159 eps=0.536 avg_loss=0.0073 elapsed=20.8min
[iter04_clean5m] ep=2780 step=475792/5000000 reward=7.0 len=245 eps=0.534 avg_loss=0.0058 elapsed=20.9min
[iter04_clean5m] ep=2790 step=477662/5000000 reward=9.0 len=235 eps=0.532 avg_loss=0.0060 elapsed=21.0min
[iter04_clean5m] ep=2800 step=479518/5000000 reward=1.0 len=95 eps=0.530 avg_loss=0.0072 elapsed=21.1min
[iter04_clean5m] ep=2810 step=481145/5000000 reward=12.0 len=328 eps=0.528 avg_loss=0.0065 elapsed=21.2min
[iter04_clean5m] ep=2820 step=483170/5000000 reward=9.0 len=238 eps=0.526 avg_loss=0.0068 elapsed=21.3min
[iter04_clean5m] ep=2830 step=484655/5000000 reward=2.0 len=200 eps=0.525 avg_loss=0.0064 elapsed=21.4min
[iter04_clean5m] ep=2840 step=486757/5000000 reward=5.0 len=186 eps=0.523 avg_loss=0.0065 elapsed=21.5min
[iter04_clean5m] ep=2850 step=488368/5000000 reward=2.0 len=62 eps=0.521 avg_loss=0.0069 elapsed=21.6min
[iter04_clean5m] ep=2860 step=489935/5000000 reward=0.0 len=72 eps=0.520 avg_loss=0.0070 elapsed=21.6min
[iter04_clean5m] ep=2870 step=491613/5000000 reward=18.0 len=534 eps=0.518 avg_loss=0.0071 elapsed=21.7min
[iter04_clean5m] ep=2880 step=492849/5000000 reward=1.0 len=149 eps=0.517 avg_loss=0.0061 elapsed=21.8min
[iter04_clean5m] ep=2890 step=495201/5000000 reward=2.0 len=100 eps=0.515 avg_loss=0.0076 elapsed=21.9min
[iter04_clean5m] ep=2900 step=497473/5000000 reward=1.0 len=102 eps=0.512 avg_loss=0.0079 elapsed=22.0min
[iter04_clean5m] ep=2910 step=499531/5000000 reward=3.0 len=175 eps=0.510 avg_loss=0.0060 elapsed=22.1min
[iter04_clean5m] ep=2920 step=501101/5000000 reward=0.0 len=90 eps=0.509 avg_loss=0.0057 elapsed=22.2min
[iter04_clean5m] ep=2930 step=502816/5000000 reward=3.0 len=148 eps=0.507 avg_loss=0.0068 elapsed=22.3min
[iter04_clean5m] ep=2940 step=504491/5000000 reward=2.0 len=102 eps=0.506 avg_loss=0.0066 elapsed=22.4min
[iter04_clean5m] ep=2950 step=506941/5000000 reward=7.0 len=212 eps=0.503 avg_loss=0.0065 elapsed=22.5min
[iter04_clean5m] ep=2960 step=508473/5000000 reward=2.0 len=96 eps=0.502 avg_loss=0.0073 elapsed=22.6min
[iter04_clean5m] ep=2970 step=510229/5000000 reward=2.0 len=119 eps=0.500 avg_loss=0.0063 elapsed=22.7min
[iter04_clean5m] ep=2980 step=511858/5000000 reward=6.0 len=189 eps=0.498 avg_loss=0.0066 elapsed=22.7min
[iter04_clean5m] ep=2990 step=513758/5000000 reward=12.0 len=300 eps=0.497 avg_loss=0.0064 elapsed=22.8min
[iter04_clean5m] ep=3000 step=515368/5000000 reward=2.0 len=129 eps=0.495 avg_loss=0.0066 elapsed=22.9min
[iter04_clean5m] ep=3010 step=517325/5000000 reward=12.0 len=524 eps=0.493 avg_loss=0.0066 elapsed=23.0min
[iter04_clean5m] ep=3020 step=519008/5000000 reward=0.0 len=134 eps=0.491 avg_loss=0.0060 elapsed=23.1min
[iter04_clean5m] ep=3030 step=520876/5000000 reward=6.0 len=120 eps=0.490 avg_loss=0.0062 elapsed=23.2min
[iter04_clean5m] ep=3040 step=522888/5000000 reward=9.0 len=373 eps=0.488 avg_loss=0.0073 elapsed=23.3min
[iter04_clean5m] ep=3050 step=524392/5000000 reward=2.0 len=55 eps=0.486 avg_loss=0.0056 elapsed=23.4min
[iter04_clean5m] ep=3060 step=526349/5000000 reward=3.0 len=222 eps=0.484 avg_loss=0.0070 elapsed=23.5min
[iter04_clean5m] ep=3070 step=528447/5000000 reward=5.0 len=177 eps=0.482 avg_loss=0.0073 elapsed=23.6min
[iter04_clean5m] ep=3080 step=529846/5000000 reward=2.0 len=61 eps=0.481 avg_loss=0.0057 elapsed=23.7min
[iter04_clean5m] ep=3090 step=532160/5000000 reward=11.0 len=440 eps=0.478 avg_loss=0.0073 elapsed=23.8min
[iter04_clean5m] ep=3100 step=533932/5000000 reward=2.0 len=59 eps=0.477 avg_loss=0.0070 elapsed=23.9min
[iter04_clean5m] ep=3110 step=535361/5000000 reward=2.0 len=128 eps=0.475 avg_loss=0.0107 elapsed=23.9min
[iter04_clean5m] ep=3120 step=536898/5000000 reward=9.0 len=190 eps=0.474 avg_loss=0.0087 elapsed=24.0min
[iter04_clean5m] ep=3130 step=539091/5000000 reward=6.0 len=178 eps=0.472 avg_loss=0.0082 elapsed=24.1min
[iter04_clean5m] ep=3140 step=541559/5000000 reward=25.0 len=674 eps=0.469 avg_loss=0.0074 elapsed=24.3min
[iter04_clean5m] ep=3150 step=543310/5000000 reward=7.0 len=301 eps=0.468 avg_loss=0.0079 elapsed=24.4min
[iter04_clean5m] ep=3160 step=544811/5000000 reward=3.0 len=170 eps=0.466 avg_loss=0.0083 elapsed=24.4min
[iter04_clean5m] ep=3170 step=546522/5000000 reward=2.0 len=62 eps=0.464 avg_loss=0.0045 elapsed=24.5min
[iter04_clean5m] ep=3180 step=548443/5000000 reward=8.0 len=185 eps=0.463 avg_loss=0.0080 elapsed=24.6min
[iter04_clean5m] ep=3190 step=550278/5000000 reward=1.0 len=89 eps=0.461 avg_loss=0.0090 elapsed=24.7min
[iter04_clean5m] ep=3200 step=552132/5000000 reward=1.0 len=127 eps=0.459 avg_loss=0.0062 elapsed=24.8min
[iter04_clean5m] ep=3210 step=553675/5000000 reward=0.0 len=115 eps=0.457 avg_loss=0.0050 elapsed=24.9min
[iter04_clean5m] ep=3220 step=555107/5000000 reward=1.0 len=115 eps=0.456 avg_loss=0.0079 elapsed=25.0min
[iter04_clean5m] ep=3230 step=556606/5000000 reward=2.0 len=71 eps=0.455 avg_loss=0.0046 elapsed=25.0min
[iter04_clean5m] ep=3240 step=557965/5000000 reward=0.0 len=80 eps=0.453 avg_loss=0.0084 elapsed=25.1min
[iter04_clean5m] ep=3250 step=559954/5000000 reward=1.0 len=60 eps=0.451 avg_loss=0.0065 elapsed=25.2min
[iter04_clean5m] ep=3260 step=561687/5000000 reward=6.0 len=185 eps=0.450 avg_loss=0.0064 elapsed=25.3min
[iter04_clean5m] ep=3270 step=563246/5000000 reward=10.0 len=232 eps=0.448 avg_loss=0.0070 elapsed=25.4min
[iter04_clean5m] ep=3280 step=564719/5000000 reward=4.0 len=89 eps=0.447 avg_loss=0.0085 elapsed=25.5min
[iter04_clean5m] ep=3290 step=566610/5000000 reward=7.0 len=173 eps=0.445 avg_loss=0.0069 elapsed=25.6min
[iter04_clean5m] ep=3300 step=568538/5000000 reward=4.0 len=155 eps=0.443 avg_loss=0.0071 elapsed=25.7min
[iter04_clean5m] ep=3310 step=569736/5000000 reward=2.0 len=61 eps=0.442 avg_loss=0.0071 elapsed=25.7min
[iter04_clean5m] ep=3320 step=571717/5000000 reward=2.0 len=214 eps=0.440 avg_loss=0.0084 elapsed=25.8min
[iter04_clean5m] ep=3330 step=573736/5000000 reward=2.0 len=121 eps=0.438 avg_loss=0.0088 elapsed=25.9min
[iter04_clean5m] ep=3340 step=575141/5000000 reward=2.0 len=57 eps=0.436 avg_loss=0.0062 elapsed=26.0min
[iter04_clean5m] ep=3350 step=576471/5000000 reward=11.0 len=238 eps=0.435 avg_loss=0.0076 elapsed=26.1min
[iter04_clean5m] ep=3360 step=577848/5000000 reward=5.0 len=149 eps=0.434 avg_loss=0.0066 elapsed=26.2min
[iter04_clean5m] ep=3370 step=579418/5000000 reward=2.0 len=60 eps=0.432 avg_loss=0.0083 elapsed=26.2min
[iter04_clean5m] ep=3380 step=581010/5000000 reward=2.0 len=94 eps=0.431 avg_loss=0.0069 elapsed=26.3min
[iter04_clean5m] ep=3390 step=582867/5000000 reward=4.0 len=177 eps=0.429 avg_loss=0.0070 elapsed=26.4min
[iter04_clean5m] ep=3400 step=584771/5000000 reward=1.0 len=74 eps=0.427 avg_loss=0.0092 elapsed=26.5min
[iter04_clean5m] ep=3410 step=586078/5000000 reward=4.0 len=127 eps=0.426 avg_loss=0.0076 elapsed=26.6min
[iter04_clean5m] ep=3420 step=587947/5000000 reward=11.0 len=312 eps=0.424 avg_loss=0.0088 elapsed=26.7min
[iter04_clean5m] ep=3430 step=589918/5000000 reward=5.0 len=136 eps=0.422 avg_loss=0.0093 elapsed=26.8min
[iter04_clean5m] ep=3440 step=591924/5000000 reward=8.0 len=330 eps=0.420 avg_loss=0.0076 elapsed=26.9min
[iter04_clean5m] ep=3450 step=593813/5000000 reward=9.0 len=299 eps=0.418 avg_loss=0.0064 elapsed=27.0min
[iter04_clean5m] ep=3460 step=595154/5000000 reward=2.0 len=61 eps=0.417 avg_loss=0.0057 elapsed=27.0min
[iter04_clean5m] ep=3470 step=596984/5000000 reward=2.0 len=121 eps=0.415 avg_loss=0.0079 elapsed=27.1min
[iter04_clean5m] ep=3480 step=599229/5000000 reward=4.0 len=114 eps=0.413 avg_loss=0.0066 elapsed=27.3min
[iter04_clean5m] ep=3490 step=601181/5000000 reward=1.0 len=78 eps=0.411 avg_loss=0.0082 elapsed=27.4min
[iter04_clean5m] ep=3500 step=602659/5000000 reward=4.0 len=162 eps=0.409 avg_loss=0.0071 elapsed=27.4min
[iter04_clean5m] ep=3510 step=604196/5000000 reward=1.0 len=119 eps=0.408 avg_loss=0.0060 elapsed=27.5min
[iter04_clean5m] ep=3520 step=606581/5000000 reward=3.0 len=84 eps=0.406 avg_loss=0.0095 elapsed=27.6min
[iter04_clean5m] ep=3530 step=608408/5000000 reward=4.0 len=154 eps=0.404 avg_loss=0.0075 elapsed=27.7min
[iter04_clean5m] ep=3540 step=610240/5000000 reward=1.0 len=66 eps=0.402 avg_loss=0.0058 elapsed=27.8min
[iter04_clean5m] ep=3550 step=611611/5000000 reward=14.0 len=368 eps=0.401 avg_loss=0.0074 elapsed=27.9min
[iter04_clean5m] ep=3560 step=613210/5000000 reward=7.0 len=183 eps=0.399 avg_loss=0.0079 elapsed=28.0min
[iter04_clean5m] ep=3570 step=614997/5000000 reward=3.0 len=133 eps=0.397 avg_loss=0.0072 elapsed=28.1min
[iter04_clean5m] ep=3580 step=616745/5000000 reward=1.0 len=86 eps=0.396 avg_loss=0.0106 elapsed=28.2min
[iter04_clean5m] ep=3590 step=618174/5000000 reward=5.0 len=160 eps=0.394 avg_loss=0.0072 elapsed=28.3min
[iter04_clean5m] ep=3600 step=619564/5000000 reward=5.0 len=134 eps=0.393 avg_loss=0.0101 elapsed=28.3min
[iter04_clean5m] ep=3610 step=621075/5000000 reward=2.0 len=112 eps=0.391 avg_loss=0.0068 elapsed=28.4min
[iter04_clean5m] ep=3620 step=623295/5000000 reward=8.0 len=217 eps=0.389 avg_loss=0.0084 elapsed=28.5min
[iter04_clean5m] ep=3630 step=624759/5000000 reward=0.0 len=84 eps=0.388 avg_loss=0.0079 elapsed=28.6min
[iter04_clean5m] ep=3640 step=626363/5000000 reward=2.0 len=179 eps=0.386 avg_loss=0.0079 elapsed=28.7min
[iter04_clean5m] ep=3650 step=628638/5000000 reward=13.0 len=314 eps=0.384 avg_loss=0.0073 elapsed=28.8min
[iter04_clean5m] ep=3660 step=630746/5000000 reward=0.0 len=74 eps=0.382 avg_loss=0.0060 elapsed=28.9min
[iter04_clean5m] ep=3670 step=632485/5000000 reward=1.0 len=67 eps=0.380 avg_loss=0.0089 elapsed=29.0min
[iter04_clean5m] ep=3680 step=633892/5000000 reward=7.0 len=217 eps=0.379 avg_loss=0.0066 elapsed=29.1min
[iter04_clean5m] ep=3690 step=635439/5000000 reward=3.0 len=134 eps=0.377 avg_loss=0.0079 elapsed=29.2min
[iter04_clean5m] ep=3700 step=636899/5000000 reward=1.0 len=79 eps=0.376 avg_loss=0.0101 elapsed=29.2min
[iter04_clean5m] ep=3710 step=639042/5000000 reward=22.0 len=458 eps=0.374 avg_loss=0.0082 elapsed=29.3min
[iter04_clean5m] ep=3720 step=640882/5000000 reward=2.0 len=59 eps=0.372 avg_loss=0.0057 elapsed=29.4min
[iter04_clean5m] ep=3730 step=642594/5000000 reward=1.0 len=161 eps=0.370 avg_loss=0.0072 elapsed=29.5min
[iter04_clean5m] ep=3740 step=644155/5000000 reward=5.0 len=170 eps=0.369 avg_loss=0.0065 elapsed=29.6min
[iter04_clean5m] ep=3750 step=646163/5000000 reward=10.0 len=276 eps=0.367 avg_loss=0.0064 elapsed=29.7min
[iter04_clean5m] ep=3760 step=648267/5000000 reward=23.0 len=599 eps=0.365 avg_loss=0.0067 elapsed=29.8min
[iter04_clean5m] ep=3770 step=649841/5000000 reward=5.0 len=95 eps=0.363 avg_loss=0.0065 elapsed=29.9min
[iter04_clean5m] ep=3780 step=651878/5000000 reward=3.0 len=179 eps=0.361 avg_loss=0.0067 elapsed=30.0min
[iter04_clean5m] ep=3790 step=654248/5000000 reward=11.0 len=334 eps=0.359 avg_loss=0.0100 elapsed=30.1min
[iter04_clean5m] ep=3800 step=656548/5000000 reward=1.0 len=108 eps=0.357 avg_loss=0.0068 elapsed=30.3min
[iter04_clean5m] ep=3810 step=657986/5000000 reward=7.0 len=172 eps=0.355 avg_loss=0.0072 elapsed=30.3min
[iter04_clean5m] ep=3820 step=660248/5000000 reward=24.0 len=658 eps=0.353 avg_loss=0.0083 elapsed=30.5min
[iter04_clean5m] ep=3830 step=662302/5000000 reward=2.0 len=77 eps=0.351 avg_loss=0.0068 elapsed=30.6min
[iter04_clean5m] ep=3840 step=664048/5000000 reward=16.0 len=307 eps=0.349 avg_loss=0.0073 elapsed=30.7min
[iter04_clean5m] ep=3850 step=665669/5000000 reward=10.0 len=348 eps=0.348 avg_loss=0.0072 elapsed=30.7min
[iter04_clean5m] ep=3860 step=667396/5000000 reward=0.0 len=82 eps=0.346 avg_loss=0.0091 elapsed=30.8min
[iter04_clean5m] ep=3870 step=668815/5000000 reward=7.0 len=191 eps=0.345 avg_loss=0.0076 elapsed=30.9min
[iter04_clean5m] ep=3880 step=670471/5000000 reward=6.0 len=232 eps=0.343 avg_loss=0.0073 elapsed=31.0min
[iter04_clean5m] ep=3890 step=672503/5000000 reward=3.0 len=180 eps=0.341 avg_loss=0.0080 elapsed=31.1min
[iter04_clean5m] ep=3900 step=674568/5000000 reward=23.0 len=621 eps=0.339 avg_loss=0.0078 elapsed=31.2min
[iter04_clean5m] ep=3910 step=676245/5000000 reward=0.0 len=82 eps=0.337 avg_loss=0.0076 elapsed=31.3min
[iter04_clean5m] ep=3920 step=678162/5000000 reward=20.0 len=570 eps=0.335 avg_loss=0.0078 elapsed=31.4min
[iter04_clean5m] ep=3930 step=680549/5000000 reward=11.0 len=321 eps=0.333 avg_loss=0.0078 elapsed=31.6min
[iter04_clean5m] ep=3940 step=682760/5000000 reward=18.0 len=480 eps=0.331 avg_loss=0.0084 elapsed=31.7min
[iter04_clean5m] ep=3950 step=683946/5000000 reward=0.0 len=57 eps=0.330 avg_loss=0.0104 elapsed=31.7min
[iter04_clean5m] ep=3960 step=686302/5000000 reward=17.0 len=408 eps=0.327 avg_loss=0.0073 elapsed=31.9min
[iter04_clean5m] ep=3970 step=688224/5000000 reward=9.0 len=196 eps=0.326 avg_loss=0.0085 elapsed=32.0min
[iter04_clean5m] ep=3980 step=689898/5000000 reward=1.0 len=59 eps=0.324 avg_loss=0.0071 elapsed=32.1min
[iter04_clean5m] ep=3990 step=691290/5000000 reward=6.0 len=150 eps=0.323 avg_loss=0.0083 elapsed=32.1min
[iter04_clean5m] ep=4000 step=692529/5000000 reward=3.0 len=93 eps=0.321 avg_loss=0.0102 elapsed=32.2min
[iter04_clean5m] ep=4010 step=694036/5000000 reward=2.0 len=109 eps=0.320 avg_loss=0.0072 elapsed=32.3min
[iter04_clean5m] ep=4020 step=696087/5000000 reward=2.0 len=89 eps=0.318 avg_loss=0.0104 elapsed=32.4min
[iter04_clean5m] ep=4030 step=697324/5000000 reward=0.0 len=75 eps=0.317 avg_loss=0.0114 elapsed=32.5min
[iter04_clean5m] ep=4040 step=699352/5000000 reward=15.0 len=314 eps=0.315 avg_loss=0.0088 elapsed=32.6min
[iter04_clean5m] ep=4050 step=700639/5000000 reward=4.0 len=143 eps=0.313 avg_loss=0.0088 elapsed=32.6min
[iter04_clean5m] ep=4060 step=702375/5000000 reward=0.0 len=68 eps=0.312 avg_loss=0.0089 elapsed=32.7min
[iter04_clean5m] ep=4070 step=704437/5000000 reward=8.0 len=194 eps=0.310 avg_loss=0.0069 elapsed=32.9min
[iter04_clean5m] ep=4080 step=706370/5000000 reward=1.0 len=62 eps=0.308 avg_loss=0.0082 elapsed=33.0min
[iter04_clean5m] ep=4090 step=707994/5000000 reward=0.0 len=62 eps=0.306 avg_loss=0.0057 elapsed=33.0min
[iter04_clean5m] ep=4100 step=709842/5000000 reward=13.0 len=285 eps=0.304 avg_loss=0.0086 elapsed=33.1min
[iter04_clean5m] ep=4110 step=711622/5000000 reward=9.0 len=348 eps=0.303 avg_loss=0.0085 elapsed=33.2min
[iter04_clean5m] ep=4120 step=713615/5000000 reward=1.0 len=74 eps=0.301 avg_loss=0.0086 elapsed=33.3min
[iter04_clean5m] ep=4130 step=715516/5000000 reward=6.0 len=144 eps=0.299 avg_loss=0.0080 elapsed=33.5min
[iter04_clean5m] ep=4140 step=717489/5000000 reward=2.0 len=135 eps=0.297 avg_loss=0.0070 elapsed=33.6min
[iter04_clean5m] ep=4150 step=719244/5000000 reward=1.0 len=104 eps=0.295 avg_loss=0.0093 elapsed=33.7min
[iter04_clean5m] ep=4160 step=720815/5000000 reward=7.0 len=166 eps=0.294 avg_loss=0.0086 elapsed=33.7min
[iter04_clean5m] ep=4170 step=722436/5000000 reward=1.0 len=129 eps=0.292 avg_loss=0.0060 elapsed=33.8min
[iter04_clean5m] ep=4180 step=724457/5000000 reward=2.0 len=197 eps=0.290 avg_loss=0.0085 elapsed=33.9min
[iter04_clean5m] ep=4190 step=726290/5000000 reward=9.0 len=306 eps=0.288 avg_loss=0.0085 elapsed=34.0min
[iter04_clean5m] ep=4200 step=728136/5000000 reward=0.0 len=99 eps=0.286 avg_loss=0.0058 elapsed=34.1min
[iter04_clean5m] ep=4210 step=730386/5000000 reward=7.0 len=259 eps=0.284 avg_loss=0.0087 elapsed=34.3min
[iter04_clean5m] ep=4220 step=732109/5000000 reward=7.0 len=193 eps=0.283 avg_loss=0.0093 elapsed=34.3min
[iter04_clean5m] ep=4230 step=733899/5000000 reward=6.0 len=129 eps=0.281 avg_loss=0.0103 elapsed=34.4min
[iter04_clean5m] ep=4240 step=736110/5000000 reward=7.0 len=231 eps=0.279 avg_loss=0.0082 elapsed=34.6min
[iter04_clean5m] ep=4250 step=738139/5000000 reward=6.0 len=149 eps=0.277 avg_loss=0.0090 elapsed=34.7min
[iter04_clean5m] ep=4260 step=740285/5000000 reward=9.0 len=314 eps=0.275 avg_loss=0.0077 elapsed=34.8min
[iter04_clean5m] ep=4270 step=741597/5000000 reward=0.0 len=138 eps=0.273 avg_loss=0.0083 elapsed=34.9min
[iter04_clean5m] ep=4280 step=743108/5000000 reward=4.0 len=132 eps=0.272 avg_loss=0.0085 elapsed=34.9min
[iter04_clean5m] ep=4290 step=744868/5000000 reward=3.0 len=123 eps=0.270 avg_loss=0.0068 elapsed=35.0min
[iter04_clean5m] ep=4300 step=747156/5000000 reward=3.0 len=164 eps=0.268 avg_loss=0.0095 elapsed=35.2min
[iter04_clean5m] ep=4310 step=748874/5000000 reward=9.0 len=184 eps=0.266 avg_loss=0.0091 elapsed=35.3min
[iter04_clean5m] ep=4320 step=750862/5000000 reward=8.0 len=174 eps=0.264 avg_loss=0.0100 elapsed=35.4min
[iter04_clean5m] ep=4330 step=752005/5000000 reward=3.0 len=103 eps=0.263 avg_loss=0.0082 elapsed=35.4min
[iter04_clean5m] ep=4340 step=753291/5000000 reward=2.0 len=89 eps=0.262 avg_loss=0.0061 elapsed=35.5min
[iter04_clean5m] ep=4350 step=755285/5000000 reward=3.0 len=109 eps=0.260 avg_loss=0.0072 elapsed=35.6min
[iter04_clean5m] ep=4360 step=756829/5000000 reward=0.0 len=73 eps=0.258 avg_loss=0.0084 elapsed=35.7min
[iter04_clean5m] ep=4370 step=758398/5000000 reward=4.0 len=108 eps=0.257 avg_loss=0.0064 elapsed=35.8min
[iter04_clean5m] ep=4380 step=760516/5000000 reward=8.0 len=217 eps=0.255 avg_loss=0.0076 elapsed=35.9min
[iter04_clean5m] ep=4390 step=762642/5000000 reward=3.0 len=110 eps=0.253 avg_loss=0.0082 elapsed=36.0min
[iter04_clean5m] ep=4400 step=764907/5000000 reward=9.0 len=270 eps=0.250 avg_loss=0.0076 elapsed=36.1min
[iter04_clean5m] ep=4410 step=765995/5000000 reward=3.0 len=105 eps=0.249 avg_loss=0.0061 elapsed=36.2min
[iter04_clean5m] ep=4420 step=767871/5000000 reward=1.0 len=63 eps=0.247 avg_loss=0.0079 elapsed=36.3min
[iter04_clean5m] ep=4430 step=769804/5000000 reward=9.0 len=163 eps=0.246 avg_loss=0.0079 elapsed=36.4min
[iter04_clean5m] ep=4440 step=772027/5000000 reward=13.0 len=425 eps=0.243 avg_loss=0.0100 elapsed=36.5min
[iter04_clean5m] ep=4450 step=773806/5000000 reward=8.0 len=207 eps=0.242 avg_loss=0.0108 elapsed=36.6min
[iter04_clean5m] ep=4460 step=775874/5000000 reward=5.0 len=255 eps=0.240 avg_loss=0.0089 elapsed=36.7min
[iter04_clean5m] ep=4470 step=777328/5000000 reward=3.0 len=99 eps=0.238 avg_loss=0.0083 elapsed=36.8min
[iter04_clean5m] ep=4480 step=779365/5000000 reward=5.0 len=188 eps=0.236 avg_loss=0.0080 elapsed=36.9min
[iter04_clean5m] ep=4490 step=780993/5000000 reward=1.0 len=103 eps=0.235 avg_loss=0.0087 elapsed=37.0min
[iter04_clean5m] ep=4500 step=783107/5000000 reward=12.0 len=421 eps=0.233 avg_loss=0.0089 elapsed=37.1min
[iter04_clean5m] ep=4510 step=785067/5000000 reward=1.0 len=164 eps=0.231 avg_loss=0.0081 elapsed=37.2min
[iter04_clean5m] ep=4520 step=786703/5000000 reward=6.0 len=300 eps=0.229 avg_loss=0.0088 elapsed=37.3min
[iter04_clean5m] ep=4530 step=788169/5000000 reward=8.0 len=157 eps=0.228 avg_loss=0.0087 elapsed=37.4min
[iter04_clean5m] ep=4540 step=790487/5000000 reward=10.0 len=365 eps=0.225 avg_loss=0.0074 elapsed=37.5min
[iter04_clean5m] ep=4550 step=793189/5000000 reward=25.0 len=553 eps=0.223 avg_loss=0.0079 elapsed=37.7min
[iter04_clean5m] ep=4560 step=794762/5000000 reward=4.0 len=154 eps=0.221 avg_loss=0.0080 elapsed=37.7min
[iter04_clean5m] ep=4570 step=796083/5000000 reward=4.0 len=115 eps=0.220 avg_loss=0.0080 elapsed=37.8min
[iter04_clean5m] ep=4580 step=798018/5000000 reward=2.0 len=136 eps=0.218 avg_loss=0.0083 elapsed=37.9min
[iter04_clean5m] ep=4590 step=800044/5000000 reward=3.0 len=87 eps=0.216 avg_loss=0.0081 elapsed=38.0min
[iter04_clean5m] ep=4600 step=802144/5000000 reward=20.0 len=415 eps=0.214 avg_loss=0.0087 elapsed=38.1min
[iter04_clean5m] ep=4610 step=804594/5000000 reward=1.0 len=76 eps=0.211 avg_loss=0.0064 elapsed=38.3min
[iter04_clean5m] ep=4620 step=805790/5000000 reward=2.0 len=213 eps=0.210 avg_loss=0.0067 elapsed=38.3min
[iter04_clean5m] ep=4630 step=808418/5000000 reward=1.0 len=79 eps=0.208 avg_loss=0.0074 elapsed=38.5min
[iter04_clean5m] ep=4640 step=809760/5000000 reward=6.0 len=123 eps=0.206 avg_loss=0.0071 elapsed=38.5min
[iter04_clean5m] ep=4650 step=811959/5000000 reward=7.0 len=177 eps=0.204 avg_loss=0.0088 elapsed=38.6min
[iter04_clean5m] ep=4660 step=813602/5000000 reward=4.0 len=107 eps=0.203 avg_loss=0.0083 elapsed=38.7min
[iter04_clean5m] ep=4670 step=815597/5000000 reward=6.0 len=132 eps=0.201 avg_loss=0.0079 elapsed=38.8min
[iter04_clean5m] ep=4680 step=817068/5000000 reward=3.0 len=129 eps=0.199 avg_loss=0.0076 elapsed=38.9min
[iter04_clean5m] ep=4690 step=818655/5000000 reward=7.0 len=144 eps=0.198 avg_loss=0.0095 elapsed=39.0min
[iter04_clean5m] ep=4700 step=820346/5000000 reward=11.0 len=316 eps=0.196 avg_loss=0.0080 elapsed=39.1min
[iter04_clean5m] ep=4710 step=821913/5000000 reward=4.0 len=219 eps=0.195 avg_loss=0.0094 elapsed=39.2min
[iter04_clean5m] ep=4720 step=823492/5000000 reward=7.0 len=151 eps=0.193 avg_loss=0.0086 elapsed=39.3min
[iter04_clean5m] ep=4730 step=824717/5000000 reward=1.0 len=58 eps=0.192 avg_loss=0.0068 elapsed=39.3min
[iter04_clean5m] ep=4740 step=826429/5000000 reward=0.0 len=82 eps=0.190 avg_loss=0.0082 elapsed=39.4min
[iter04_clean5m] ep=4750 step=827977/5000000 reward=13.0 len=291 eps=0.189 avg_loss=0.0077 elapsed=39.5min
[iter04_clean5m] ep=4760 step=829354/5000000 reward=2.0 len=57 eps=0.187 avg_loss=0.0086 elapsed=39.6min
[iter04_clean5m] ep=4770 step=830673/5000000 reward=4.0 len=154 eps=0.186 avg_loss=0.0081 elapsed=39.6min
[iter04_clean5m] ep=4780 step=832280/5000000 reward=6.0 len=169 eps=0.184 avg_loss=0.0065 elapsed=39.7min
[iter04_clean5m] ep=4790 step=833533/5000000 reward=2.0 len=58 eps=0.183 avg_loss=0.0076 elapsed=39.8min
[iter04_clean5m] ep=4800 step=835365/5000000 reward=2.0 len=151 eps=0.181 avg_loss=0.0076 elapsed=39.9min
[iter04_clean5m] ep=4810 step=836655/5000000 reward=6.0 len=115 eps=0.180 avg_loss=0.0064 elapsed=39.9min
[iter04_clean5m] ep=4820 step=838253/5000000 reward=1.0 len=95 eps=0.179 avg_loss=0.0083 elapsed=40.0min
[iter04_clean5m] ep=4830 step=839777/5000000 reward=5.0 len=143 eps=0.177 avg_loss=0.0088 elapsed=40.1min
[iter04_clean5m] ep=4840 step=841559/5000000 reward=4.0 len=119 eps=0.175 avg_loss=0.0073 elapsed=40.2min
[iter04_clean5m] ep=4850 step=843378/5000000 reward=2.0 len=61 eps=0.173 avg_loss=0.0073 elapsed=40.3min
[iter04_clean5m] ep=4860 step=845034/5000000 reward=3.0 len=165 eps=0.172 avg_loss=0.0074 elapsed=40.4min
[iter04_clean5m] ep=4870 step=846786/5000000 reward=7.0 len=151 eps=0.170 avg_loss=0.0080 elapsed=40.5min
[iter04_clean5m] ep=4880 step=848597/5000000 reward=18.0 len=408 eps=0.168 avg_loss=0.0079 elapsed=40.6min
[iter04_clean5m] ep=4890 step=850090/5000000 reward=9.0 len=274 eps=0.167 avg_loss=0.0082 elapsed=40.7min
[iter04_clean5m] ep=4900 step=852149/5000000 reward=11.0 len=176 eps=0.165 avg_loss=0.0093 elapsed=40.8min
[iter04_clean5m] ep=4910 step=854248/5000000 reward=6.0 len=164 eps=0.163 avg_loss=0.0093 elapsed=40.9min
[iter04_clean5m] ep=4920 step=855949/5000000 reward=0.0 len=96 eps=0.161 avg_loss=0.0121 elapsed=41.0min
[iter04_clean5m] ep=4930 step=857103/5000000 reward=9.0 len=185 eps=0.160 avg_loss=0.0083 elapsed=41.0min
[iter04_clean5m] ep=4940 step=858950/5000000 reward=5.0 len=112 eps=0.158 avg_loss=0.0077 elapsed=41.1min
[iter04_clean5m] ep=4950 step=860896/5000000 reward=18.0 len=314 eps=0.156 avg_loss=0.0090 elapsed=41.2min
[iter04_clean5m] ep=4960 step=863211/5000000 reward=4.0 len=140 eps=0.154 avg_loss=0.0092 elapsed=41.3min
[iter04_clean5m] ep=4970 step=865042/5000000 reward=2.0 len=176 eps=0.152 avg_loss=0.0074 elapsed=41.4min
[iter04_clean5m] ep=4980 step=867419/5000000 reward=2.0 len=55 eps=0.150 avg_loss=0.0112 elapsed=41.6min
[iter04_clean5m] ep=4990 step=870032/5000000 reward=7.0 len=167 eps=0.147 avg_loss=0.0085 elapsed=41.7min
[iter04_clean5m] ep=5000 step=871807/5000000 reward=5.0 len=138 eps=0.146 avg_loss=0.0100 elapsed=41.8min
[iter04_clean5m] ep=5010 step=874079/5000000 reward=6.0 len=151 eps=0.143 avg_loss=0.0083 elapsed=41.9min
[iter04_clean5m] ep=5020 step=875896/5000000 reward=6.0 len=186 eps=0.142 avg_loss=0.0073 elapsed=42.0min
[iter04_clean5m] ep=5030 step=877376/5000000 reward=15.0 len=414 eps=0.140 avg_loss=0.0075 elapsed=42.1min
[iter04_clean5m] ep=5040 step=879328/5000000 reward=9.0 len=240 eps=0.138 avg_loss=0.0095 elapsed=42.2min
[iter04_clean5m] ep=5050 step=880997/5000000 reward=2.0 len=145 eps=0.137 avg_loss=0.0075 elapsed=42.3min
[iter04_clean5m] ep=5060 step=882702/5000000 reward=1.0 len=95 eps=0.135 avg_loss=0.0076 elapsed=42.4min
[iter04_clean5m] ep=5070 step=884057/5000000 reward=5.0 len=184 eps=0.134 avg_loss=0.0093 elapsed=42.4min
[iter04_clean5m] ep=5080 step=886173/5000000 reward=3.0 len=107 eps=0.132 avg_loss=0.0075 elapsed=42.6min
[iter04_clean5m] ep=5090 step=888144/5000000 reward=3.0 len=116 eps=0.130 avg_loss=0.0074 elapsed=42.7min
[iter04_clean5m] ep=5100 step=890562/5000000 reward=5.0 len=106 eps=0.127 avg_loss=0.0107 elapsed=42.8min
[iter04_clean5m] ep=5110 step=892143/5000000 reward=14.0 len=241 eps=0.126 avg_loss=0.0115 elapsed=42.9min
[iter04_clean5m] ep=5120 step=894181/5000000 reward=8.0 len=188 eps=0.124 avg_loss=0.0089 elapsed=43.0min
[iter04_clean5m] ep=5130 step=896386/5000000 reward=1.0 len=75 eps=0.122 avg_loss=0.0101 elapsed=43.1min
[iter04_clean5m] ep=5140 step=898266/5000000 reward=1.0 len=90 eps=0.120 avg_loss=0.0103 elapsed=43.2min
[iter04_clean5m] ep=5150 step=899637/5000000 reward=1.0 len=94 eps=0.118 avg_loss=0.0101 elapsed=43.3min
[iter04_clean5m] ep=5160 step=901338/5000000 reward=4.0 len=97 eps=0.117 avg_loss=0.0110 elapsed=43.4min
[iter04_clean5m] ep=5170 step=902639/5000000 reward=5.0 len=104 eps=0.115 avg_loss=0.0104 elapsed=43.5min
[iter04_clean5m] ep=5180 step=904158/5000000 reward=10.0 len=250 eps=0.114 avg_loss=0.0079 elapsed=43.5min
[iter04_clean5m] ep=5190 step=906119/5000000 reward=0.0 len=64 eps=0.112 avg_loss=0.0080 elapsed=43.6min
[iter04_clean5m] ep=5200 step=908002/5000000 reward=3.0 len=143 eps=0.110 avg_loss=0.0077 elapsed=43.7min
[iter04_clean5m] ep=5210 step=909749/5000000 reward=9.0 len=213 eps=0.108 avg_loss=0.0085 elapsed=43.8min
[iter04_clean5m] ep=5220 step=911186/5000000 reward=1.0 len=68 eps=0.107 avg_loss=0.0076 elapsed=43.9min
[iter04_clean5m] ep=5230 step=912875/5000000 reward=2.0 len=58 eps=0.105 avg_loss=0.0072 elapsed=44.0min
[iter04_clean5m] ep=5240 step=915027/5000000 reward=14.0 len=275 eps=0.103 avg_loss=0.0086 elapsed=44.1min
[iter04_clean5m] ep=5250 step=916845/5000000 reward=1.0 len=85 eps=0.101 avg_loss=0.0082 elapsed=44.2min
[iter04_clean5m] ep=5260 step=918409/5000000 reward=10.0 len=176 eps=0.100 avg_loss=0.0102 elapsed=44.3min
[iter04_clean5m] ep=5270 step=920077/5000000 reward=2.0 len=107 eps=0.098 avg_loss=0.0066 elapsed=44.4min
[iter04_clean5m] ep=5280 step=921970/5000000 reward=1.0 len=146 eps=0.096 avg_loss=0.0080 elapsed=44.5min
[iter04_clean5m] ep=5290 step=923888/5000000 reward=11.0 len=225 eps=0.095 avg_loss=0.0081 elapsed=44.6min
[iter04_clean5m] ep=5300 step=925254/5000000 reward=2.0 len=59 eps=0.093 avg_loss=0.0090 elapsed=44.7min
[iter04_clean5m] ep=5310 step=927372/5000000 reward=4.0 len=89 eps=0.091 avg_loss=0.0072 elapsed=44.8min
[iter04_clean5m] ep=5320 step=928681/5000000 reward=0.0 len=68 eps=0.090 avg_loss=0.0065 elapsed=44.9min
[iter04_clean5m] ep=5330 step=930658/5000000 reward=16.0 len=466 eps=0.088 avg_loss=0.0099 elapsed=45.0min
[iter04_clean5m] ep=5340 step=932369/5000000 reward=1.0 len=83 eps=0.086 avg_loss=0.0101 elapsed=45.1min
[iter04_clean5m] ep=5350 step=933472/5000000 reward=1.0 len=71 eps=0.085 avg_loss=0.0085 elapsed=45.2min
[iter04_clean5m] ep=5360 step=935656/5000000 reward=3.0 len=99 eps=0.083 avg_loss=0.0083 elapsed=45.3min
[iter04_clean5m] ep=5370 step=937146/5000000 reward=3.0 len=108 eps=0.082 avg_loss=0.0094 elapsed=45.4min
[iter04_clean5m] ep=5380 step=939411/5000000 reward=9.0 len=179 eps=0.079 avg_loss=0.0093 elapsed=45.5min
[iter04_clean5m] ep=5390 step=941100/5000000 reward=16.0 len=339 eps=0.078 avg_loss=0.0086 elapsed=45.6min
[iter04_clean5m] ep=5400 step=943235/5000000 reward=9.0 len=355 eps=0.076 avg_loss=0.0088 elapsed=45.8min
[iter04_clean5m] ep=5410 step=944810/5000000 reward=9.0 len=181 eps=0.074 avg_loss=0.0080 elapsed=45.8min
[iter04_clean5m] ep=5420 step=946651/5000000 reward=4.0 len=97 eps=0.072 avg_loss=0.0086 elapsed=45.9min
[iter04_clean5m] ep=5430 step=948890/5000000 reward=4.0 len=94 eps=0.070 avg_loss=0.0085 elapsed=46.1min
[iter04_clean5m] ep=5440 step=949988/5000000 reward=0.0 len=69 eps=0.069 avg_loss=0.0108 elapsed=46.1min
[iter04_clean5m] ep=5450 step=951861/5000000 reward=10.0 len=176 eps=0.067 avg_loss=0.0089 elapsed=46.2min
[iter04_clean5m] ep=5460 step=953623/5000000 reward=2.0 len=62 eps=0.065 avg_loss=0.0097 elapsed=46.3min
[iter04_clean5m] ep=5470 step=955355/5000000 reward=2.0 len=72 eps=0.064 avg_loss=0.0093 elapsed=46.4min
[iter04_clean5m] ep=5480 step=956788/5000000 reward=8.0 len=180 eps=0.062 avg_loss=0.0070 elapsed=46.5min
[iter04_clean5m] ep=5490 step=958608/5000000 reward=1.0 len=116 eps=0.061 avg_loss=0.0097 elapsed=46.6min
[iter04_clean5m] ep=5500 step=960656/5000000 reward=2.0 len=65 eps=0.059 avg_loss=0.0061 elapsed=46.7min
[iter04_clean5m] ep=5510 step=962414/5000000 reward=14.0 len=249 eps=0.057 avg_loss=0.0089 elapsed=46.8min
[iter04_clean5m] ep=5520 step=963787/5000000 reward=1.0 len=65 eps=0.055 avg_loss=0.0078 elapsed=46.9min
[iter04_clean5m] ep=5530 step=966095/5000000 reward=13.0 len=282 eps=0.053 avg_loss=0.0091 elapsed=47.0min
[iter04_clean5m] ep=5540 step=968638/5000000 reward=11.0 len=187 eps=0.051 avg_loss=0.0075 elapsed=47.2min
[iter04_clean5m] ep=5550 step=970407/5000000 reward=10.0 len=214 eps=0.049 avg_loss=0.0094 elapsed=47.3min
[iter04_clean5m] ep=5560 step=972562/5000000 reward=15.0 len=297 eps=0.047 avg_loss=0.0106 elapsed=47.4min
[iter04_clean5m] ep=5570 step=974385/5000000 reward=4.0 len=92 eps=0.045 avg_loss=0.0091 elapsed=47.5min
[iter04_clean5m] ep=5580 step=976488/5000000 reward=0.0 len=61 eps=0.043 avg_loss=0.0084 elapsed=47.6min
[iter04_clean5m] ep=5590 step=978951/5000000 reward=19.0 len=400 eps=0.041 avg_loss=0.0090 elapsed=47.7min
[iter04_clean5m] ep=5600 step=980830/5000000 reward=0.0 len=56 eps=0.039 avg_loss=0.0091 elapsed=47.8min
[iter04_clean5m] ep=5610 step=983221/5000000 reward=6.0 len=282 eps=0.036 avg_loss=0.0083 elapsed=48.0min
[iter04_clean5m] ep=5620 step=985011/5000000 reward=16.0 len=363 eps=0.035 avg_loss=0.0086 elapsed=48.0min
[iter04_clean5m] ep=5630 step=986809/5000000 reward=18.0 len=368 eps=0.033 avg_loss=0.0079 elapsed=48.1min
[iter04_clean5m] ep=5640 step=988390/5000000 reward=5.0 len=106 eps=0.031 avg_loss=0.0077 elapsed=48.2min
[iter04_clean5m] ep=5650 step=990286/5000000 reward=4.0 len=91 eps=0.030 avg_loss=0.0091 elapsed=48.3min
[iter04_clean5m] ep=5660 step=992638/5000000 reward=7.0 len=161 eps=0.027 avg_loss=0.0102 elapsed=48.5min
[iter04_clean5m] ep=5670 step=994483/5000000 reward=11.0 len=167 eps=0.025 avg_loss=0.0096 elapsed=48.6min
[iter04_clean5m] ep=5680 step=996016/5000000 reward=9.0 len=204 eps=0.024 avg_loss=0.0075 elapsed=48.6min
[iter04_clean5m] ep=5690 step=997828/5000000 reward=6.0 len=135 eps=0.022 avg_loss=0.0096 elapsed=48.7min
[iter04_clean5m] ep=5700 step=999910/5000000 reward=10.0 len=199 eps=0.020 avg_loss=0.0076 elapsed=48.9min
[iter04_clean5m] ep=5710 step=1001798/5000000 reward=12.0 len=188 eps=0.020 avg_loss=0.0082 elapsed=49.0min
[iter04_clean5m] ep=5720 step=1003454/5000000 reward=2.0 len=128 eps=0.020 avg_loss=0.0082 elapsed=49.1min
[iter04_clean5m] ep=5730 step=1005377/5000000 reward=0.0 len=64 eps=0.020 avg_loss=0.0077 elapsed=49.2min
[iter04_clean5m] ep=5740 step=1007196/5000000 reward=14.0 len=301 eps=0.020 avg_loss=0.0085 elapsed=49.3min
[iter04_clean5m] ep=5750 step=1009087/5000000 reward=2.0 len=58 eps=0.020 avg_loss=0.0068 elapsed=49.4min
[iter04_clean5m] ep=5760 step=1011108/5000000 reward=1.0 len=61 eps=0.020 avg_loss=0.0104 elapsed=49.5min
[iter04_clean5m] ep=5770 step=1013320/5000000 reward=13.0 len=296 eps=0.020 avg_loss=0.0093 elapsed=49.6min
[iter04_clean5m] ep=5780 step=1015404/5000000 reward=7.0 len=177 eps=0.020 avg_loss=0.0086 elapsed=49.7min
[iter04_clean5m] ep=5790 step=1017375/5000000 reward=9.0 len=146 eps=0.020 avg_loss=0.0114 elapsed=49.8min
[iter04_clean5m] ep=5800 step=1019104/5000000 reward=2.0 len=60 eps=0.020 avg_loss=0.0091 elapsed=49.9min
[iter04_clean5m] ep=5810 step=1021704/5000000 reward=2.0 len=58 eps=0.020 avg_loss=0.0088 elapsed=50.1min
[iter04_clean5m] ep=5820 step=1023808/5000000 reward=3.0 len=146 eps=0.020 avg_loss=0.0088 elapsed=50.2min
[iter04_clean5m] ep=5830 step=1025556/5000000 reward=8.0 len=142 eps=0.020 avg_loss=0.0121 elapsed=50.3min
[iter04_clean5m] ep=5840 step=1027989/5000000 reward=6.0 len=143 eps=0.020 avg_loss=0.0100 elapsed=50.4min
[iter04_clean5m] ep=5850 step=1029637/5000000 reward=7.0 len=180 eps=0.020 avg_loss=0.0092 elapsed=50.5min
[iter04_clean5m] ep=5860 step=1031304/5000000 reward=11.0 len=166 eps=0.020 avg_loss=0.0080 elapsed=50.6min
[iter04_clean5m] ep=5870 step=1032855/5000000 reward=5.0 len=117 eps=0.020 avg_loss=0.0075 elapsed=50.7min
[iter04_clean5m] ep=5880 step=1034888/5000000 reward=2.0 len=88 eps=0.020 avg_loss=0.0126 elapsed=50.8min
[iter04_clean5m] ep=5890 step=1036453/5000000 reward=14.0 len=312 eps=0.020 avg_loss=0.0084 elapsed=50.9min
[iter04_clean5m] ep=5900 step=1038148/5000000 reward=6.0 len=110 eps=0.020 avg_loss=0.0082 elapsed=50.9min
[iter04_clean5m] ep=5910 step=1039929/5000000 reward=16.0 len=481 eps=0.020 avg_loss=0.0085 elapsed=51.0min
[iter04_clean5m] ep=5920 step=1041949/5000000 reward=15.0 len=205 eps=0.020 avg_loss=0.0091 elapsed=51.1min
[iter04_clean5m] ep=5930 step=1043766/5000000 reward=11.0 len=188 eps=0.020 avg_loss=0.0082 elapsed=51.2min
[iter04_clean5m] ep=5940 step=1045986/5000000 reward=2.0 len=55 eps=0.020 avg_loss=0.0088 elapsed=51.4min
[iter04_clean5m] ep=5950 step=1047728/5000000 reward=6.0 len=223 eps=0.020 avg_loss=0.0081 elapsed=51.5min
[iter04_clean5m] ep=5960 step=1049935/5000000 reward=14.0 len=190 eps=0.020 avg_loss=0.0079 elapsed=51.6min
[iter04_clean5m] ep=5970 step=1051556/5000000 reward=8.0 len=149 eps=0.020 avg_loss=0.0101 elapsed=51.7min
[iter04_clean5m] ep=5980 step=1053467/5000000 reward=2.0 len=132 eps=0.020 avg_loss=0.0101 elapsed=51.8min
[iter04_clean5m] ep=5990 step=1055229/5000000 reward=14.0 len=225 eps=0.020 avg_loss=0.0101 elapsed=51.9min
[iter04_clean5m] ep=6000 step=1057317/5000000 reward=9.0 len=216 eps=0.020 avg_loss=0.0098 elapsed=52.0min
[iter04_clean5m] ep=6010 step=1058909/5000000 reward=2.0 len=98 eps=0.020 avg_loss=0.0091 elapsed=52.1min
[iter04_clean5m] ep=6020 step=1060740/5000000 reward=14.0 len=291 eps=0.020 avg_loss=0.0092 elapsed=52.2min
[iter04_clean5m] ep=6030 step=1062696/5000000 reward=2.0 len=59 eps=0.020 avg_loss=0.0090 elapsed=52.3min
[iter04_clean5m] ep=6040 step=1064433/5000000 reward=6.0 len=244 eps=0.020 avg_loss=0.0092 elapsed=52.4min
[iter04_clean5m] ep=6050 step=1066592/5000000 reward=10.0 len=161 eps=0.020 avg_loss=0.0088 elapsed=52.5min
[iter04_clean5m] ep=6060 step=1068424/5000000 reward=9.0 len=159 eps=0.020 avg_loss=0.0080 elapsed=52.6min
[iter04_clean5m] ep=6070 step=1069875/5000000 reward=3.0 len=117 eps=0.020 avg_loss=0.0077 elapsed=52.6min
[iter04_clean5m] ep=6080 step=1071676/5000000 reward=8.0 len=150 eps=0.020 avg_loss=0.0075 elapsed=52.7min
[iter04_clean5m] ep=6090 step=1073412/5000000 reward=5.0 len=243 eps=0.020 avg_loss=0.0102 elapsed=52.8min
[iter04_clean5m] ep=6100 step=1075109/5000000 reward=2.0 len=82 eps=0.020 avg_loss=0.0106 elapsed=52.9min
[iter04_clean5m] ep=6110 step=1076681/5000000 reward=10.0 len=163 eps=0.020 avg_loss=0.0096 elapsed=53.0min
[iter04_clean5m] ep=6120 step=1078165/5000000 reward=2.0 len=62 eps=0.020 avg_loss=0.0085 elapsed=53.1min
[iter04_clean5m] ep=6130 step=1079999/5000000 reward=8.0 len=205 eps=0.020 avg_loss=0.0081 elapsed=53.2min
[iter04_clean5m] ep=6140 step=1082208/5000000 reward=20.0 len=334 eps=0.020 avg_loss=0.0083 elapsed=53.3min
[iter04_clean5m] ep=6150 step=1084022/5000000 reward=20.0 len=507 eps=0.020 avg_loss=0.0080 elapsed=53.4min
[iter04_clean5m] ep=6160 step=1085515/5000000 reward=1.0 len=114 eps=0.020 avg_loss=0.0094 elapsed=53.5min
[iter04_clean5m] ep=6170 step=1087718/5000000 reward=19.0 len=360 eps=0.020 avg_loss=0.0091 elapsed=53.6min
[iter04_clean5m] ep=6180 step=1089609/5000000 reward=1.0 len=77 eps=0.020 avg_loss=0.0080 elapsed=53.7min
[iter04_clean5m] ep=6190 step=1091745/5000000 reward=11.0 len=235 eps=0.020 avg_loss=0.0107 elapsed=53.8min
[iter04_clean5m] ep=6200 step=1093396/5000000 reward=2.0 len=107 eps=0.020 avg_loss=0.0111 elapsed=53.9min
[iter04_clean5m] ep=6210 step=1094776/5000000 reward=9.0 len=151 eps=0.020 avg_loss=0.0092 elapsed=54.0min
[iter04_clean5m] ep=6220 step=1096555/5000000 reward=5.0 len=175 eps=0.020 avg_loss=0.0100 elapsed=54.1min
[iter04_clean5m] ep=6230 step=1098462/5000000 reward=5.0 len=393 eps=0.020 avg_loss=0.0103 elapsed=54.2min
[iter04_clean5m] ep=6240 step=1100653/5000000 reward=26.0 len=466 eps=0.020 avg_loss=0.0091 elapsed=54.3min
[iter04_clean5m] ep=6250 step=1103327/5000000 reward=2.0 len=246 eps=0.020 avg_loss=0.0080 elapsed=54.4min
[iter04_clean5m] ep=6260 step=1105454/5000000 reward=8.0 len=147 eps=0.020 avg_loss=0.0102 elapsed=54.6min
[iter04_clean5m] ep=6270 step=1108376/5000000 reward=10.0 len=195 eps=0.020 avg_loss=0.0088 elapsed=54.7min
[iter04_clean5m] ep=6280 step=1110055/5000000 reward=6.0 len=144 eps=0.020 avg_loss=0.0081 elapsed=54.8min
[iter04_clean5m] ep=6290 step=1111610/5000000 reward=14.0 len=195 eps=0.020 avg_loss=0.0078 elapsed=54.9min
[iter04_clean5m] ep=6300 step=1113137/5000000 reward=1.0 len=69 eps=0.020 avg_loss=0.0086 elapsed=55.0min
[iter04_clean5m] ep=6310 step=1115147/5000000 reward=8.0 len=205 eps=0.020 avg_loss=0.0086 elapsed=55.1min
[iter04_clean5m] ep=6320 step=1116869/5000000 reward=13.0 len=199 eps=0.020 avg_loss=0.0081 elapsed=55.2min
[iter04_clean5m] ep=6330 step=1118737/5000000 reward=7.0 len=149 eps=0.020 avg_loss=0.0085 elapsed=55.3min
[iter04_clean5m] ep=6340 step=1120798/5000000 reward=16.0 len=518 eps=0.020 avg_loss=0.0092 elapsed=55.4min
[iter04_clean5m] ep=6350 step=1122754/5000000 reward=18.0 len=333 eps=0.020 avg_loss=0.0084 elapsed=55.5min
[iter04_clean5m] ep=6360 step=1124859/5000000 reward=5.0 len=128 eps=0.020 avg_loss=0.0080 elapsed=55.6min
[iter04_clean5m] ep=6370 step=1126448/5000000 reward=2.0 len=128 eps=0.020 avg_loss=0.0099 elapsed=55.7min
[iter04_clean5m] ep=6380 step=1128983/5000000 reward=6.0 len=167 eps=0.020 avg_loss=0.0099 elapsed=55.8min
[iter04_clean5m] ep=6390 step=1131258/5000000 reward=4.0 len=83 eps=0.020 avg_loss=0.0147 elapsed=55.9min
[iter04_clean5m] ep=6400 step=1133397/5000000 reward=12.0 len=201 eps=0.020 avg_loss=0.0099 elapsed=56.0min
[iter04_clean5m] ep=6410 step=1135090/5000000 reward=6.0 len=164 eps=0.020 avg_loss=0.0084 elapsed=56.1min
[iter04_clean5m] ep=6420 step=1137018/5000000 reward=2.0 len=108 eps=0.020 avg_loss=0.0110 elapsed=56.2min
[iter04_clean5m] ep=6430 step=1138690/5000000 reward=22.0 len=379 eps=0.020 avg_loss=0.0092 elapsed=56.3min
[iter04_clean5m] ep=6440 step=1140426/5000000 reward=9.0 len=191 eps=0.020 avg_loss=0.0080 elapsed=56.4min
[iter04_clean5m] ep=6450 step=1142640/5000000 reward=2.0 len=72 eps=0.020 avg_loss=0.0076 elapsed=56.5min
[iter04_clean5m] ep=6460 step=1145101/5000000 reward=5.0 len=186 eps=0.020 avg_loss=0.0091 elapsed=56.7min
[iter04_clean5m] ep=6470 step=1147583/5000000 reward=2.0 len=99 eps=0.020 avg_loss=0.0078 elapsed=56.8min
[iter04_clean5m] ep=6480 step=1149775/5000000 reward=1.0 len=60 eps=0.020 avg_loss=0.0087 elapsed=56.9min
[iter04_clean5m] ep=6490 step=1151578/5000000 reward=3.0 len=193 eps=0.020 avg_loss=0.0096 elapsed=57.0min
[iter04_clean5m] ep=6500 step=1153161/5000000 reward=21.0 len=360 eps=0.020 avg_loss=0.0088 elapsed=57.1min
[iter04_clean5m] ep=6510 step=1155166/5000000 reward=6.0 len=158 eps=0.020 avg_loss=0.0089 elapsed=57.2min
[iter04_clean5m] ep=6520 step=1156992/5000000 reward=17.0 len=296 eps=0.020 avg_loss=0.0103 elapsed=57.3min
[iter04_clean5m] ep=6530 step=1158976/5000000 reward=3.0 len=191 eps=0.020 avg_loss=0.0106 elapsed=57.4min
[iter04_clean5m] ep=6540 step=1160734/5000000 reward=4.0 len=127 eps=0.020 avg_loss=0.0091 elapsed=57.5min
[iter04_clean5m] ep=6550 step=1162183/5000000 reward=13.0 len=192 eps=0.020 avg_loss=0.0086 elapsed=57.6min
[iter04_clean5m] ep=6560 step=1164301/5000000 reward=20.0 len=677 eps=0.020 avg_loss=0.0087 elapsed=57.7min
[iter04_clean5m] ep=6570 step=1166489/5000000 reward=4.0 len=115 eps=0.020 avg_loss=0.0089 elapsed=57.8min
[iter04_clean5m] ep=6580 step=1168494/5000000 reward=18.0 len=314 eps=0.020 avg_loss=0.0094 elapsed=57.9min
[iter04_clean5m] ep=6590 step=1170609/5000000 reward=12.0 len=160 eps=0.020 avg_loss=0.0125 elapsed=58.0min
[iter04_clean5m] ep=6600 step=1172962/5000000 reward=2.0 len=65 eps=0.020 avg_loss=0.0148 elapsed=58.2min
[iter04_clean5m] ep=6610 step=1174615/5000000 reward=5.0 len=167 eps=0.020 avg_loss=0.0112 elapsed=58.3min
[iter04_clean5m] ep=6620 step=1176778/5000000 reward=23.0 len=517 eps=0.020 avg_loss=0.0094 elapsed=58.4min
[iter04_clean5m] ep=6630 step=1178019/5000000 reward=2.0 len=60 eps=0.020 avg_loss=0.0113 elapsed=58.4min
[iter04_clean5m] ep=6640 step=1179700/5000000 reward=4.0 len=99 eps=0.020 avg_loss=0.0120 elapsed=58.5min
[iter04_clean5m] ep=6650 step=1181576/5000000 reward=10.0 len=149 eps=0.020 avg_loss=0.0101 elapsed=58.6min
[iter04_clean5m] ep=6660 step=1183312/5000000 reward=2.0 len=56 eps=0.020 avg_loss=0.0070 elapsed=58.7min
[iter04_clean5m] ep=6670 step=1185247/5000000 reward=1.0 len=98 eps=0.020 avg_loss=0.0094 elapsed=58.8min
[iter04_clean5m] ep=6680 step=1187282/5000000 reward=13.0 len=171 eps=0.020 avg_loss=0.0093 elapsed=58.9min
[iter04_clean5m] ep=6690 step=1189328/5000000 reward=6.0 len=208 eps=0.020 avg_loss=0.0104 elapsed=59.1min
[iter04_clean5m] ep=6700 step=1191227/5000000 reward=5.0 len=239 eps=0.020 avg_loss=0.0086 elapsed=59.2min
[iter04_clean5m] ep=6710 step=1193164/5000000 reward=1.0 len=70 eps=0.020 avg_loss=0.0106 elapsed=59.3min
[iter04_clean5m] ep=6720 step=1195168/5000000 reward=26.0 len=428 eps=0.020 avg_loss=0.0082 elapsed=59.4min
[iter04_clean5m] ep=6730 step=1197096/5000000 reward=10.0 len=233 eps=0.020 avg_loss=0.0093 elapsed=59.5min
[iter04_clean5m] ep=6740 step=1198809/5000000 reward=11.0 len=251 eps=0.020 avg_loss=0.0095 elapsed=59.6min
[iter04_clean5m] ep=6750 step=1200030/5000000 reward=1.0 len=85 eps=0.020 avg_loss=0.0098 elapsed=59.6min
[iter04_clean5m] ep=6760 step=1201716/5000000 reward=3.0 len=78 eps=0.020 avg_loss=0.0102 elapsed=59.7min
[iter04_clean5m] ep=6770 step=1203473/5000000 reward=5.0 len=200 eps=0.020 avg_loss=0.0101 elapsed=59.8min
[iter04_clean5m] ep=6780 step=1205107/5000000 reward=3.0 len=106 eps=0.020 avg_loss=0.0088 elapsed=59.9min
[iter04_clean5m] ep=6790 step=1207001/5000000 reward=7.0 len=139 eps=0.020 avg_loss=0.0087 elapsed=60.0min
[iter04_clean5m] ep=6800 step=1208747/5000000 reward=6.0 len=120 eps=0.020 avg_loss=0.0078 elapsed=60.1min
[iter04_clean5m] ep=6810 step=1211067/5000000 reward=13.0 len=202 eps=0.020 avg_loss=0.0098 elapsed=60.2min
[iter04_clean5m] ep=6820 step=1212924/5000000 reward=12.0 len=271 eps=0.020 avg_loss=0.0108 elapsed=60.3min
[iter04_clean5m] ep=6830 step=1214313/5000000 reward=3.0 len=125 eps=0.020 avg_loss=0.0080 elapsed=60.4min
[iter04_clean5m] ep=6840 step=1215892/5000000 reward=10.0 len=147 eps=0.020 avg_loss=0.0097 elapsed=60.5min
[iter04_clean5m] ep=6850 step=1217302/5000000 reward=3.0 len=90 eps=0.020 avg_loss=0.0088 elapsed=60.5min
[iter04_clean5m] ep=6860 step=1219361/5000000 reward=3.0 len=66 eps=0.020 avg_loss=0.0069 elapsed=60.7min
[iter04_clean5m] ep=6870 step=1221489/5000000 reward=1.0 len=55 eps=0.020 avg_loss=0.0094 elapsed=60.8min
[iter04_clean5m] ep=6880 step=1223564/5000000 reward=23.0 len=493 eps=0.020 avg_loss=0.0085 elapsed=60.9min
[iter04_clean5m] ep=6890 step=1224733/5000000 reward=7.0 len=124 eps=0.020 avg_loss=0.0102 elapsed=60.9min
[iter04_clean5m] ep=6900 step=1226851/5000000 reward=1.0 len=84 eps=0.020 avg_loss=0.0103 elapsed=61.1min
[iter04_clean5m] ep=6910 step=1228389/5000000 reward=13.0 len=196 eps=0.020 avg_loss=0.0105 elapsed=61.1min
[iter04_clean5m] ep=6920 step=1229961/5000000 reward=10.0 len=187 eps=0.020 avg_loss=0.0084 elapsed=61.2min
[iter04_clean5m] ep=6930 step=1232082/5000000 reward=3.0 len=106 eps=0.020 avg_loss=0.0098 elapsed=61.3min
[iter04_clean5m] ep=6940 step=1234167/5000000 reward=14.0 len=185 eps=0.020 avg_loss=0.0085 elapsed=61.4min
[iter04_clean5m] ep=6950 step=1236274/5000000 reward=5.0 len=181 eps=0.020 avg_loss=0.0085 elapsed=61.6min
[iter04_clean5m] ep=6960 step=1238220/5000000 reward=8.0 len=245 eps=0.020 avg_loss=0.0086 elapsed=61.7min
[iter04_clean5m] ep=6970 step=1239961/5000000 reward=17.0 len=268 eps=0.020 avg_loss=0.0094 elapsed=61.8min
[iter04_clean5m] ep=6980 step=1241330/5000000 reward=2.0 len=59 eps=0.020 avg_loss=0.0091 elapsed=61.8min
[iter04_clean5m] ep=6990 step=1243424/5000000 reward=10.0 len=287 eps=0.020 avg_loss=0.0086 elapsed=61.9min
[iter04_clean5m] ep=7000 step=1244640/5000000 reward=8.0 len=138 eps=0.020 avg_loss=0.0096 elapsed=62.0min
[iter04_clean5m] ep=7010 step=1246515/5000000 reward=2.0 len=56 eps=0.020 avg_loss=0.0095 elapsed=62.1min
[iter04_clean5m] ep=7020 step=1248466/5000000 reward=6.0 len=217 eps=0.020 avg_loss=0.0090 elapsed=62.2min
[iter04_clean5m] ep=7030 step=1250104/5000000 reward=15.0 len=201 eps=0.020 avg_loss=0.0088 elapsed=62.3min
[iter04_clean5m] ep=7040 step=1251996/5000000 reward=7.0 len=209 eps=0.020 avg_loss=0.0085 elapsed=62.4min
[iter04_clean5m] ep=7050 step=1253861/5000000 reward=10.0 len=342 eps=0.020 avg_loss=0.0089 elapsed=62.5min
[iter04_clean5m] ep=7060 step=1256214/5000000 reward=18.0 len=346 eps=0.020 avg_loss=0.0089 elapsed=62.6min
[iter04_clean5m] ep=7070 step=1257626/5000000 reward=2.0 len=62 eps=0.020 avg_loss=0.0082 elapsed=62.7min
[iter04_clean5m] ep=7080 step=1259789/5000000 reward=7.0 len=405 eps=0.020 avg_loss=0.0096 elapsed=62.8min
[iter04_clean5m] ep=7090 step=1261630/5000000 reward=12.0 len=173 eps=0.020 avg_loss=0.0081 elapsed=62.9min
[iter04_clean5m] ep=7100 step=1263170/5000000 reward=7.0 len=174 eps=0.020 avg_loss=0.0107 elapsed=63.0min
[iter04_clean5m] ep=7110 step=1265366/5000000 reward=17.0 len=270 eps=0.020 avg_loss=0.0092 elapsed=63.1min
[iter04_clean5m] ep=7120 step=1267240/5000000 reward=3.0 len=86 eps=0.020 avg_loss=0.0076 elapsed=63.2min
[iter04_clean5m] ep=7130 step=1269024/5000000 reward=3.0 len=151 eps=0.020 avg_loss=0.0086 elapsed=63.3min
[iter04_clean5m] ep=7140 step=1270852/5000000 reward=14.0 len=200 eps=0.020 avg_loss=0.0093 elapsed=63.4min
[iter04_clean5m] ep=7150 step=1272198/5000000 reward=0.0 len=58 eps=0.020 avg_loss=0.0074 elapsed=63.5min
[iter04_clean5m] ep=7160 step=1273713/5000000 reward=6.0 len=204 eps=0.020 avg_loss=0.0095 elapsed=63.6min
[iter04_clean5m] ep=7170 step=1275785/5000000 reward=17.0 len=320 eps=0.020 avg_loss=0.0090 elapsed=63.7min
[iter04_clean5m] ep=7180 step=1277877/5000000 reward=15.0 len=476 eps=0.020 avg_loss=0.0092 elapsed=63.8min
[iter04_clean5m] ep=7190 step=1279610/5000000 reward=13.0 len=182 eps=0.020 avg_loss=0.0093 elapsed=63.9min
[iter04_clean5m] ep=7200 step=1281904/5000000 reward=2.0 len=59 eps=0.020 avg_loss=0.0084 elapsed=64.1min
[iter04_clean5m] ep=7210 step=1283562/5000000 reward=14.0 len=313 eps=0.020 avg_loss=0.0091 elapsed=64.2min
[iter04_clean5m] ep=7220 step=1284931/5000000 reward=15.0 len=189 eps=0.020 avg_loss=0.0096 elapsed=64.2min
[iter04_clean5m] ep=7230 step=1286621/5000000 reward=5.0 len=145 eps=0.020 avg_loss=0.0090 elapsed=64.3min
[iter04_clean5m] ep=7240 step=1288054/5000000 reward=2.0 len=68 eps=0.020 avg_loss=0.0081 elapsed=64.4min
[iter04_clean5m] ep=7250 step=1290305/5000000 reward=13.0 len=171 eps=0.020 avg_loss=0.0116 elapsed=64.5min
[iter04_clean5m] ep=7260 step=1291655/5000000 reward=2.0 len=67 eps=0.020 avg_loss=0.0101 elapsed=64.6min
[iter04_clean5m] ep=7270 step=1293835/5000000 reward=13.0 len=247 eps=0.020 avg_loss=0.0106 elapsed=64.7min
[iter04_clean5m] ep=7280 step=1295323/5000000 reward=12.0 len=198 eps=0.020 avg_loss=0.0118 elapsed=64.8min
[iter04_clean5m] ep=7290 step=1297576/5000000 reward=2.0 len=64 eps=0.020 avg_loss=0.0079 elapsed=64.9min
[iter04_clean5m] ep=7300 step=1299441/5000000 reward=1.0 len=116 eps=0.020 avg_loss=0.0113 elapsed=65.0min
[iter04_clean5m] ep=7310 step=1301418/5000000 reward=26.0 len=586 eps=0.020 avg_loss=0.0107 elapsed=65.1min
[iter04_clean5m] ep=7320 step=1303343/5000000 reward=0.0 len=101 eps=0.020 avg_loss=0.0083 elapsed=65.2min
[iter04_clean5m] ep=7330 step=1305445/5000000 reward=20.0 len=411 eps=0.020 avg_loss=0.0105 elapsed=65.3min
[iter04_clean5m] ep=7340 step=1307211/5000000 reward=5.0 len=101 eps=0.020 avg_loss=0.0111 elapsed=65.4min
[iter04_clean5m] ep=7350 step=1309726/5000000 reward=7.0 len=222 eps=0.020 avg_loss=0.0087 elapsed=65.6min
[iter04_clean5m] ep=7360 step=1311738/5000000 reward=10.0 len=151 eps=0.020 avg_loss=0.0094 elapsed=65.7min
[iter04_clean5m] ep=7370 step=1313407/5000000 reward=6.0 len=160 eps=0.020 avg_loss=0.0093 elapsed=65.8min
[iter04_clean5m] ep=7380 step=1315569/5000000 reward=0.0 len=58 eps=0.020 avg_loss=0.0071 elapsed=65.9min
[iter04_clean5m] ep=7390 step=1317443/5000000 reward=7.0 len=240 eps=0.020 avg_loss=0.0085 elapsed=66.0min
[iter04_clean5m] ep=7400 step=1319141/5000000 reward=14.0 len=191 eps=0.020 avg_loss=0.0082 elapsed=66.1min
[iter04_clean5m] ep=7410 step=1320832/5000000 reward=5.0 len=173 eps=0.020 avg_loss=0.0087 elapsed=66.2min
[iter04_clean5m] ep=7420 step=1322959/5000000 reward=2.0 len=91 eps=0.020 avg_loss=0.0096 elapsed=66.3min
[iter04_clean5m] ep=7430 step=1324775/5000000 reward=7.0 len=132 eps=0.020 avg_loss=0.0091 elapsed=66.4min
[iter04_clean5m] ep=7440 step=1326294/5000000 reward=4.0 len=111 eps=0.020 avg_loss=0.0101 elapsed=66.5min
[iter04_clean5m] ep=7450 step=1328208/5000000 reward=4.0 len=139 eps=0.020 avg_loss=0.0101 elapsed=66.6min
[iter04_clean5m] ep=7460 step=1330761/5000000 reward=26.0 len=565 eps=0.020 avg_loss=0.0115 elapsed=66.7min
[iter04_clean5m] ep=7470 step=1332690/5000000 reward=19.0 len=412 eps=0.020 avg_loss=0.0105 elapsed=66.8min
[iter04_clean5m] ep=7480 step=1334861/5000000 reward=10.0 len=246 eps=0.020 avg_loss=0.0098 elapsed=66.9min
[iter04_clean5m] ep=7490 step=1336589/5000000 reward=17.0 len=279 eps=0.020 avg_loss=0.0091 elapsed=67.0min
[iter04_clean5m] ep=7500 step=1338647/5000000 reward=13.0 len=202 eps=0.020 avg_loss=0.0097 elapsed=67.1min
[iter04_clean5m] ep=7510 step=1340413/5000000 reward=8.0 len=177 eps=0.020 avg_loss=0.0095 elapsed=67.2min
[iter04_clean5m] ep=7520 step=1342086/5000000 reward=14.0 len=196 eps=0.020 avg_loss=0.0100 elapsed=67.3min
[iter04_clean5m] ep=7530 step=1344117/5000000 reward=10.0 len=180 eps=0.020 avg_loss=0.0109 elapsed=67.4min
[iter04_clean5m] ep=7540 step=1345847/5000000 reward=10.0 len=288 eps=0.020 avg_loss=0.0090 elapsed=67.5min
[iter04_clean5m] ep=7550 step=1348374/5000000 reward=17.0 len=345 eps=0.020 avg_loss=0.0095 elapsed=67.6min
[iter04_clean5m] ep=7560 step=1349962/5000000 reward=6.0 len=112 eps=0.020 avg_loss=0.0093 elapsed=67.7min
[iter04_clean5m] ep=7570 step=1351735/5000000 reward=2.0 len=60 eps=0.020 avg_loss=0.0121 elapsed=67.8min
[iter04_clean5m] ep=7580 step=1353649/5000000 reward=12.0 len=184 eps=0.020 avg_loss=0.0096 elapsed=67.9min
[iter04_clean5m] ep=7590 step=1355531/5000000 reward=5.0 len=95 eps=0.020 avg_loss=0.0082 elapsed=68.0min
[iter04_clean5m] ep=7600 step=1356839/5000000 reward=9.0 len=158 eps=0.020 avg_loss=0.0094 elapsed=68.1min
[iter04_clean5m] ep=7610 step=1358900/5000000 reward=20.0 len=343 eps=0.020 avg_loss=0.0086 elapsed=68.2min
[iter04_clean5m] ep=7620 step=1361273/5000000 reward=11.0 len=275 eps=0.020 avg_loss=0.0103 elapsed=68.3min
[iter04_clean5m] ep=7630 step=1362995/5000000 reward=8.0 len=233 eps=0.020 avg_loss=0.0095 elapsed=68.4min
[iter04_clean5m] ep=7640 step=1364763/5000000 reward=15.0 len=295 eps=0.020 avg_loss=0.0097 elapsed=68.5min
[iter04_clean5m] ep=7650 step=1366612/5000000 reward=8.0 len=208 eps=0.020 avg_loss=0.0092 elapsed=68.6min
[iter04_clean5m] ep=7660 step=1368469/5000000 reward=8.0 len=214 eps=0.020 avg_loss=0.0090 elapsed=68.7min
[iter04_clean5m] ep=7670 step=1370020/5000000 reward=13.0 len=187 eps=0.020 avg_loss=0.0103 elapsed=68.8min
[iter04_clean5m] ep=7680 step=1371615/5000000 reward=9.0 len=230 eps=0.020 avg_loss=0.0124 elapsed=68.9min
[iter04_clean5m] ep=7690 step=1373186/5000000 reward=5.0 len=98 eps=0.020 avg_loss=0.0076 elapsed=69.0min
[iter04_clean5m] ep=7700 step=1375536/5000000 reward=12.0 len=172 eps=0.020 avg_loss=0.0097 elapsed=69.1min
[iter04_clean5m] ep=7710 step=1377363/5000000 reward=3.0 len=117 eps=0.020 avg_loss=0.0128 elapsed=69.2min
[iter04_clean5m] ep=7720 step=1379018/5000000 reward=1.0 len=132 eps=0.020 avg_loss=0.0117 elapsed=69.3min
[iter04_clean5m] ep=7730 step=1380455/5000000 reward=14.0 len=188 eps=0.020 avg_loss=0.0078 elapsed=69.3min
[iter04_clean5m] ep=7740 step=1382594/5000000 reward=13.0 len=335 eps=0.020 avg_loss=0.0095 elapsed=69.5min
[iter04_clean5m] ep=7750 step=1384119/5000000 reward=9.0 len=268 eps=0.020 avg_loss=0.0100 elapsed=69.5min
[iter04_clean5m] ep=7760 step=1385498/5000000 reward=10.0 len=153 eps=0.020 avg_loss=0.0127 elapsed=69.6min
[iter04_clean5m] ep=7770 step=1387495/5000000 reward=8.0 len=183 eps=0.020 avg_loss=0.0085 elapsed=69.7min
[iter04_clean5m] ep=7780 step=1389450/5000000 reward=7.0 len=181 eps=0.020 avg_loss=0.0101 elapsed=69.8min
[iter04_clean5m] ep=7790 step=1391813/5000000 reward=8.0 len=140 eps=0.020 avg_loss=0.0085 elapsed=70.0min
[iter04_clean5m] ep=7800 step=1393970/5000000 reward=8.0 len=147 eps=0.020 avg_loss=0.0103 elapsed=70.1min
[iter04_clean5m] ep=7810 step=1395475/5000000 reward=0.0 len=58 eps=0.020 avg_loss=0.0076 elapsed=70.2min
[iter04_clean5m] ep=7820 step=1397541/5000000 reward=11.0 len=154 eps=0.020 avg_loss=0.0085 elapsed=70.3min
[iter04_clean5m] ep=7830 step=1400067/5000000 reward=8.0 len=374 eps=0.020 avg_loss=0.0080 elapsed=70.4min
[iter04_clean5m] ep=7840 step=1401961/5000000 reward=14.0 len=339 eps=0.020 avg_loss=0.0089 elapsed=70.5min
[iter04_clean5m] ep=7850 step=1404014/5000000 reward=5.0 len=128 eps=0.020 avg_loss=0.0098 elapsed=70.6min
[iter04_clean5m] ep=7860 step=1406120/5000000 reward=7.0 len=180 eps=0.020 avg_loss=0.0085 elapsed=70.7min
[iter04_clean5m] ep=7870 step=1407613/5000000 reward=6.0 len=172 eps=0.020 avg_loss=0.0105 elapsed=70.8min
[iter04_clean5m] ep=7880 step=1409749/5000000 reward=1.0 len=85 eps=0.020 avg_loss=0.0087 elapsed=70.9min
[iter04_clean5m] ep=7890 step=1411810/5000000 reward=2.0 len=62 eps=0.020 avg_loss=0.0070 elapsed=71.0min
[iter04_clean5m] ep=7900 step=1413950/5000000 reward=9.0 len=269 eps=0.020 avg_loss=0.0097 elapsed=71.1min
[iter04_clean5m] ep=7910 step=1416206/5000000 reward=13.0 len=188 eps=0.020 avg_loss=0.0101 elapsed=71.3min
[iter04_clean5m] ep=7920 step=1418050/5000000 reward=7.0 len=135 eps=0.020 avg_loss=0.0082 elapsed=71.4min
[iter04_clean5m] ep=7930 step=1420003/5000000 reward=13.0 len=541 eps=0.020 avg_loss=0.0098 elapsed=71.5min
[iter04_clean5m] ep=7940 step=1421919/5000000 reward=12.0 len=171 eps=0.020 avg_loss=0.0102 elapsed=71.6min
[iter04_clean5m] ep=7950 step=1423993/5000000 reward=13.0 len=311 eps=0.020 avg_loss=0.0098 elapsed=71.7min
[iter04_clean5m] ep=7960 step=1425633/5000000 reward=2.0 len=72 eps=0.020 avg_loss=0.0100 elapsed=71.8min
[iter04_clean5m] ep=7970 step=1427676/5000000 reward=21.0 len=387 eps=0.020 avg_loss=0.0087 elapsed=71.9min
[iter04_clean5m] ep=7980 step=1429878/5000000 reward=12.0 len=194 eps=0.020 avg_loss=0.0086 elapsed=72.0min
[iter04_clean5m] ep=7990 step=1431779/5000000 reward=2.0 len=110 eps=0.020 avg_loss=0.0092 elapsed=72.1min
[iter04_clean5m] ep=8000 step=1432857/5000000 reward=11.0 len=157 eps=0.020 avg_loss=0.0103 elapsed=72.2min
[iter04_clean5m] ep=8010 step=1434612/5000000 reward=3.0 len=59 eps=0.020 avg_loss=0.0109 elapsed=72.2min
[iter04_clean5m] ep=8020 step=1436813/5000000 reward=5.0 len=332 eps=0.020 avg_loss=0.0084 elapsed=72.4min
[iter04_clean5m] ep=8030 step=1438760/5000000 reward=13.0 len=181 eps=0.020 avg_loss=0.0077 elapsed=72.5min
[iter04_clean5m] ep=8040 step=1440565/5000000 reward=9.0 len=143 eps=0.020 avg_loss=0.0103 elapsed=72.6min
[iter04_clean5m] ep=8050 step=1441666/5000000 reward=1.0 len=79 eps=0.020 avg_loss=0.0073 elapsed=72.6min
[iter04_clean5m] ep=8060 step=1443768/5000000 reward=14.0 len=209 eps=0.020 avg_loss=0.0092 elapsed=72.7min
[iter04_clean5m] ep=8070 step=1445954/5000000 reward=5.0 len=143 eps=0.020 avg_loss=0.0097 elapsed=72.9min
[iter04_clean5m] ep=8080 step=1447633/5000000 reward=6.0 len=194 eps=0.020 avg_loss=0.0094 elapsed=72.9min
[iter04_clean5m] ep=8090 step=1449332/5000000 reward=7.0 len=140 eps=0.020 avg_loss=0.0082 elapsed=73.0min
[iter04_clean5m] ep=8100 step=1451013/5000000 reward=3.0 len=91 eps=0.020 avg_loss=0.0110 elapsed=73.1min
[iter04_clean5m] ep=8110 step=1452847/5000000 reward=3.0 len=275 eps=0.020 avg_loss=0.0104 elapsed=73.2min
[iter04_clean5m] ep=8120 step=1454903/5000000 reward=24.0 len=510 eps=0.020 avg_loss=0.0113 elapsed=73.3min
[iter04_clean5m] ep=8130 step=1456760/5000000 reward=9.0 len=144 eps=0.020 avg_loss=0.0100 elapsed=73.4min
[iter04_clean5m] ep=8140 step=1458738/5000000 reward=8.0 len=205 eps=0.020 avg_loss=0.0093 elapsed=73.5min
[iter04_clean5m] ep=8150 step=1460322/5000000 reward=11.0 len=171 eps=0.020 avg_loss=0.0097 elapsed=73.6min
[iter04_clean5m] ep=8160 step=1462110/5000000 reward=8.0 len=130 eps=0.020 avg_loss=0.0073 elapsed=73.7min
[iter04_clean5m] ep=8170 step=1464077/5000000 reward=16.0 len=322 eps=0.020 avg_loss=0.0098 elapsed=73.8min
[iter04_clean5m] ep=8180 step=1465954/5000000 reward=15.0 len=204 eps=0.020 avg_loss=0.0100 elapsed=73.9min
[iter04_clean5m] ep=8190 step=1467866/5000000 reward=18.0 len=268 eps=0.020 avg_loss=0.0086 elapsed=74.0min
[iter04_clean5m] ep=8200 step=1470032/5000000 reward=1.0 len=142 eps=0.020 avg_loss=0.0083 elapsed=74.1min
[iter04_clean5m] ep=8210 step=1471503/5000000 reward=13.0 len=174 eps=0.020 avg_loss=0.0078 elapsed=74.2min
[iter04_clean5m] ep=8220 step=1473518/5000000 reward=17.0 len=271 eps=0.020 avg_loss=0.0085 elapsed=74.3min
[iter04_clean5m] ep=8230 step=1475401/5000000 reward=9.0 len=319 eps=0.020 avg_loss=0.0084 elapsed=74.4min
[iter04_clean5m] ep=8240 step=1477359/5000000 reward=14.0 len=189 eps=0.020 avg_loss=0.0091 elapsed=74.5min
[iter04_clean5m] ep=8250 step=1478852/5000000 reward=4.0 len=129 eps=0.020 avg_loss=0.0091 elapsed=74.6min
[iter04_clean5m] ep=8260 step=1480477/5000000 reward=10.0 len=306 eps=0.020 avg_loss=0.0086 elapsed=74.7min
[iter04_clean5m] ep=8270 step=1482355/5000000 reward=20.0 len=324 eps=0.020 avg_loss=0.0087 elapsed=74.8min
[iter04_clean5m] ep=8280 step=1484437/5000000 reward=8.0 len=199 eps=0.020 avg_loss=0.0085 elapsed=74.9min
[iter04_clean5m] ep=8290 step=1486009/5000000 reward=0.0 len=57 eps=0.020 avg_loss=0.0079 elapsed=75.0min
[iter04_clean5m] ep=8300 step=1487286/5000000 reward=1.0 len=88 eps=0.020 avg_loss=0.0117 elapsed=75.1min
[iter04_clean5m] ep=8310 step=1489340/5000000 reward=11.0 len=336 eps=0.020 avg_loss=0.0090 elapsed=75.2min
[iter04_clean5m] ep=8320 step=1491269/5000000 reward=1.0 len=101 eps=0.020 avg_loss=0.0109 elapsed=75.3min
[iter04_clean5m] ep=8330 step=1493147/5000000 reward=13.0 len=189 eps=0.020 avg_loss=0.0102 elapsed=75.4min
[iter04_clean5m] ep=8340 step=1495029/5000000 reward=2.0 len=64 eps=0.020 avg_loss=0.0098 elapsed=75.5min
[iter04_clean5m] ep=8350 step=1496827/5000000 reward=1.0 len=128 eps=0.020 avg_loss=0.0101 elapsed=75.6min
[iter04_clean5m] ep=8360 step=1498924/5000000 reward=25.0 len=438 eps=0.020 avg_loss=0.0104 elapsed=75.7min
[iter04_clean5m] ep=8370 step=1500493/5000000 reward=7.0 len=143 eps=0.020 avg_loss=0.0084 elapsed=75.8min
[iter04_clean5m] ep=8380 step=1502476/5000000 reward=17.0 len=467 eps=0.020 avg_loss=0.0097 elapsed=75.9min
[iter04_clean5m] ep=8390 step=1504412/5000000 reward=11.0 len=160 eps=0.020 avg_loss=0.0120 elapsed=76.0min
[iter04_clean5m] ep=8400 step=1506196/5000000 reward=9.0 len=232 eps=0.020 avg_loss=0.0097 elapsed=76.1min
[iter04_clean5m] ep=8410 step=1507685/5000000 reward=2.0 len=170 eps=0.020 avg_loss=0.0094 elapsed=76.2min
[iter04_clean5m] ep=8420 step=1509777/5000000 reward=17.0 len=294 eps=0.020 avg_loss=0.0088 elapsed=76.3min
[iter04_clean5m] ep=8430 step=1511261/5000000 reward=2.0 len=68 eps=0.020 avg_loss=0.0104 elapsed=76.3min
[iter04_clean5m] ep=8440 step=1513412/5000000 reward=6.0 len=300 eps=0.020 avg_loss=0.0096 elapsed=76.5min
[iter04_clean5m] ep=8450 step=1514877/5000000 reward=13.0 len=181 eps=0.020 avg_loss=0.0090 elapsed=76.5min
[iter04_clean5m] ep=8460 step=1516825/5000000 reward=6.0 len=113 eps=0.020 avg_loss=0.0087 elapsed=76.6min
[iter04_clean5m] ep=8470 step=1518630/5000000 reward=13.0 len=464 eps=0.020 avg_loss=0.0085 elapsed=76.7min
[iter04_clean5m] ep=8480 step=1520690/5000000 reward=10.0 len=186 eps=0.020 avg_loss=0.0097 elapsed=76.8min
[iter04_clean5m] ep=8490 step=1522380/5000000 reward=4.0 len=94 eps=0.020 avg_loss=0.0096 elapsed=76.9min
[iter04_clean5m] ep=8500 step=1524477/5000000 reward=5.0 len=196 eps=0.020 avg_loss=0.0102 elapsed=77.0min
[iter04_clean5m] ep=8510 step=1526338/5000000 reward=14.0 len=204 eps=0.020 avg_loss=0.0094 elapsed=77.1min
[iter04_clean5m] ep=8520 step=1528393/5000000 reward=8.0 len=190 eps=0.020 avg_loss=0.0099 elapsed=77.3min
[iter04_clean5m] ep=8530 step=1529936/5000000 reward=10.0 len=335 eps=0.020 avg_loss=0.0087 elapsed=77.3min
[iter04_clean5m] ep=8540 step=1531581/5000000 reward=14.0 len=195 eps=0.020 avg_loss=0.0106 elapsed=77.4min
[iter04_clean5m] ep=8550 step=1533755/5000000 reward=3.0 len=136 eps=0.020 avg_loss=0.0094 elapsed=77.5min
[iter04_clean5m] ep=8560 step=1535523/5000000 reward=2.0 len=77 eps=0.020 avg_loss=0.0112 elapsed=77.6min
[iter04_clean5m] ep=8570 step=1537210/5000000 reward=13.0 len=193 eps=0.020 avg_loss=0.0099 elapsed=77.7min
[iter04_clean5m] ep=8580 step=1539130/5000000 reward=5.0 len=92 eps=0.020 avg_loss=0.0104 elapsed=77.8min
[iter04_clean5m] ep=8590 step=1541607/5000000 reward=3.0 len=284 eps=0.020 avg_loss=0.0101 elapsed=78.0min
[iter04_clean5m] ep=8600 step=1543910/5000000 reward=31.0 len=564 eps=0.020 avg_loss=0.0097 elapsed=78.1min
[iter04_clean5m] ep=8610 step=1545295/5000000 reward=11.0 len=229 eps=0.020 avg_loss=0.0087 elapsed=78.2min
[iter04_clean5m] ep=8620 step=1547361/5000000 reward=4.0 len=136 eps=0.020 avg_loss=0.0089 elapsed=78.3min
[iter04_clean5m] ep=8630 step=1549906/5000000 reward=31.0 len=681 eps=0.020 avg_loss=0.0100 elapsed=78.4min
[iter04_clean5m] ep=8640 step=1552016/5000000 reward=15.0 len=274 eps=0.020 avg_loss=0.0089 elapsed=78.5min
[iter04_clean5m] ep=8650 step=1553527/5000000 reward=3.0 len=117 eps=0.020 avg_loss=0.0068 elapsed=78.6min
[iter04_clean5m] ep=8660 step=1555590/5000000 reward=5.0 len=132 eps=0.020 avg_loss=0.0102 elapsed=78.7min
[iter04_clean5m] ep=8670 step=1557662/5000000 reward=15.0 len=458 eps=0.020 avg_loss=0.0102 elapsed=78.8min
[iter04_clean5m] ep=8680 step=1559493/5000000 reward=4.0 len=121 eps=0.020 avg_loss=0.0070 elapsed=78.9min
[iter04_clean5m] ep=8690 step=1561030/5000000 reward=14.0 len=185 eps=0.020 avg_loss=0.0095 elapsed=79.0min
[iter04_clean5m] ep=8700 step=1563032/5000000 reward=12.0 len=202 eps=0.020 avg_loss=0.0077 elapsed=79.1min
[iter04_clean5m] ep=8710 step=1565749/5000000 reward=9.0 len=232 eps=0.020 avg_loss=0.0090 elapsed=79.2min
[iter04_clean5m] ep=8720 step=1567428/5000000 reward=10.0 len=151 eps=0.020 avg_loss=0.0081 elapsed=79.3min
[iter04_clean5m] ep=8730 step=1569770/5000000 reward=0.0 len=51 eps=0.020 avg_loss=0.0070 elapsed=79.5min
[iter04_clean5m] ep=8740 step=1571548/5000000 reward=6.0 len=188 eps=0.020 avg_loss=0.0106 elapsed=79.6min
[iter04_clean5m] ep=8750 step=1573400/5000000 reward=3.0 len=87 eps=0.020 avg_loss=0.0105 elapsed=79.7min
[iter04_clean5m] ep=8760 step=1575614/5000000 reward=9.0 len=163 eps=0.020 avg_loss=0.0089 elapsed=79.8min
[iter04_clean5m] ep=8770 step=1577277/5000000 reward=4.0 len=172 eps=0.020 avg_loss=0.0114 elapsed=79.9min
[iter04_clean5m] ep=8780 step=1578959/5000000 reward=10.0 len=159 eps=0.020 avg_loss=0.0079 elapsed=80.0min
[iter04_clean5m] ep=8790 step=1580172/5000000 reward=2.0 len=77 eps=0.020 avg_loss=0.0119 elapsed=80.0min
[iter04_clean5m] ep=8800 step=1581741/5000000 reward=2.0 len=70 eps=0.020 avg_loss=0.0125 elapsed=80.1min
[iter04_clean5m] ep=8810 step=1583956/5000000 reward=13.0 len=196 eps=0.020 avg_loss=0.0100 elapsed=80.2min
[iter04_clean5m] ep=8820 step=1585669/5000000 reward=2.0 len=60 eps=0.020 avg_loss=0.0087 elapsed=80.3min
[iter04_clean5m] ep=8830 step=1588241/5000000 reward=2.0 len=229 eps=0.020 avg_loss=0.0075 elapsed=80.5min
[iter04_clean5m] ep=8840 step=1590428/5000000 reward=20.0 len=415 eps=0.020 avg_loss=0.0102 elapsed=80.6min
[iter04_clean5m] ep=8850 step=1592548/5000000 reward=2.0 len=101 eps=0.020 avg_loss=0.0105 elapsed=80.7min
[iter04_clean5m] ep=8860 step=1594295/5000000 reward=8.0 len=201 eps=0.020 avg_loss=0.0106 elapsed=80.8min
[iter04_clean5m] ep=8870 step=1595857/5000000 reward=15.0 len=228 eps=0.020 avg_loss=0.0113 elapsed=80.9min
[iter04_clean5m] ep=8880 step=1598018/5000000 reward=21.0 len=505 eps=0.020 avg_loss=0.0092 elapsed=81.0min
[iter04_clean5m] ep=8890 step=1600114/5000000 reward=0.0 len=153 eps=0.020 avg_loss=0.0097 elapsed=81.1min
[iter04_clean5m] ep=8900 step=1601861/5000000 reward=3.0 len=84 eps=0.020 avg_loss=0.0118 elapsed=81.2min
[iter04_clean5m] ep=8910 step=1603864/5000000 reward=14.0 len=291 eps=0.020 avg_loss=0.0091 elapsed=81.3min
[iter04_clean5m] ep=8920 step=1605368/5000000 reward=2.0 len=61 eps=0.020 avg_loss=0.0112 elapsed=81.4min
[iter04_clean5m] ep=8930 step=1607459/5000000 reward=21.0 len=458 eps=0.020 avg_loss=0.0103 elapsed=81.5min
[iter04_clean5m] ep=8940 step=1609402/5000000 reward=6.0 len=179 eps=0.020 avg_loss=0.0095 elapsed=81.6min
[iter04_clean5m] ep=8950 step=1612069/5000000 reward=0.0 len=145 eps=0.020 avg_loss=0.0102 elapsed=81.7min
[iter04_clean5m] ep=8960 step=1614292/5000000 reward=11.0 len=182 eps=0.020 avg_loss=0.0112 elapsed=81.8min
[iter04_clean5m] ep=8970 step=1616130/5000000 reward=1.0 len=59 eps=0.020 avg_loss=0.0085 elapsed=81.9min
[iter04_clean5m] ep=8980 step=1618188/5000000 reward=1.0 len=88 eps=0.020 avg_loss=0.0147 elapsed=82.1min
[iter04_clean5m] ep=8990 step=1619975/5000000 reward=10.0 len=178 eps=0.020 avg_loss=0.0115 elapsed=82.1min
[iter04_clean5m] ep=9000 step=1621651/5000000 reward=8.0 len=188 eps=0.020 avg_loss=0.0106 elapsed=82.2min
[iter04_clean5m] ep=9010 step=1623714/5000000 reward=1.0 len=68 eps=0.020 avg_loss=0.0112 elapsed=82.3min
[iter04_clean5m] ep=9020 step=1625822/5000000 reward=18.0 len=306 eps=0.020 avg_loss=0.0099 elapsed=82.5min
[iter04_clean5m] ep=9030 step=1627268/5000000 reward=4.0 len=96 eps=0.020 avg_loss=0.0075 elapsed=82.5min
[iter04_clean5m] ep=9040 step=1629158/5000000 reward=5.0 len=144 eps=0.020 avg_loss=0.0088 elapsed=82.6min
[iter04_clean5m] ep=9050 step=1631238/5000000 reward=17.0 len=290 eps=0.020 avg_loss=0.0107 elapsed=82.8min
[iter04_clean5m] ep=9060 step=1632678/5000000 reward=1.0 len=58 eps=0.020 avg_loss=0.0090 elapsed=82.8min
[iter04_clean5m] ep=9070 step=1634705/5000000 reward=5.0 len=293 eps=0.020 avg_loss=0.0096 elapsed=82.9min
[iter04_clean5m] ep=9080 step=1636764/5000000 reward=11.0 len=171 eps=0.020 avg_loss=0.0089 elapsed=83.0min
[iter04_clean5m] ep=9090 step=1638761/5000000 reward=12.0 len=215 eps=0.020 avg_loss=0.0093 elapsed=83.2min
[iter04_clean5m] ep=9100 step=1640834/5000000 reward=8.0 len=323 eps=0.020 avg_loss=0.0085 elapsed=83.3min
[iter04_clean5m] ep=9110 step=1642564/5000000 reward=14.0 len=243 eps=0.020 avg_loss=0.0083 elapsed=83.4min
[iter04_clean5m] ep=9120 step=1644888/5000000 reward=9.0 len=268 eps=0.020 avg_loss=0.0109 elapsed=83.5min
[iter04_clean5m] ep=9130 step=1646601/5000000 reward=12.0 len=249 eps=0.020 avg_loss=0.0100 elapsed=83.6min
[iter04_clean5m] ep=9140 step=1648940/5000000 reward=15.0 len=245 eps=0.020 avg_loss=0.0080 elapsed=83.7min
[iter04_clean5m] ep=9150 step=1650951/5000000 reward=8.0 len=152 eps=0.020 avg_loss=0.0109 elapsed=83.8min
[iter04_clean5m] ep=9160 step=1653965/5000000 reward=17.0 len=271 eps=0.020 avg_loss=0.0119 elapsed=84.0min
[iter04_clean5m] ep=9170 step=1655572/5000000 reward=3.0 len=94 eps=0.020 avg_loss=0.0112 elapsed=84.0min
[iter04_clean5m] ep=9180 step=1657847/5000000 reward=10.0 len=278 eps=0.020 avg_loss=0.0115 elapsed=84.2min
[iter04_clean5m] ep=9190 step=1660611/5000000 reward=13.0 len=315 eps=0.020 avg_loss=0.0102 elapsed=84.3min
[iter04_clean5m] ep=9200 step=1662663/5000000 reward=10.0 len=177 eps=0.020 avg_loss=0.0104 elapsed=84.4min
[iter04_clean5m] ep=9210 step=1664487/5000000 reward=10.0 len=185 eps=0.020 avg_loss=0.0085 elapsed=84.5min
[iter04_clean5m] ep=9220 step=1666143/5000000 reward=2.0 len=201 eps=0.020 avg_loss=0.0110 elapsed=84.6min
[iter04_clean5m] ep=9230 step=1668321/5000000 reward=11.0 len=154 eps=0.020 avg_loss=0.0079 elapsed=84.7min
[iter04_clean5m] ep=9240 step=1670023/5000000 reward=6.0 len=104 eps=0.020 avg_loss=0.0093 elapsed=84.8min
[iter04_clean5m] ep=9250 step=1671652/5000000 reward=11.0 len=357 eps=0.020 avg_loss=0.0105 elapsed=84.9min
[iter04_clean5m] ep=9260 step=1673822/5000000 reward=11.0 len=168 eps=0.020 avg_loss=0.0125 elapsed=85.0min
[iter04_clean5m] ep=9270 step=1676007/5000000 reward=1.0 len=74 eps=0.020 avg_loss=0.0114 elapsed=85.1min
[iter04_clean5m] ep=9280 step=1677908/5000000 reward=2.0 len=164 eps=0.020 avg_loss=0.0110 elapsed=85.2min
[iter04_clean5m] ep=9290 step=1680548/5000000 reward=11.0 len=176 eps=0.020 avg_loss=0.0109 elapsed=85.4min
[iter04_clean5m] ep=9300 step=1682306/5000000 reward=12.0 len=216 eps=0.020 avg_loss=0.0090 elapsed=85.5min
[iter04_clean5m] ep=9310 step=1684139/5000000 reward=0.0 len=67 eps=0.020 avg_loss=0.0105 elapsed=85.6min
[iter04_clean5m] ep=9320 step=1686307/5000000 reward=10.0 len=164 eps=0.020 avg_loss=0.0093 elapsed=85.7min
[iter04_clean5m] ep=9330 step=1687736/5000000 reward=6.0 len=129 eps=0.020 avg_loss=0.0087 elapsed=85.8min
[iter04_clean5m] ep=9340 step=1689904/5000000 reward=10.0 len=339 eps=0.020 avg_loss=0.0101 elapsed=85.9min
[iter04_clean5m] ep=9350 step=1692023/5000000 reward=14.0 len=210 eps=0.020 avg_loss=0.0113 elapsed=86.0min
[iter04_clean5m] ep=9360 step=1694426/5000000 reward=3.0 len=168 eps=0.020 avg_loss=0.0120 elapsed=86.1min
[iter04_clean5m] ep=9370 step=1696838/5000000 reward=8.0 len=150 eps=0.020 avg_loss=0.0107 elapsed=86.2min
[iter04_clean5m] ep=9380 step=1698716/5000000 reward=16.0 len=401 eps=0.020 avg_loss=0.0116 elapsed=86.3min
[iter04_clean5m] ep=9390 step=1701106/5000000 reward=0.0 len=26 eps=0.020 avg_loss=0.0079 elapsed=86.5min
[iter04_clean5m] ep=9400 step=1703067/5000000 reward=11.0 len=178 eps=0.020 avg_loss=0.0084 elapsed=86.6min
[iter04_clean5m] ep=9410 step=1704783/5000000 reward=6.0 len=169 eps=0.020 avg_loss=0.0089 elapsed=86.7min
[iter04_clean5m] ep=9420 step=1706790/5000000 reward=1.0 len=100 eps=0.020 avg_loss=0.0101 elapsed=86.8min
[iter04_clean5m] ep=9430 step=1709410/5000000 reward=19.0 len=322 eps=0.020 avg_loss=0.0099 elapsed=86.9min
[iter04_clean5m] ep=9440 step=1711447/5000000 reward=7.0 len=189 eps=0.020 avg_loss=0.0123 elapsed=87.0min
[iter04_clean5m] ep=9450 step=1713442/5000000 reward=1.0 len=67 eps=0.020 avg_loss=0.0105 elapsed=87.1min
[iter04_clean5m] ep=9460 step=1715550/5000000 reward=17.0 len=316 eps=0.020 avg_loss=0.0093 elapsed=87.2min
[iter04_clean5m] ep=9470 step=1717405/5000000 reward=12.0 len=210 eps=0.020 avg_loss=0.0094 elapsed=87.3min
[iter04_clean5m] ep=9480 step=1719197/5000000 reward=1.0 len=67 eps=0.020 avg_loss=0.0157 elapsed=87.4min
[iter04_clean5m] ep=9490 step=1720916/5000000 reward=11.0 len=168 eps=0.020 avg_loss=0.0078 elapsed=87.5min
[iter04_clean5m] ep=9500 step=1722812/5000000 reward=11.0 len=231 eps=0.020 avg_loss=0.0100 elapsed=87.6min
[iter04_clean5m] ep=9510 step=1724839/5000000 reward=4.0 len=173 eps=0.020 avg_loss=0.0116 elapsed=87.7min
[iter04_clean5m] ep=9520 step=1727363/5000000 reward=18.0 len=296 eps=0.020 avg_loss=0.0111 elapsed=87.9min
[iter04_clean5m] ep=9530 step=1729188/5000000 reward=2.0 len=66 eps=0.020 avg_loss=0.0089 elapsed=88.0min
[iter04_clean5m] ep=9540 step=1731227/5000000 reward=0.0 len=70 eps=0.020 avg_loss=0.0134 elapsed=88.1min
[iter04_clean5m] ep=9550 step=1733260/5000000 reward=17.0 len=270 eps=0.020 avg_loss=0.0107 elapsed=88.2min
[iter04_clean5m] ep=9560 step=1735016/5000000 reward=2.0 len=57 eps=0.020 avg_loss=0.0193 elapsed=88.3min
[iter04_clean5m] ep=9570 step=1737458/5000000 reward=21.0 len=340 eps=0.020 avg_loss=0.0110 elapsed=88.4min
[iter04_clean5m] ep=9580 step=1739817/5000000 reward=6.0 len=121 eps=0.020 avg_loss=0.0127 elapsed=88.5min
[iter04_clean5m] ep=9590 step=1741783/5000000 reward=9.0 len=240 eps=0.020 avg_loss=0.0093 elapsed=88.6min
[iter04_clean5m] ep=9600 step=1743814/5000000 reward=11.0 len=168 eps=0.020 avg_loss=0.0105 elapsed=88.7min
[iter04_clean5m] ep=9610 step=1745915/5000000 reward=9.0 len=246 eps=0.020 avg_loss=0.0125 elapsed=88.9min
[iter04_clean5m] ep=9620 step=1747914/5000000 reward=0.0 len=79 eps=0.020 avg_loss=0.0078 elapsed=89.0min
[iter04_clean5m] ep=9630 step=1750428/5000000 reward=12.0 len=200 eps=0.020 avg_loss=0.0139 elapsed=89.1min
[iter04_clean5m] ep=9640 step=1752381/5000000 reward=5.0 len=147 eps=0.020 avg_loss=0.0076 elapsed=89.2min
[iter04_clean5m] ep=9650 step=1754147/5000000 reward=16.0 len=218 eps=0.020 avg_loss=0.0123 elapsed=89.3min
[iter04_clean5m] ep=9660 step=1756299/5000000 reward=4.0 len=108 eps=0.020 avg_loss=0.0096 elapsed=89.4min
[iter04_clean5m] ep=9670 step=1758501/5000000 reward=19.0 len=571 eps=0.020 avg_loss=0.0133 elapsed=89.5min
[iter04_clean5m] ep=9680 step=1760520/5000000 reward=14.0 len=187 eps=0.020 avg_loss=0.0106 elapsed=89.6min
[iter04_clean5m] ep=9690 step=1762385/5000000 reward=3.0 len=58 eps=0.020 avg_loss=0.0120 elapsed=89.7min
[iter04_clean5m] ep=9700 step=1764989/5000000 reward=7.0 len=265 eps=0.020 avg_loss=0.0115 elapsed=89.9min
[iter04_clean5m] ep=9710 step=1766839/5000000 reward=11.0 len=174 eps=0.020 avg_loss=0.0094 elapsed=90.0min
[iter04_clean5m] ep=9720 step=1768859/5000000 reward=5.0 len=133 eps=0.020 avg_loss=0.0126 elapsed=90.1min
[iter04_clean5m] ep=9730 step=1770886/5000000 reward=11.0 len=381 eps=0.020 avg_loss=0.0116 elapsed=90.2min
[iter04_clean5m] ep=9740 step=1772920/5000000 reward=18.0 len=260 eps=0.020 avg_loss=0.0139 elapsed=90.3min
[iter04_clean5m] ep=9750 step=1774876/5000000 reward=9.0 len=187 eps=0.020 avg_loss=0.0110 elapsed=90.4min
[iter04_clean5m] ep=9760 step=1777096/5000000 reward=1.0 len=174 eps=0.020 avg_loss=0.0145 elapsed=90.5min
[iter04_clean5m] ep=9770 step=1779150/5000000 reward=14.0 len=183 eps=0.020 avg_loss=0.0112 elapsed=90.6min
[iter04_clean5m] ep=9780 step=1781872/5000000 reward=8.0 len=218 eps=0.020 avg_loss=0.0110 elapsed=90.8min
[iter04_clean5m] ep=9790 step=1783762/5000000 reward=10.0 len=204 eps=0.020 avg_loss=0.0103 elapsed=90.9min
[iter04_clean5m] ep=9800 step=1785500/5000000 reward=9.0 len=140 eps=0.020 avg_loss=0.0080 elapsed=91.0min
[iter04_clean5m] ep=9810 step=1787775/5000000 reward=7.0 len=129 eps=0.020 avg_loss=0.0093 elapsed=91.1min
[iter04_clean5m] ep=9820 step=1789727/5000000 reward=1.0 len=158 eps=0.020 avg_loss=0.0120 elapsed=91.2min
[iter04_clean5m] ep=9830 step=1792142/5000000 reward=12.0 len=161 eps=0.020 avg_loss=0.0123 elapsed=91.3min
[iter04_clean5m] ep=9840 step=1793816/5000000 reward=3.0 len=59 eps=0.020 avg_loss=0.0126 elapsed=91.4min
[iter04_clean5m] ep=9850 step=1796385/5000000 reward=8.0 len=276 eps=0.020 avg_loss=0.0106 elapsed=91.5min
[iter04_clean5m] ep=9860 step=1798211/5000000 reward=9.0 len=153 eps=0.020 avg_loss=0.0087 elapsed=91.6min
[iter04_clean5m] ep=9870 step=1800129/5000000 reward=12.0 len=272 eps=0.020 avg_loss=0.0083 elapsed=91.7min
[iter04_clean5m] ep=9880 step=1802050/5000000 reward=7.0 len=210 eps=0.020 avg_loss=0.0141 elapsed=91.8min
[iter04_clean5m] ep=9890 step=1803563/5000000 reward=15.0 len=191 eps=0.020 avg_loss=0.0108 elapsed=91.9min
[iter04_clean5m] ep=9900 step=1805928/5000000 reward=8.0 len=153 eps=0.020 avg_loss=0.0096 elapsed=92.0min
[iter04_clean5m] ep=9910 step=1807972/5000000 reward=6.0 len=197 eps=0.020 avg_loss=0.0133 elapsed=92.1min
[iter04_clean5m] ep=9920 step=1809483/5000000 reward=9.0 len=190 eps=0.020 avg_loss=0.0102 elapsed=92.2min
[iter04_clean5m] ep=9930 step=1811416/5000000 reward=6.0 len=154 eps=0.020 avg_loss=0.0113 elapsed=92.3min
[iter04_clean5m] ep=9940 step=1813831/5000000 reward=3.0 len=97 eps=0.020 avg_loss=0.0102 elapsed=92.5min
[iter04_clean5m] ep=9950 step=1816455/5000000 reward=25.0 len=487 eps=0.020 avg_loss=0.0118 elapsed=92.6min
[iter04_clean5m] ep=9960 step=1818469/5000000 reward=7.0 len=179 eps=0.020 avg_loss=0.0114 elapsed=92.7min
[iter04_clean5m] ep=9970 step=1820890/5000000 reward=3.0 len=207 eps=0.020 avg_loss=0.0083 elapsed=92.8min
[iter04_clean5m] ep=9980 step=1822425/5000000 reward=9.0 len=179 eps=0.020 avg_loss=0.0128 elapsed=92.9min
[iter04_clean5m] ep=9990 step=1824256/5000000 reward=7.0 len=144 eps=0.020 avg_loss=0.0103 elapsed=93.0min
[iter04_clean5m] ep=10000 step=1826412/5000000 reward=1.0 len=130 eps=0.020 avg_loss=0.0112 elapsed=93.1min
[iter04_clean5m] ep=10010 step=1828180/5000000 reward=9.0 len=160 eps=0.020 avg_loss=0.0091 elapsed=93.2min
[iter04_clean5m] ep=10020 step=1830799/5000000 reward=0.0 len=68 eps=0.020 avg_loss=0.0096 elapsed=93.4min
[iter04_clean5m] ep=10030 step=1832394/5000000 reward=1.0 len=79 eps=0.020 avg_loss=0.0129 elapsed=93.4min
[iter04_clean5m] ep=10040 step=1834115/5000000 reward=10.0 len=166 eps=0.020 avg_loss=0.0129 elapsed=93.5min
[iter04_clean5m] ep=10050 step=1836696/5000000 reward=16.0 len=228 eps=0.020 avg_loss=0.0152 elapsed=93.7min
[iter04_clean5m] ep=10060 step=1838543/5000000 reward=14.0 len=458 eps=0.020 avg_loss=0.0106 elapsed=93.8min
[iter04_clean5m] ep=10070 step=1840431/5000000 reward=14.0 len=391 eps=0.020 avg_loss=0.0117 elapsed=93.9min
[iter04_clean5m] ep=10080 step=1842802/5000000 reward=20.0 len=586 eps=0.020 avg_loss=0.0108 elapsed=94.0min
[iter04_clean5m] ep=10090 step=1844776/5000000 reward=3.0 len=115 eps=0.020 avg_loss=0.0105 elapsed=94.1min
[iter04_clean5m] ep=10100 step=1846552/5000000 reward=15.0 len=286 eps=0.020 avg_loss=0.0092 elapsed=94.2min
[iter04_clean5m] ep=10110 step=1848534/5000000 reward=7.0 len=109 eps=0.020 avg_loss=0.0091 elapsed=94.3min
[iter04_clean5m] ep=10120 step=1850891/5000000 reward=1.0 len=206 eps=0.020 avg_loss=0.0142 elapsed=94.4min
[iter04_clean5m] ep=10130 step=1852818/5000000 reward=12.0 len=192 eps=0.020 avg_loss=0.0139 elapsed=94.5min
[iter04_clean5m] ep=10140 step=1855917/5000000 reward=1.0 len=76 eps=0.020 avg_loss=0.0091 elapsed=94.7min
[iter04_clean5m] ep=10150 step=1857570/5000000 reward=1.0 len=67 eps=0.020 avg_loss=0.0121 elapsed=94.8min
[iter04_clean5m] ep=10160 step=1859560/5000000 reward=13.0 len=175 eps=0.020 avg_loss=0.0136 elapsed=94.9min
[iter04_clean5m] ep=10170 step=1861279/5000000 reward=5.0 len=157 eps=0.020 avg_loss=0.0133 elapsed=95.0min
[iter04_clean5m] ep=10180 step=1863577/5000000 reward=10.0 len=287 eps=0.020 avg_loss=0.0123 elapsed=95.1min
[iter04_clean5m] ep=10190 step=1865604/5000000 reward=19.0 len=270 eps=0.020 avg_loss=0.0122 elapsed=95.2min
[iter04_clean5m] ep=10200 step=1868037/5000000 reward=12.0 len=262 eps=0.020 avg_loss=0.0114 elapsed=95.4min
[iter04_clean5m] ep=10210 step=1870128/5000000 reward=9.0 len=228 eps=0.020 avg_loss=0.0127 elapsed=95.5min
[iter04_clean5m] ep=10220 step=1872238/5000000 reward=14.0 len=180 eps=0.020 avg_loss=0.0122 elapsed=95.6min
[iter04_clean5m] ep=10230 step=1873960/5000000 reward=5.0 len=111 eps=0.020 avg_loss=0.0138 elapsed=95.7min
[iter04_clean5m] ep=10240 step=1875836/5000000 reward=5.0 len=189 eps=0.020 avg_loss=0.0133 elapsed=95.8min
[iter04_clean5m] ep=10250 step=1878189/5000000 reward=18.0 len=300 eps=0.020 avg_loss=0.0121 elapsed=95.9min
[iter04_clean5m] ep=10260 step=1879972/5000000 reward=0.0 len=67 eps=0.020 avg_loss=0.0092 elapsed=96.0min
[iter04_clean5m] ep=10270 step=1881919/5000000 reward=1.0 len=72 eps=0.020 avg_loss=0.0212 elapsed=96.1min
[iter04_clean5m] ep=10280 step=1884741/5000000 reward=20.0 len=407 eps=0.020 avg_loss=0.0115 elapsed=96.3min
[iter04_clean5m] ep=10290 step=1886582/5000000 reward=0.0 len=52 eps=0.020 avg_loss=0.0102 elapsed=96.4min
[iter04_clean5m] ep=10300 step=1889003/5000000 reward=2.0 len=96 eps=0.020 avg_loss=0.0097 elapsed=96.5min
[iter04_clean5m] ep=10310 step=1890539/5000000 reward=9.0 len=181 eps=0.020 avg_loss=0.0119 elapsed=96.6min
[iter04_clean5m] ep=10320 step=1893229/5000000 reward=2.0 len=80 eps=0.020 avg_loss=0.0126 elapsed=96.7min
[iter04_clean5m] ep=10330 step=1896159/5000000 reward=6.0 len=279 eps=0.020 avg_loss=0.0121 elapsed=96.9min
[iter04_clean5m] ep=10340 step=1897697/5000000 reward=5.0 len=148 eps=0.020 avg_loss=0.0123 elapsed=97.0min
[iter04_clean5m] ep=10350 step=1900378/5000000 reward=18.0 len=561 eps=0.020 avg_loss=0.0126 elapsed=97.1min
[iter04_clean5m] ep=10360 step=1902449/5000000 reward=20.0 len=455 eps=0.020 avg_loss=0.0131 elapsed=97.2min
[iter04_clean5m] ep=10370 step=1904585/5000000 reward=18.0 len=266 eps=0.020 avg_loss=0.0132 elapsed=97.3min
[iter04_clean5m] ep=10380 step=1907121/5000000 reward=2.0 len=107 eps=0.020 avg_loss=0.0123 elapsed=97.5min
[iter04_clean5m] ep=10390 step=1909464/5000000 reward=0.0 len=67 eps=0.020 avg_loss=0.0119 elapsed=97.6min
[iter04_clean5m] ep=10400 step=1911491/5000000 reward=22.0 len=276 eps=0.020 avg_loss=0.0110 elapsed=97.7min
[iter04_clean5m] ep=10410 step=1913715/5000000 reward=4.0 len=89 eps=0.020 avg_loss=0.0134 elapsed=97.8min
[iter04_clean5m] ep=10420 step=1916150/5000000 reward=21.0 len=282 eps=0.020 avg_loss=0.0127 elapsed=98.0min
[iter04_clean5m] ep=10430 step=1918535/5000000 reward=4.0 len=219 eps=0.020 avg_loss=0.0125 elapsed=98.1min
[iter04_clean5m] ep=10440 step=1920840/5000000 reward=5.0 len=163 eps=0.020 avg_loss=0.0076 elapsed=98.2min
[iter04_clean5m] ep=10450 step=1922509/5000000 reward=2.0 len=90 eps=0.020 avg_loss=0.0087 elapsed=98.3min
[iter04_clean5m] ep=10460 step=1924656/5000000 reward=7.0 len=232 eps=0.020 avg_loss=0.0110 elapsed=98.4min
[iter04_clean5m] ep=10470 step=1926632/5000000 reward=1.0 len=77 eps=0.020 avg_loss=0.0113 elapsed=98.5min
[iter04_clean5m] ep=10480 step=1929574/5000000 reward=1.0 len=75 eps=0.020 avg_loss=0.0097 elapsed=98.7min
[iter04_clean5m] ep=10490 step=1931776/5000000 reward=8.0 len=222 eps=0.020 avg_loss=0.0167 elapsed=98.8min
[iter04_clean5m] ep=10500 step=1933849/5000000 reward=14.0 len=188 eps=0.020 avg_loss=0.0108 elapsed=98.9min
[iter04_clean5m] ep=10510 step=1936215/5000000 reward=8.0 len=208 eps=0.020 avg_loss=0.0129 elapsed=99.0min
[iter04_clean5m] ep=10520 step=1938864/5000000 reward=0.0 len=91 eps=0.020 avg_loss=0.0081 elapsed=99.2min
[iter04_clean5m] ep=10530 step=1941156/5000000 reward=9.0 len=307 eps=0.020 avg_loss=0.0142 elapsed=99.3min
[iter04_clean5m] ep=10540 step=1943415/5000000 reward=17.0 len=307 eps=0.020 avg_loss=0.0126 elapsed=99.4min
[iter04_clean5m] ep=10550 step=1945519/5000000 reward=4.0 len=93 eps=0.020 avg_loss=0.0163 elapsed=99.5min
[iter04_clean5m] ep=10560 step=1947365/5000000 reward=13.0 len=178 eps=0.020 avg_loss=0.0144 elapsed=99.6min
[iter04_clean5m] ep=10570 step=1949477/5000000 reward=1.0 len=108 eps=0.020 avg_loss=0.0144 elapsed=99.7min
[iter04_clean5m] ep=10580 step=1950951/5000000 reward=4.0 len=141 eps=0.020 avg_loss=0.0130 elapsed=99.8min
[iter04_clean5m] ep=10590 step=1953128/5000000 reward=0.0 len=104 eps=0.020 avg_loss=0.0123 elapsed=99.9min
[iter04_clean5m] ep=10600 step=1955093/5000000 reward=14.0 len=302 eps=0.020 avg_loss=0.0115 elapsed=100.0min
[iter04_clean5m] ep=10610 step=1957348/5000000 reward=4.0 len=195 eps=0.020 avg_loss=0.0111 elapsed=100.1min
[iter04_clean5m] ep=10620 step=1960103/5000000 reward=19.0 len=387 eps=0.020 avg_loss=0.0098 elapsed=100.3min
[iter04_clean5m] ep=10630 step=1962411/5000000 reward=3.0 len=74 eps=0.020 avg_loss=0.0115 elapsed=100.4min
[iter04_clean5m] ep=10640 step=1964608/5000000 reward=7.0 len=254 eps=0.020 avg_loss=0.0130 elapsed=100.5min
[iter04_clean5m] ep=10650 step=1966476/5000000 reward=8.0 len=156 eps=0.020 avg_loss=0.0094 elapsed=100.6min
[iter04_clean5m] ep=10660 step=1968370/5000000 reward=7.0 len=186 eps=0.020 avg_loss=0.0134 elapsed=100.7min
[iter04_clean5m] ep=10670 step=1970092/5000000 reward=1.0 len=76 eps=0.020 avg_loss=0.0180 elapsed=100.8min
[iter04_clean5m] ep=10680 step=1972714/5000000 reward=16.0 len=289 eps=0.020 avg_loss=0.0135 elapsed=100.9min
[iter04_clean5m] ep=10690 step=1974821/5000000 reward=5.0 len=166 eps=0.020 avg_loss=0.0145 elapsed=101.0min
[iter04_clean5m] ep=10700 step=1977252/5000000 reward=5.0 len=217 eps=0.020 avg_loss=0.0133 elapsed=101.2min
[iter04_clean5m] ep=10710 step=1978980/5000000 reward=0.0 len=110 eps=0.020 avg_loss=0.0146 elapsed=101.3min
[iter04_clean5m] ep=10720 step=1981432/5000000 reward=3.0 len=101 eps=0.020 avg_loss=0.0090 elapsed=101.4min
[iter04_clean5m] ep=10730 step=1983642/5000000 reward=2.0 len=167 eps=0.020 avg_loss=0.0144 elapsed=101.5min
[iter04_clean5m] ep=10740 step=1986406/5000000 reward=18.0 len=342 eps=0.020 avg_loss=0.0135 elapsed=101.6min
[iter04_clean5m] ep=10750 step=1988586/5000000 reward=13.0 len=273 eps=0.020 avg_loss=0.0180 elapsed=101.8min
[iter04_clean5m] ep=10760 step=1991158/5000000 reward=2.0 len=117 eps=0.020 avg_loss=0.0103 elapsed=101.9min
[iter04_clean5m] ep=10770 step=1993579/5000000 reward=12.0 len=190 eps=0.020 avg_loss=0.0107 elapsed=102.0min
[iter04_clean5m] ep=10780 step=1996074/5000000 reward=2.0 len=57 eps=0.020 avg_loss=0.0102 elapsed=102.2min
[iter04_clean5m] ep=10790 step=1998485/5000000 reward=1.0 len=48 eps=0.020 avg_loss=0.0094 elapsed=102.3min
[iter04_clean5m] ep=10800 step=2001017/5000000 reward=16.0 len=220 eps=0.020 avg_loss=0.0127 elapsed=102.4min
[iter04_clean5m] ep=10810 step=2003402/5000000 reward=7.0 len=213 eps=0.020 avg_loss=0.0105 elapsed=102.5min
[iter04_clean5m] ep=10820 step=2005072/5000000 reward=3.0 len=71 eps=0.020 avg_loss=0.0088 elapsed=102.6min
[iter04_clean5m] ep=10830 step=2007187/5000000 reward=12.0 len=172 eps=0.020 avg_loss=0.0132 elapsed=102.7min
[iter04_clean5m] ep=10840 step=2009650/5000000 reward=27.0 len=571 eps=0.020 avg_loss=0.0115 elapsed=102.9min
[iter04_clean5m] ep=10850 step=2011346/5000000 reward=3.0 len=122 eps=0.020 avg_loss=0.0115 elapsed=103.0min
[iter04_clean5m] ep=10860 step=2013492/5000000 reward=24.0 len=427 eps=0.020 avg_loss=0.0130 elapsed=103.1min
[iter04_clean5m] ep=10870 step=2016043/5000000 reward=2.0 len=221 eps=0.020 avg_loss=0.0150 elapsed=103.2min
[iter04_clean5m] ep=10880 step=2018249/5000000 reward=14.0 len=229 eps=0.020 avg_loss=0.0117 elapsed=103.3min
[iter04_clean5m] ep=10890 step=2020593/5000000 reward=2.0 len=88 eps=0.020 avg_loss=0.0143 elapsed=103.5min
[iter04_clean5m] ep=10900 step=2022528/5000000 reward=0.0 len=80 eps=0.020 avg_loss=0.0127 elapsed=103.6min
[iter04_clean5m] ep=10910 step=2024606/5000000 reward=24.0 len=386 eps=0.020 avg_loss=0.0119 elapsed=103.7min
[iter04_clean5m] ep=10920 step=2027094/5000000 reward=0.0 len=107 eps=0.020 avg_loss=0.0136 elapsed=103.8min
[iter04_clean5m] ep=10930 step=2028673/5000000 reward=2.0 len=71 eps=0.020 avg_loss=0.0122 elapsed=103.9min
[iter04_clean5m] ep=10940 step=2031210/5000000 reward=2.0 len=97 eps=0.020 avg_loss=0.0114 elapsed=104.0min
[iter04_clean5m] ep=10950 step=2033171/5000000 reward=10.0 len=181 eps=0.020 avg_loss=0.0095 elapsed=104.1min
[iter04_clean5m] ep=10960 step=2034948/5000000 reward=0.0 len=71 eps=0.020 avg_loss=0.0122 elapsed=104.2min
[iter04_clean5m] ep=10970 step=2037305/5000000 reward=16.0 len=255 eps=0.020 avg_loss=0.0136 elapsed=104.3min
[iter04_clean5m] ep=10980 step=2039626/5000000 reward=1.0 len=74 eps=0.020 avg_loss=0.0138 elapsed=104.5min
[iter04_clean5m] ep=10990 step=2041805/5000000 reward=14.0 len=186 eps=0.020 avg_loss=0.0155 elapsed=104.6min
[iter04_clean5m] ep=11000 step=2043096/5000000 reward=4.0 len=90 eps=0.020 avg_loss=0.0135 elapsed=104.6min
[iter04_clean5m] ep=11010 step=2046144/5000000 reward=23.0 len=433 eps=0.020 avg_loss=0.0119 elapsed=104.8min
[iter04_clean5m] ep=11020 step=2048531/5000000 reward=8.0 len=285 eps=0.020 avg_loss=0.0135 elapsed=104.9min
[iter04_clean5m] ep=11030 step=2050798/5000000 reward=9.0 len=280 eps=0.020 avg_loss=0.0134 elapsed=105.0min
[iter04_clean5m] ep=11040 step=2052740/5000000 reward=10.0 len=145 eps=0.020 avg_loss=0.0179 elapsed=105.1min
[iter04_clean5m] ep=11050 step=2054113/5000000 reward=8.0 len=184 eps=0.020 avg_loss=0.0109 elapsed=105.2min
[iter04_clean5m] ep=11060 step=2056231/5000000 reward=1.0 len=53 eps=0.020 avg_loss=0.0146 elapsed=105.3min
[iter04_clean5m] ep=11070 step=2059438/5000000 reward=3.0 len=181 eps=0.020 avg_loss=0.0121 elapsed=105.5min
[iter04_clean5m] ep=11080 step=2061693/5000000 reward=1.0 len=68 eps=0.020 avg_loss=0.0166 elapsed=105.6min
[iter04_clean5m] ep=11090 step=2063944/5000000 reward=6.0 len=142 eps=0.020 avg_loss=0.0089 elapsed=105.7min
[iter04_clean5m] ep=11100 step=2066595/5000000 reward=8.0 len=229 eps=0.020 avg_loss=0.0109 elapsed=105.9min
[iter04_clean5m] ep=11110 step=2068530/5000000 reward=0.0 len=97 eps=0.020 avg_loss=0.0108 elapsed=106.0min
[iter04_clean5m] ep=11120 step=2070766/5000000 reward=14.0 len=203 eps=0.020 avg_loss=0.0127 elapsed=106.1min
[iter04_clean5m] ep=11130 step=2073316/5000000 reward=7.0 len=109 eps=0.020 avg_loss=0.0118 elapsed=106.2min
[iter04_clean5m] ep=11140 step=2075799/5000000 reward=13.0 len=369 eps=0.020 avg_loss=0.0127 elapsed=106.4min
[iter04_clean5m] ep=11150 step=2078643/5000000 reward=4.0 len=186 eps=0.020 avg_loss=0.0121 elapsed=106.5min
[iter04_clean5m] ep=11160 step=2080966/5000000 reward=5.0 len=171 eps=0.020 avg_loss=0.0121 elapsed=106.6min
[iter04_clean5m] ep=11170 step=2083042/5000000 reward=7.0 len=145 eps=0.020 avg_loss=0.0092 elapsed=106.7min
[iter04_clean5m] ep=11180 step=2084897/5000000 reward=15.0 len=285 eps=0.020 avg_loss=0.0113 elapsed=106.8min
[iter04_clean5m] ep=11190 step=2087002/5000000 reward=3.0 len=122 eps=0.020 avg_loss=0.0144 elapsed=106.9min
[iter04_clean5m] ep=11200 step=2089330/5000000 reward=3.0 len=243 eps=0.020 avg_loss=0.0113 elapsed=107.1min
[iter04_clean5m] ep=11210 step=2092195/5000000 reward=32.0 len=511 eps=0.020 avg_loss=0.0166 elapsed=107.2min
[iter04_clean5m] ep=11220 step=2094091/5000000 reward=9.0 len=170 eps=0.020 avg_loss=0.0140 elapsed=107.3min
[iter04_clean5m] ep=11230 step=2095772/5000000 reward=5.0 len=159 eps=0.020 avg_loss=0.0143 elapsed=107.4min
[iter04_clean5m] ep=11240 step=2098320/5000000 reward=11.0 len=147 eps=0.020 avg_loss=0.0153 elapsed=107.5min
[iter04_clean5m] ep=11250 step=2100366/5000000 reward=3.0 len=110 eps=0.020 avg_loss=0.0103 elapsed=107.7min
[iter04_clean5m] ep=11260 step=2102257/5000000 reward=9.0 len=263 eps=0.020 avg_loss=0.0128 elapsed=107.8min
[iter04_clean5m] ep=11270 step=2104636/5000000 reward=33.0 len=825 eps=0.020 avg_loss=0.0128 elapsed=107.9min
[iter04_clean5m] ep=11280 step=2106865/5000000 reward=4.0 len=145 eps=0.020 avg_loss=0.0104 elapsed=108.0min
[iter04_clean5m] ep=11290 step=2108772/5000000 reward=2.0 len=178 eps=0.020 avg_loss=0.0157 elapsed=108.1min
[iter04_clean5m] ep=11300 step=2110704/5000000 reward=12.0 len=186 eps=0.020 avg_loss=0.0138 elapsed=108.2min
[iter04_clean5m] ep=11310 step=2112812/5000000 reward=11.0 len=227 eps=0.020 avg_loss=0.0119 elapsed=108.3min
[iter04_clean5m] ep=11320 step=2116010/5000000 reward=3.0 len=126 eps=0.020 avg_loss=0.0109 elapsed=108.5min
[iter04_clean5m] ep=11330 step=2118232/5000000 reward=11.0 len=176 eps=0.020 avg_loss=0.0111 elapsed=108.6min
[iter04_clean5m] ep=11340 step=2121085/5000000 reward=9.0 len=289 eps=0.020 avg_loss=0.0161 elapsed=108.7min
[iter04_clean5m] ep=11350 step=2123078/5000000 reward=1.0 len=115 eps=0.020 avg_loss=0.0075 elapsed=108.8min
[iter04_clean5m] ep=11360 step=2125750/5000000 reward=21.0 len=493 eps=0.020 avg_loss=0.0169 elapsed=109.0min
[iter04_clean5m] ep=11370 step=2127772/5000000 reward=1.0 len=70 eps=0.020 avg_loss=0.0095 elapsed=109.1min
[iter04_clean5m] ep=11380 step=2129816/5000000 reward=21.0 len=289 eps=0.020 avg_loss=0.0155 elapsed=109.2min
[iter04_clean5m] ep=11390 step=2132012/5000000 reward=5.0 len=245 eps=0.020 avg_loss=0.0123 elapsed=109.3min
[iter04_clean5m] ep=11400 step=2134236/5000000 reward=6.0 len=150 eps=0.020 avg_loss=0.0131 elapsed=109.4min
[iter04_clean5m] ep=11410 step=2136585/5000000 reward=14.0 len=229 eps=0.020 avg_loss=0.0136 elapsed=109.6min
[iter04_clean5m] ep=11420 step=2138884/5000000 reward=2.0 len=91 eps=0.020 avg_loss=0.0088 elapsed=109.7min
[iter04_clean5m] ep=11430 step=2140963/5000000 reward=13.0 len=308 eps=0.020 avg_loss=0.0102 elapsed=109.8min
[iter04_clean5m] ep=11440 step=2143536/5000000 reward=21.0 len=381 eps=0.020 avg_loss=0.0124 elapsed=109.9min
[iter04_clean5m] ep=11450 step=2145567/5000000 reward=9.0 len=207 eps=0.020 avg_loss=0.0114 elapsed=110.0min
[iter04_clean5m] ep=11460 step=2148203/5000000 reward=8.0 len=157 eps=0.020 avg_loss=0.0148 elapsed=110.2min
[iter04_clean5m] ep=11470 step=2151392/5000000 reward=26.0 len=530 eps=0.020 avg_loss=0.0115 elapsed=110.3min
[iter04_clean5m] ep=11480 step=2153597/5000000 reward=1.0 len=27 eps=0.020 avg_loss=0.0189 elapsed=110.5min
[iter04_clean5m] ep=11490 step=2155830/5000000 reward=12.0 len=165 eps=0.020 avg_loss=0.0118 elapsed=110.6min
[iter04_clean5m] ep=11500 step=2157766/5000000 reward=9.0 len=167 eps=0.020 avg_loss=0.0160 elapsed=110.7min
[iter04_clean5m] ep=11510 step=2160405/5000000 reward=28.0 len=513 eps=0.020 avg_loss=0.0123 elapsed=110.8min
[iter04_clean5m] ep=11520 step=2162498/5000000 reward=11.0 len=163 eps=0.020 avg_loss=0.0141 elapsed=110.9min
[iter04_clean5m] ep=11530 step=2164912/5000000 reward=8.0 len=167 eps=0.020 avg_loss=0.0149 elapsed=111.0min
[iter04_clean5m] ep=11540 step=2166822/5000000 reward=6.0 len=203 eps=0.020 avg_loss=0.0120 elapsed=111.1min
[iter04_clean5m] ep=11550 step=2169631/5000000 reward=23.0 len=356 eps=0.020 avg_loss=0.0108 elapsed=111.3min
[iter04_clean5m] ep=11560 step=2171804/5000000 reward=11.0 len=269 eps=0.020 avg_loss=0.0143 elapsed=111.4min
[iter04_clean5m] ep=11570 step=2174190/5000000 reward=8.0 len=419 eps=0.020 avg_loss=0.0131 elapsed=111.5min
[iter04_clean5m] ep=11580 step=2176901/5000000 reward=9.0 len=202 eps=0.020 avg_loss=0.0116 elapsed=111.7min
[iter04_clean5m] ep=11590 step=2178771/5000000 reward=17.0 len=260 eps=0.020 avg_loss=0.0106 elapsed=111.8min
[iter04_clean5m] ep=11600 step=2180925/5000000 reward=1.0 len=99 eps=0.020 avg_loss=0.0107 elapsed=111.9min
[iter04_clean5m] ep=11610 step=2182727/5000000 reward=2.0 len=131 eps=0.020 avg_loss=0.0109 elapsed=112.0min
[iter04_clean5m] ep=11620 step=2184496/5000000 reward=5.0 len=147 eps=0.020 avg_loss=0.0111 elapsed=112.1min
[iter04_clean5m] ep=11630 step=2186207/5000000 reward=12.0 len=253 eps=0.020 avg_loss=0.0101 elapsed=112.2min
[iter04_clean5m] ep=11640 step=2188326/5000000 reward=0.0 len=71 eps=0.020 avg_loss=0.0080 elapsed=112.3min
[iter04_clean5m] ep=11650 step=2190560/5000000 reward=12.0 len=160 eps=0.020 avg_loss=0.0108 elapsed=112.4min
[iter04_clean5m] ep=11660 step=2192559/5000000 reward=8.0 len=242 eps=0.020 avg_loss=0.0091 elapsed=112.5min
[iter04_clean5m] ep=11670 step=2195040/5000000 reward=5.0 len=224 eps=0.020 avg_loss=0.0144 elapsed=112.6min
[iter04_clean5m] ep=11680 step=2198116/5000000 reward=3.0 len=158 eps=0.020 avg_loss=0.0128 elapsed=112.8min
[iter04_clean5m] ep=11690 step=2200673/5000000 reward=24.0 len=473 eps=0.020 avg_loss=0.0099 elapsed=112.9min
[iter04_clean5m] ep=11700 step=2203022/5000000 reward=2.0 len=112 eps=0.020 avg_loss=0.0137 elapsed=113.1min
[iter04_clean5m] ep=11710 step=2205314/5000000 reward=27.0 len=438 eps=0.020 avg_loss=0.0137 elapsed=113.2min
[iter04_clean5m] ep=11720 step=2207516/5000000 reward=4.0 len=139 eps=0.020 avg_loss=0.0129 elapsed=113.3min
[iter04_clean5m] ep=11730 step=2209907/5000000 reward=2.0 len=120 eps=0.020 avg_loss=0.0120 elapsed=113.4min
[iter04_clean5m] ep=11740 step=2212615/5000000 reward=18.0 len=291 eps=0.020 avg_loss=0.0121 elapsed=113.6min
[iter04_clean5m] ep=11750 step=2214855/5000000 reward=6.0 len=331 eps=0.020 avg_loss=0.0124 elapsed=113.7min
[iter04_clean5m] ep=11760 step=2217452/5000000 reward=3.0 len=115 eps=0.020 avg_loss=0.0128 elapsed=113.8min
[iter04_clean5m] ep=11770 step=2219763/5000000 reward=13.0 len=184 eps=0.020 avg_loss=0.0124 elapsed=113.9min
[iter04_clean5m] ep=11780 step=2222019/5000000 reward=19.0 len=427 eps=0.020 avg_loss=0.0122 elapsed=114.1min
[iter04_clean5m] ep=11790 step=2224232/5000000 reward=5.0 len=273 eps=0.020 avg_loss=0.0101 elapsed=114.2min
[iter04_clean5m] ep=11800 step=2226933/5000000 reward=2.0 len=131 eps=0.020 avg_loss=0.0135 elapsed=114.3min
[iter04_clean5m] ep=11810 step=2229545/5000000 reward=37.0 len=910 eps=0.020 avg_loss=0.0115 elapsed=114.5min
[iter04_clean5m] ep=11820 step=2232023/5000000 reward=2.0 len=103 eps=0.020 avg_loss=0.0126 elapsed=114.6min
[iter04_clean5m] ep=11830 step=2233759/5000000 reward=7.0 len=191 eps=0.020 avg_loss=0.0121 elapsed=114.7min
[iter04_clean5m] ep=11840 step=2235799/5000000 reward=21.0 len=293 eps=0.020 avg_loss=0.0135 elapsed=114.8min
[iter04_clean5m] ep=11850 step=2237852/5000000 reward=8.0 len=189 eps=0.020 avg_loss=0.0101 elapsed=114.9min
[iter04_clean5m] ep=11860 step=2240474/5000000 reward=0.0 len=44 eps=0.020 avg_loss=0.0088 elapsed=115.0min
[iter04_clean5m] ep=11870 step=2243006/5000000 reward=23.0 len=297 eps=0.020 avg_loss=0.0092 elapsed=115.2min
[iter04_clean5m] ep=11880 step=2245321/5000000 reward=2.0 len=102 eps=0.020 avg_loss=0.0114 elapsed=115.3min
[iter04_clean5m] ep=11890 step=2247575/5000000 reward=11.0 len=150 eps=0.020 avg_loss=0.0102 elapsed=115.4min
[iter04_clean5m] ep=11900 step=2250279/5000000 reward=12.0 len=435 eps=0.020 avg_loss=0.0135 elapsed=115.6min
[iter04_clean5m] ep=11910 step=2252622/5000000 reward=5.0 len=166 eps=0.020 avg_loss=0.0098 elapsed=115.7min
[iter04_clean5m] ep=11920 step=2254824/5000000 reward=17.0 len=292 eps=0.020 avg_loss=0.0141 elapsed=115.8min
[iter04_clean5m] ep=11930 step=2257649/5000000 reward=4.0 len=270 eps=0.020 avg_loss=0.0113 elapsed=116.0min
[iter04_clean5m] ep=11940 step=2260276/5000000 reward=22.0 len=309 eps=0.020 avg_loss=0.0107 elapsed=116.1min
[iter04_clean5m] ep=11950 step=2263705/5000000 reward=5.0 len=227 eps=0.020 avg_loss=0.0128 elapsed=116.3min
[iter04_clean5m] ep=11960 step=2266097/5000000 reward=2.0 len=114 eps=0.020 avg_loss=0.0123 elapsed=116.4min
[iter04_clean5m] ep=11970 step=2268882/5000000 reward=5.0 len=108 eps=0.020 avg_loss=0.0127 elapsed=116.6min
[iter04_clean5m] ep=11980 step=2271942/5000000 reward=22.0 len=328 eps=0.020 avg_loss=0.0107 elapsed=116.7min
[iter04_clean5m] ep=11990 step=2274308/5000000 reward=9.0 len=200 eps=0.020 avg_loss=0.0135 elapsed=116.8min
[iter04_clean5m] ep=12000 step=2276653/5000000 reward=6.0 len=354 eps=0.020 avg_loss=0.0116 elapsed=117.0min
[iter04_clean5m] ep=12010 step=2279504/5000000 reward=20.0 len=373 eps=0.020 avg_loss=0.0106 elapsed=117.1min
[iter04_clean5m] ep=12020 step=2282147/5000000 reward=2.0 len=127 eps=0.020 avg_loss=0.0091 elapsed=117.3min
[iter04_clean5m] ep=12030 step=2284980/5000000 reward=16.0 len=352 eps=0.020 avg_loss=0.0110 elapsed=117.4min
[iter04_clean5m] ep=12040 step=2288019/5000000 reward=30.0 len=555 eps=0.020 avg_loss=0.0114 elapsed=117.6min
[iter04_clean5m] ep=12050 step=2290560/5000000 reward=4.0 len=159 eps=0.020 avg_loss=0.0135 elapsed=117.7min
[iter04_clean5m] ep=12060 step=2292857/5000000 reward=0.0 len=23 eps=0.020 avg_loss=0.0071 elapsed=117.8min
[iter04_clean5m] ep=12070 step=2295775/5000000 reward=29.0 len=536 eps=0.020 avg_loss=0.0140 elapsed=118.0min
[iter04_clean5m] ep=12080 step=2297807/5000000 reward=8.0 len=217 eps=0.020 avg_loss=0.0133 elapsed=118.1min
[iter04_clean5m] ep=12090 step=2300961/5000000 reward=12.0 len=419 eps=0.020 avg_loss=0.0107 elapsed=118.2min
[iter04_clean5m] ep=12100 step=2303756/5000000 reward=22.0 len=403 eps=0.020 avg_loss=0.0121 elapsed=118.4min
[iter04_clean5m] ep=12110 step=2306451/5000000 reward=9.0 len=208 eps=0.020 avg_loss=0.0123 elapsed=118.5min
[iter04_clean5m] ep=12120 step=2308584/5000000 reward=1.0 len=91 eps=0.020 avg_loss=0.0171 elapsed=118.6min
[iter04_clean5m] ep=12130 step=2311504/5000000 reward=19.0 len=381 eps=0.020 avg_loss=0.0091 elapsed=118.8min
[iter04_clean5m] ep=12140 step=2314029/5000000 reward=6.0 len=116 eps=0.020 avg_loss=0.0149 elapsed=118.9min
[iter04_clean5m] ep=12150 step=2316056/5000000 reward=3.0 len=110 eps=0.020 avg_loss=0.0157 elapsed=119.0min
[iter04_clean5m] ep=12160 step=2318489/5000000 reward=11.0 len=153 eps=0.020 avg_loss=0.0132 elapsed=119.2min
[iter04_clean5m] ep=12170 step=2320607/5000000 reward=5.0 len=249 eps=0.020 avg_loss=0.0116 elapsed=119.3min
[iter04_clean5m] ep=12180 step=2323332/5000000 reward=4.0 len=264 eps=0.020 avg_loss=0.0137 elapsed=119.4min
[iter04_clean5m] ep=12190 step=2325857/5000000 reward=10.0 len=169 eps=0.020 avg_loss=0.0150 elapsed=119.5min
[iter04_clean5m] ep=12200 step=2328053/5000000 reward=5.0 len=124 eps=0.020 avg_loss=0.0104 elapsed=119.7min
[iter04_clean5m] ep=12210 step=2330114/5000000 reward=9.0 len=429 eps=0.020 avg_loss=0.0108 elapsed=119.8min
[iter04_clean5m] ep=12220 step=2332797/5000000 reward=12.0 len=172 eps=0.020 avg_loss=0.0168 elapsed=119.9min
[iter04_clean5m] ep=12230 step=2335103/5000000 reward=4.0 len=144 eps=0.020 avg_loss=0.0120 elapsed=120.0min
[iter04_clean5m] ep=12240 step=2337870/5000000 reward=2.0 len=250 eps=0.020 avg_loss=0.0126 elapsed=120.2min
[iter04_clean5m] ep=12250 step=2340925/5000000 reward=33.0 len=728 eps=0.020 avg_loss=0.0112 elapsed=120.3min
[iter04_clean5m] ep=12260 step=2343019/5000000 reward=4.0 len=118 eps=0.020 avg_loss=0.0113 elapsed=120.4min
[iter04_clean5m] ep=12270 step=2345433/5000000 reward=2.0 len=109 eps=0.020 avg_loss=0.0177 elapsed=120.6min
[iter04_clean5m] ep=12280 step=2348317/5000000 reward=9.0 len=235 eps=0.020 avg_loss=0.0139 elapsed=120.7min
[iter04_clean5m] ep=12290 step=2350976/5000000 reward=2.0 len=95 eps=0.020 avg_loss=0.0153 elapsed=120.9min
[iter04_clean5m] ep=12300 step=2353465/5000000 reward=12.0 len=368 eps=0.020 avg_loss=0.0130 elapsed=121.0min
[iter04_clean5m] ep=12310 step=2356809/5000000 reward=1.0 len=69 eps=0.020 avg_loss=0.0084 elapsed=121.2min
[iter04_clean5m] ep=12320 step=2359124/5000000 reward=5.0 len=341 eps=0.020 avg_loss=0.0119 elapsed=121.3min
[iter04_clean5m] ep=12330 step=2361500/5000000 reward=14.0 len=203 eps=0.020 avg_loss=0.0082 elapsed=121.4min
[iter04_clean5m] ep=12340 step=2363969/5000000 reward=15.0 len=238 eps=0.020 avg_loss=0.0094 elapsed=121.6min
[iter04_clean5m] ep=12350 step=2366269/5000000 reward=0.0 len=170 eps=0.020 avg_loss=0.0088 elapsed=121.7min
[iter04_clean5m] ep=12360 step=2368886/5000000 reward=28.0 len=422 eps=0.020 avg_loss=0.0100 elapsed=121.8min
[iter04_clean5m] ep=12370 step=2371259/5000000 reward=20.0 len=565 eps=0.020 avg_loss=0.0120 elapsed=122.0min
[iter04_clean5m] ep=12380 step=2373819/5000000 reward=3.0 len=117 eps=0.020 avg_loss=0.0129 elapsed=122.1min
[iter04_clean5m] ep=12390 step=2376755/5000000 reward=1.0 len=103 eps=0.020 avg_loss=0.0121 elapsed=122.3min
[iter04_clean5m] ep=12400 step=2378613/5000000 reward=22.0 len=333 eps=0.020 avg_loss=0.0134 elapsed=122.4min
[iter04_clean5m] ep=12410 step=2381095/5000000 reward=18.0 len=436 eps=0.020 avg_loss=0.0107 elapsed=122.5min
[iter04_clean5m] ep=12420 step=2384048/5000000 reward=1.0 len=108 eps=0.020 avg_loss=0.0107 elapsed=122.7min
[iter04_clean5m] ep=12430 step=2387248/5000000 reward=6.0 len=195 eps=0.020 avg_loss=0.0130 elapsed=122.9min
[iter04_clean5m] ep=12440 step=2389403/5000000 reward=27.0 len=462 eps=0.020 avg_loss=0.0116 elapsed=123.0min
[iter04_clean5m] ep=12450 step=2391544/5000000 reward=6.0 len=263 eps=0.020 avg_loss=0.0150 elapsed=123.1min
[iter04_clean5m] ep=12460 step=2394490/5000000 reward=7.0 len=151 eps=0.020 avg_loss=0.0097 elapsed=123.3min
[iter04_clean5m] ep=12470 step=2396669/5000000 reward=1.0 len=90 eps=0.020 avg_loss=0.0126 elapsed=123.4min
[iter04_clean5m] ep=12480 step=2399709/5000000 reward=25.0 len=529 eps=0.020 avg_loss=0.0106 elapsed=123.6min
[iter04_clean5m] ep=12490 step=2402054/5000000 reward=3.0 len=259 eps=0.020 avg_loss=0.0092 elapsed=123.7min
[iter04_clean5m] ep=12500 step=2404758/5000000 reward=4.0 len=170 eps=0.020 avg_loss=0.0142 elapsed=123.9min
[iter04_clean5m] ep=12510 step=2406997/5000000 reward=18.0 len=277 eps=0.020 avg_loss=0.0143 elapsed=124.0min
[iter04_clean5m] ep=12520 step=2409329/5000000 reward=3.0 len=93 eps=0.020 avg_loss=0.0128 elapsed=124.1min
[iter04_clean5m] ep=12530 step=2411947/5000000 reward=5.0 len=256 eps=0.020 avg_loss=0.0132 elapsed=124.2min
[iter04_clean5m] ep=12540 step=2414313/5000000 reward=9.0 len=180 eps=0.020 avg_loss=0.0140 elapsed=124.4min
[iter04_clean5m] ep=12550 step=2416631/5000000 reward=2.0 len=108 eps=0.020 avg_loss=0.0134 elapsed=124.5min
[iter04_clean5m] ep=12560 step=2419360/5000000 reward=33.0 len=689 eps=0.020 avg_loss=0.0124 elapsed=124.7min
[iter04_clean5m] ep=12570 step=2420893/5000000 reward=5.0 len=134 eps=0.020 avg_loss=0.0164 elapsed=124.7min
[iter04_clean5m] ep=12580 step=2422951/5000000 reward=1.0 len=140 eps=0.020 avg_loss=0.0120 elapsed=124.9min
[iter04_clean5m] ep=12590 step=2427101/5000000 reward=30.0 len=459 eps=0.020 avg_loss=0.0106 elapsed=125.1min
[iter04_clean5m] ep=12600 step=2429462/5000000 reward=3.0 len=136 eps=0.020 avg_loss=0.0082 elapsed=125.2min
[iter04_clean5m] ep=12610 step=2432179/5000000 reward=33.0 len=783 eps=0.020 avg_loss=0.0118 elapsed=125.4min
[iter04_clean5m] ep=12620 step=2434513/5000000 reward=1.0 len=67 eps=0.020 avg_loss=0.0076 elapsed=125.5min
[iter04_clean5m] ep=12630 step=2436904/5000000 reward=14.0 len=281 eps=0.020 avg_loss=0.0115 elapsed=125.6min
[iter04_clean5m] ep=12640 step=2439534/5000000 reward=21.0 len=483 eps=0.020 avg_loss=0.0118 elapsed=125.8min
[iter04_clean5m] ep=12650 step=2442293/5000000 reward=3.0 len=132 eps=0.020 avg_loss=0.0126 elapsed=125.9min
[iter04_clean5m] ep=12660 step=2445312/5000000 reward=4.0 len=167 eps=0.020 avg_loss=0.0104 elapsed=126.1min
[iter04_clean5m] ep=12670 step=2449289/5000000 reward=18.0 len=287 eps=0.020 avg_loss=0.0124 elapsed=126.3min
[iter04_clean5m] ep=12680 step=2451633/5000000 reward=8.0 len=182 eps=0.020 avg_loss=0.0117 elapsed=126.4min
[iter04_clean5m] ep=12690 step=2454053/5000000 reward=1.0 len=138 eps=0.020 avg_loss=0.0131 elapsed=126.5min
[iter04_clean5m] ep=12700 step=2456783/5000000 reward=18.0 len=255 eps=0.020 avg_loss=0.0144 elapsed=126.7min
[iter04_clean5m] ep=12710 step=2459816/5000000 reward=11.0 len=466 eps=0.020 avg_loss=0.0118 elapsed=126.8min
[iter04_clean5m] ep=12720 step=2462272/5000000 reward=3.0 len=161 eps=0.020 avg_loss=0.0125 elapsed=127.0min
[iter04_clean5m] ep=12730 step=2464883/5000000 reward=19.0 len=278 eps=0.020 avg_loss=0.0101 elapsed=127.1min
[iter04_clean5m] ep=12740 step=2467603/5000000 reward=4.0 len=201 eps=0.020 avg_loss=0.0146 elapsed=127.3min
[iter04_clean5m] ep=12750 step=2470262/5000000 reward=19.0 len=242 eps=0.020 avg_loss=0.0134 elapsed=127.4min
[iter04_clean5m] ep=12760 step=2472535/5000000 reward=2.0 len=99 eps=0.020 avg_loss=0.0086 elapsed=127.5min
[iter04_clean5m] ep=12770 step=2476215/5000000 reward=44.0 len=1039 eps=0.020 avg_loss=0.0111 elapsed=127.8min
[iter04_clean5m] ep=12780 step=2478879/5000000 reward=1.0 len=256 eps=0.020 avg_loss=0.0116 elapsed=127.9min
[iter04_clean5m] ep=12790 step=2481146/5000000 reward=18.0 len=247 eps=0.020 avg_loss=0.0151 elapsed=128.1min
[iter04_clean5m] ep=12800 step=2483391/5000000 reward=1.0 len=92 eps=0.020 avg_loss=0.0114 elapsed=128.2min
[iter04_clean5m] ep=12810 step=2486062/5000000 reward=4.0 len=270 eps=0.020 avg_loss=0.0091 elapsed=128.3min
[iter04_clean5m] ep=12820 step=2488953/5000000 reward=34.0 len=657 eps=0.020 avg_loss=0.0099 elapsed=128.5min
[iter04_clean5m] ep=12830 step=2490870/5000000 reward=19.0 len=436 eps=0.020 avg_loss=0.0116 elapsed=128.6min
[iter04_clean5m] ep=12840 step=2493342/5000000 reward=9.0 len=180 eps=0.020 avg_loss=0.0098 elapsed=128.8min
[iter04_clean5m] ep=12850 step=2495061/5000000 reward=5.0 len=114 eps=0.020 avg_loss=0.0101 elapsed=128.9min
[iter04_clean5m] ep=12860 step=2497875/5000000 reward=3.0 len=164 eps=0.020 avg_loss=0.0097 elapsed=129.0min
[iter04_clean5m] ep=12870 step=2500105/5000000 reward=23.0 len=361 eps=0.020 avg_loss=0.0120 elapsed=129.2min
[iter04_clean5m] ep=12880 step=2502910/5000000 reward=18.0 len=242 eps=0.020 avg_loss=0.0080 elapsed=129.3min
[iter04_clean5m] ep=12890 step=2505156/5000000 reward=2.0 len=77 eps=0.020 avg_loss=0.0141 elapsed=129.5min
[iter04_clean5m] ep=12900 step=2507658/5000000 reward=10.0 len=276 eps=0.020 avg_loss=0.0115 elapsed=129.6min
[iter04_clean5m] ep=12910 step=2511482/5000000 reward=28.0 len=492 eps=0.020 avg_loss=0.0116 elapsed=129.8min
[iter04_clean5m] ep=12920 step=2514255/5000000 reward=15.0 len=512 eps=0.020 avg_loss=0.0115 elapsed=130.0min
[iter04_clean5m] ep=12930 step=2516581/5000000 reward=7.0 len=268 eps=0.020 avg_loss=0.0105 elapsed=130.1min
[iter04_clean5m] ep=12940 step=2519421/5000000 reward=6.0 len=175 eps=0.020 avg_loss=0.0151 elapsed=130.3min
[iter04_clean5m] ep=12950 step=2521867/5000000 reward=4.0 len=197 eps=0.020 avg_loss=0.0142 elapsed=130.4min
[iter04_clean5m] ep=12960 step=2524587/5000000 reward=12.0 len=167 eps=0.020 avg_loss=0.0099 elapsed=130.6min
[iter04_clean5m] ep=12970 step=2526771/5000000 reward=3.0 len=112 eps=0.020 avg_loss=0.0125 elapsed=130.7min
[iter04_clean5m] ep=12980 step=2530426/5000000 reward=34.0 len=781 eps=0.020 avg_loss=0.0122 elapsed=130.9min
[iter04_clean5m] ep=12990 step=2532724/5000000 reward=4.0 len=145 eps=0.020 avg_loss=0.0120 elapsed=131.0min
[iter04_clean5m] ep=13000 step=2535635/5000000 reward=8.0 len=307 eps=0.020 avg_loss=0.0123 elapsed=131.2min
[iter04_clean5m] ep=13010 step=2538482/5000000 reward=11.0 len=171 eps=0.020 avg_loss=0.0089 elapsed=131.4min
[iter04_clean5m] ep=13020 step=2541095/5000000 reward=10.0 len=303 eps=0.020 avg_loss=0.0164 elapsed=131.5min
[iter04_clean5m] ep=13030 step=2543604/5000000 reward=3.0 len=139 eps=0.020 avg_loss=0.0091 elapsed=131.7min
[iter04_clean5m] ep=13040 step=2546046/5000000 reward=2.0 len=108 eps=0.020 avg_loss=0.0126 elapsed=131.8min
[iter04_clean5m] ep=13050 step=2548151/5000000 reward=6.0 len=134 eps=0.020 avg_loss=0.0106 elapsed=131.9min
[iter04_clean5m] ep=13060 step=2550467/5000000 reward=2.0 len=130 eps=0.020 avg_loss=0.0151 elapsed=132.1min
[iter04_clean5m] ep=13070 step=2552368/5000000 reward=12.0 len=172 eps=0.020 avg_loss=0.0113 elapsed=132.2min
[iter04_clean5m] ep=13080 step=2554865/5000000 reward=3.0 len=199 eps=0.020 avg_loss=0.0093 elapsed=132.3min
[iter04_clean5m] ep=13090 step=2557097/5000000 reward=2.0 len=57 eps=0.020 avg_loss=0.0069 elapsed=132.4min
[iter04_clean5m] ep=13100 step=2559357/5000000 reward=25.0 len=427 eps=0.020 avg_loss=0.0141 elapsed=132.6min
[iter04_clean5m] ep=13110 step=2562139/5000000 reward=10.0 len=309 eps=0.020 avg_loss=0.0122 elapsed=132.7min
[iter04_clean5m] ep=13120 step=2564709/5000000 reward=3.0 len=221 eps=0.020 avg_loss=0.0094 elapsed=132.9min
[iter04_clean5m] ep=13130 step=2567769/5000000 reward=24.0 len=366 eps=0.020 avg_loss=0.0156 elapsed=133.0min
[iter04_clean5m] ep=13140 step=2569918/5000000 reward=7.0 len=267 eps=0.020 avg_loss=0.0081 elapsed=133.1min
[iter04_clean5m] ep=13150 step=2572785/5000000 reward=22.0 len=333 eps=0.020 avg_loss=0.0149 elapsed=133.3min
[iter04_clean5m] ep=13160 step=2575526/5000000 reward=0.0 len=52 eps=0.020 avg_loss=0.0088 elapsed=133.5min
[iter04_clean5m] ep=13170 step=2578248/5000000 reward=25.0 len=402 eps=0.020 avg_loss=0.0145 elapsed=133.6min
[iter04_clean5m] ep=13180 step=2581064/5000000 reward=12.0 len=248 eps=0.020 avg_loss=0.0107 elapsed=133.8min
[iter04_clean5m] ep=13190 step=2584352/5000000 reward=5.0 len=233 eps=0.020 avg_loss=0.0138 elapsed=134.0min
[iter04_clean5m] ep=13200 step=2587620/5000000 reward=27.0 len=431 eps=0.020 avg_loss=0.0123 elapsed=134.2min
[iter04_clean5m] ep=13210 step=2589829/5000000 reward=1.0 len=78 eps=0.020 avg_loss=0.0082 elapsed=134.3min
[iter04_clean5m] ep=13220 step=2592134/5000000 reward=12.0 len=157 eps=0.020 avg_loss=0.0124 elapsed=134.4min
[iter04_clean5m] ep=13230 step=2594811/5000000 reward=4.0 len=148 eps=0.020 avg_loss=0.0106 elapsed=134.6min
[iter04_clean5m] ep=13240 step=2597918/5000000 reward=33.0 len=733 eps=0.020 avg_loss=0.0115 elapsed=134.7min
[iter04_clean5m] ep=13250 step=2600237/5000000 reward=14.0 len=272 eps=0.020 avg_loss=0.0120 elapsed=134.9min
[iter04_clean5m] ep=13260 step=2603324/5000000 reward=0.0 len=74 eps=0.020 avg_loss=0.0060 elapsed=135.1min
[iter04_clean5m] ep=13270 step=2604939/5000000 reward=4.0 len=136 eps=0.020 avg_loss=0.0097 elapsed=135.2min
[iter04_clean5m] ep=13280 step=2607512/5000000 reward=8.0 len=251 eps=0.020 avg_loss=0.0142 elapsed=135.3min
[iter04_clean5m] ep=13290 step=2610203/5000000 reward=2.0 len=199 eps=0.020 avg_loss=0.0131 elapsed=135.5min
[iter04_clean5m] ep=13300 step=2612711/5000000 reward=15.0 len=240 eps=0.020 avg_loss=0.0139 elapsed=135.6min
[iter04_clean5m] ep=13310 step=2614984/5000000 reward=0.0 len=28 eps=0.020 avg_loss=0.0136 elapsed=135.7min
[iter04_clean5m] ep=13320 step=2617575/5000000 reward=2.0 len=180 eps=0.020 avg_loss=0.0140 elapsed=135.9min
[iter04_clean5m] ep=13330 step=2620471/5000000 reward=1.0 len=127 eps=0.020 avg_loss=0.0114 elapsed=136.1min
[iter04_clean5m] ep=13340 step=2622105/5000000 reward=14.0 len=353 eps=0.020 avg_loss=0.0130 elapsed=136.2min
[iter04_clean5m] ep=13350 step=2624547/5000000 reward=1.0 len=74 eps=0.020 avg_loss=0.0081 elapsed=136.3min
[iter04_clean5m] ep=13360 step=2626729/5000000 reward=2.0 len=61 eps=0.020 avg_loss=0.0192 elapsed=136.4min
[iter04_clean5m] ep=13370 step=2629096/5000000 reward=9.0 len=168 eps=0.020 avg_loss=0.0151 elapsed=136.6min
[iter04_clean5m] ep=13380 step=2631251/5000000 reward=18.0 len=323 eps=0.020 avg_loss=0.0119 elapsed=136.7min
[iter04_clean5m] ep=13390 step=2634017/5000000 reward=2.0 len=58 eps=0.020 avg_loss=0.0079 elapsed=136.9min
[iter04_clean5m] ep=13400 step=2636974/5000000 reward=3.0 len=155 eps=0.020 avg_loss=0.0086 elapsed=137.1min
[iter04_clean5m] ep=13410 step=2639186/5000000 reward=17.0 len=271 eps=0.020 avg_loss=0.0109 elapsed=137.2min
[iter04_clean5m] ep=13420 step=2642203/5000000 reward=14.0 len=383 eps=0.020 avg_loss=0.0127 elapsed=137.4min
[iter04_clean5m] ep=13430 step=2645122/5000000 reward=18.0 len=273 eps=0.020 avg_loss=0.0120 elapsed=137.5min
[iter04_clean5m] ep=13440 step=2648504/5000000 reward=4.0 len=352 eps=0.020 avg_loss=0.0164 elapsed=137.7min
[iter04_clean5m] ep=13450 step=2650996/5000000 reward=9.0 len=203 eps=0.020 avg_loss=0.0116 elapsed=137.9min
[iter04_clean5m] ep=13460 step=2653493/5000000 reward=12.0 len=410 eps=0.020 avg_loss=0.0142 elapsed=138.1min
[iter04_clean5m] ep=13470 step=2656284/5000000 reward=7.0 len=233 eps=0.020 avg_loss=0.0180 elapsed=138.2min
[iter04_clean5m] ep=13480 step=2659672/5000000 reward=17.0 len=508 eps=0.020 avg_loss=0.0121 elapsed=138.4min
[iter04_clean5m] ep=13490 step=2662264/5000000 reward=18.0 len=268 eps=0.020 avg_loss=0.0094 elapsed=138.5min
[iter04_clean5m] ep=13500 step=2664836/5000000 reward=9.0 len=474 eps=0.020 avg_loss=0.0126 elapsed=138.7min
[iter04_clean5m] ep=13510 step=2666721/5000000 reward=5.0 len=252 eps=0.020 avg_loss=0.0098 elapsed=138.8min
[iter04_clean5m] ep=13520 step=2669252/5000000 reward=6.0 len=106 eps=0.020 avg_loss=0.0094 elapsed=139.0min
[iter04_clean5m] ep=13530 step=2672018/5000000 reward=24.0 len=417 eps=0.020 avg_loss=0.0135 elapsed=139.1min
[iter04_clean5m] ep=13540 step=2675422/5000000 reward=26.0 len=480 eps=0.020 avg_loss=0.0143 elapsed=139.3min
[iter04_clean5m] ep=13550 step=2678098/5000000 reward=18.0 len=239 eps=0.020 avg_loss=0.0118 elapsed=139.5min
[iter04_clean5m] ep=13560 step=2681207/5000000 reward=4.0 len=245 eps=0.020 avg_loss=0.0133 elapsed=139.7min
[iter04_clean5m] ep=13570 step=2684052/5000000 reward=10.0 len=172 eps=0.020 avg_loss=0.0099 elapsed=139.9min
[iter04_clean5m] ep=13580 step=2686981/5000000 reward=1.0 len=83 eps=0.020 avg_loss=0.0091 elapsed=140.0min
[iter04_clean5m] ep=13590 step=2689834/5000000 reward=5.0 len=149 eps=0.020 avg_loss=0.0071 elapsed=140.2min
[iter04_clean5m] ep=13600 step=2693268/5000000 reward=22.0 len=430 eps=0.020 avg_loss=0.0137 elapsed=140.4min
[iter04_clean5m] ep=13610 step=2695883/5000000 reward=19.0 len=245 eps=0.020 avg_loss=0.0142 elapsed=140.6min
[iter04_clean5m] ep=13620 step=2698722/5000000 reward=3.0 len=212 eps=0.020 avg_loss=0.0129 elapsed=140.7min
[iter04_clean5m] ep=13630 step=2701392/5000000 reward=0.0 len=126 eps=0.020 avg_loss=0.0106 elapsed=140.9min
[iter04_clean5m] ep=13640 step=2704765/5000000 reward=20.0 len=302 eps=0.020 avg_loss=0.0132 elapsed=141.1min
[iter04_clean5m] ep=13650 step=2708037/5000000 reward=21.0 len=310 eps=0.020 avg_loss=0.0121 elapsed=141.3min
[iter04_clean5m] ep=13660 step=2710216/5000000 reward=3.0 len=77 eps=0.020 avg_loss=0.0108 elapsed=141.4min
[iter04_clean5m] ep=13670 step=2712767/5000000 reward=9.0 len=321 eps=0.020 avg_loss=0.0146 elapsed=141.5min
[iter04_clean5m] ep=13680 step=2715164/5000000 reward=12.0 len=177 eps=0.020 avg_loss=0.0124 elapsed=141.7min
[iter04_clean5m] ep=13690 step=2718006/5000000 reward=0.0 len=70 eps=0.020 avg_loss=0.0152 elapsed=141.8min
[iter04_clean5m] ep=13700 step=2720746/5000000 reward=10.0 len=450 eps=0.020 avg_loss=0.0116 elapsed=142.0min
[iter04_clean5m] ep=13710 step=2722632/5000000 reward=12.0 len=231 eps=0.020 avg_loss=0.0129 elapsed=142.1min
[iter04_clean5m] ep=13720 step=2725626/5000000 reward=0.0 len=89 eps=0.020 avg_loss=0.0092 elapsed=142.3min
[iter04_clean5m] ep=13730 step=2728393/5000000 reward=15.0 len=198 eps=0.020 avg_loss=0.0109 elapsed=142.4min
[iter04_clean5m] ep=13740 step=2731092/5000000 reward=3.0 len=183 eps=0.020 avg_loss=0.0153 elapsed=142.6min
[iter04_clean5m] ep=13750 step=2734646/5000000 reward=11.0 len=501 eps=0.020 avg_loss=0.0169 elapsed=142.8min
[iter04_clean5m] ep=13760 step=2737970/5000000 reward=29.0 len=466 eps=0.020 avg_loss=0.0151 elapsed=143.0min
[iter04_clean5m] ep=13770 step=2740475/5000000 reward=14.0 len=349 eps=0.020 avg_loss=0.0102 elapsed=143.2min
[iter04_clean5m] ep=13780 step=2743391/5000000 reward=1.0 len=138 eps=0.020 avg_loss=0.0109 elapsed=143.3min
[iter04_clean5m] ep=13790 step=2746837/5000000 reward=9.0 len=182 eps=0.020 avg_loss=0.0124 elapsed=143.5min
[iter04_clean5m] ep=13800 step=2749533/5000000 reward=29.0 len=559 eps=0.020 avg_loss=0.0103 elapsed=143.7min
[iter04_clean5m] ep=13810 step=2752602/5000000 reward=18.0 len=347 eps=0.020 avg_loss=0.0137 elapsed=143.9min
[iter04_clean5m] ep=13820 step=2755004/5000000 reward=1.0 len=57 eps=0.020 avg_loss=0.0107 elapsed=144.0min
[iter04_clean5m] ep=13830 step=2757434/5000000 reward=5.0 len=171 eps=0.020 avg_loss=0.0152 elapsed=144.1min
[iter04_clean5m] ep=13840 step=2759942/5000000 reward=4.0 len=106 eps=0.020 avg_loss=0.0118 elapsed=144.3min
[iter04_clean5m] ep=13850 step=2762091/5000000 reward=26.0 len=367 eps=0.020 avg_loss=0.0134 elapsed=144.4min
[iter04_clean5m] ep=13860 step=2764173/5000000 reward=6.0 len=123 eps=0.020 avg_loss=0.0109 elapsed=144.6min
[iter04_clean5m] ep=13870 step=2766722/5000000 reward=0.0 len=30 eps=0.020 avg_loss=0.0295 elapsed=144.8min
[iter04_clean5m] ep=13880 step=2769602/5000000 reward=28.0 len=495 eps=0.020 avg_loss=0.0142 elapsed=144.9min
[iter04_clean5m] ep=13890 step=2772522/5000000 reward=22.0 len=378 eps=0.020 avg_loss=0.0132 elapsed=145.1min
[iter04_clean5m] ep=13900 step=2774825/5000000 reward=0.0 len=78 eps=0.020 avg_loss=0.0089 elapsed=145.3min
[iter04_clean5m] ep=13910 step=2777582/5000000 reward=0.0 len=96 eps=0.020 avg_loss=0.0141 elapsed=145.5min
[iter04_clean5m] ep=13920 step=2780148/5000000 reward=1.0 len=84 eps=0.020 avg_loss=0.0171 elapsed=145.6min
[iter04_clean5m] ep=13930 step=2782609/5000000 reward=7.0 len=224 eps=0.020 avg_loss=0.0139 elapsed=145.8min
[iter04_clean5m] ep=13940 step=2785526/5000000 reward=25.0 len=369 eps=0.020 avg_loss=0.0116 elapsed=146.0min
[iter04_clean5m] ep=13950 step=2788678/5000000 reward=0.0 len=47 eps=0.020 avg_loss=0.0150 elapsed=146.2min
[iter04_clean5m] ep=13960 step=2791635/5000000 reward=15.0 len=211 eps=0.020 avg_loss=0.0115 elapsed=146.4min
[iter04_clean5m] ep=13970 step=2794731/5000000 reward=3.0 len=81 eps=0.020 avg_loss=0.0141 elapsed=146.6min
[iter04_clean5m] ep=13980 step=2797837/5000000 reward=22.0 len=725 eps=0.020 avg_loss=0.0108 elapsed=146.8min
[iter04_clean5m] ep=13990 step=2800291/5000000 reward=23.0 len=388 eps=0.020 avg_loss=0.0118 elapsed=146.9min
[iter04_clean5m] ep=14000 step=2802798/5000000 reward=14.0 len=287 eps=0.020 avg_loss=0.0111 elapsed=147.1min
[iter04_clean5m] ep=14010 step=2807117/5000000 reward=11.0 len=248 eps=0.020 avg_loss=0.0080 elapsed=147.4min
[iter04_clean5m] ep=14020 step=2809571/5000000 reward=17.0 len=278 eps=0.020 avg_loss=0.0122 elapsed=147.5min
[iter04_clean5m] ep=14030 step=2812288/5000000 reward=14.0 len=219 eps=0.020 avg_loss=0.0150 elapsed=147.7min
[iter04_clean5m] ep=14040 step=2814953/5000000 reward=28.0 len=449 eps=0.020 avg_loss=0.0150 elapsed=147.8min
[iter04_clean5m] ep=14050 step=2817730/5000000 reward=7.0 len=254 eps=0.020 avg_loss=0.0112 elapsed=148.0min
[iter04_clean5m] ep=14060 step=2821393/5000000 reward=1.0 len=96 eps=0.020 avg_loss=0.0092 elapsed=148.2min
[iter04_clean5m] ep=14070 step=2824266/5000000 reward=27.0 len=412 eps=0.020 avg_loss=0.0111 elapsed=148.4min
[iter04_clean5m] ep=14080 step=2827367/5000000 reward=2.0 len=71 eps=0.020 avg_loss=0.0132 elapsed=148.6min
[iter04_clean5m] ep=14090 step=2829780/5000000 reward=18.0 len=429 eps=0.020 avg_loss=0.0108 elapsed=148.7min
[iter04_clean5m] ep=14100 step=2832276/5000000 reward=5.0 len=259 eps=0.020 avg_loss=0.0096 elapsed=148.9min
[iter04_clean5m] ep=14110 step=2835503/5000000 reward=12.0 len=493 eps=0.020 avg_loss=0.0100 elapsed=149.1min
[iter04_clean5m] ep=14120 step=2837739/5000000 reward=6.0 len=173 eps=0.020 avg_loss=0.0090 elapsed=149.2min
[iter04_clean5m] ep=14130 step=2840848/5000000 reward=26.0 len=418 eps=0.020 avg_loss=0.0110 elapsed=149.4min
[iter04_clean5m] ep=14140 step=2843305/5000000 reward=5.0 len=166 eps=0.020 avg_loss=0.0091 elapsed=149.6min
[iter04_clean5m] ep=14150 step=2845770/5000000 reward=9.0 len=288 eps=0.020 avg_loss=0.0136 elapsed=149.7min
[iter04_clean5m] ep=14160 step=2849221/5000000 reward=20.0 len=436 eps=0.020 avg_loss=0.0126 elapsed=150.0min
[iter04_clean5m] ep=14170 step=2851048/5000000 reward=2.0 len=99 eps=0.020 avg_loss=0.0101 elapsed=150.1min
[iter04_clean5m] ep=14180 step=2853940/5000000 reward=2.0 len=91 eps=0.020 avg_loss=0.0195 elapsed=150.3min
[iter04_clean5m] ep=14190 step=2856661/5000000 reward=17.0 len=306 eps=0.020 avg_loss=0.0123 elapsed=150.4min
[iter04_clean5m] ep=14200 step=2859098/5000000 reward=1.0 len=117 eps=0.020 avg_loss=0.0098 elapsed=150.6min
[iter04_clean5m] ep=14210 step=2861546/5000000 reward=19.0 len=361 eps=0.020 avg_loss=0.0141 elapsed=150.8min
[iter04_clean5m] ep=14220 step=2864067/5000000 reward=3.0 len=131 eps=0.020 avg_loss=0.0125 elapsed=151.0min
[iter04_clean5m] ep=14230 step=2866297/5000000 reward=20.0 len=396 eps=0.020 avg_loss=0.0122 elapsed=151.1min
[iter04_clean5m] ep=14240 step=2868070/5000000 reward=30.0 len=468 eps=0.020 avg_loss=0.0127 elapsed=151.3min
[iter04_clean5m] ep=14250 step=2871083/5000000 reward=6.0 len=370 eps=0.020 avg_loss=0.0143 elapsed=151.5min
[iter04_clean5m] ep=14260 step=2873717/5000000 reward=1.0 len=97 eps=0.020 avg_loss=0.0130 elapsed=151.6min
[iter04_clean5m] ep=14270 step=2876290/5000000 reward=17.0 len=263 eps=0.020 avg_loss=0.0099 elapsed=151.8min
[iter04_clean5m] ep=14280 step=2879327/5000000 reward=16.0 len=236 eps=0.020 avg_loss=0.0138 elapsed=152.0min
[iter04_clean5m] ep=14290 step=2881951/5000000 reward=2.0 len=196 eps=0.020 avg_loss=0.0148 elapsed=152.2min
[iter04_clean5m] ep=14300 step=2884466/5000000 reward=29.0 len=590 eps=0.020 avg_loss=0.0109 elapsed=152.3min
[iter04_clean5m] ep=14310 step=2887969/5000000 reward=7.0 len=351 eps=0.020 avg_loss=0.0137 elapsed=152.5min
[iter04_clean5m] ep=14320 step=2891225/5000000 reward=10.0 len=321 eps=0.020 avg_loss=0.0150 elapsed=152.8min
[iter04_clean5m] ep=14330 step=2894126/5000000 reward=2.0 len=118 eps=0.020 avg_loss=0.0140 elapsed=152.9min
[iter04_clean5m] ep=14340 step=2897197/5000000 reward=23.0 len=772 eps=0.020 avg_loss=0.0144 elapsed=153.1min
[iter04_clean5m] ep=14350 step=2900522/5000000 reward=31.0 len=889 eps=0.020 avg_loss=0.0156 elapsed=153.4min
[iter04_clean5m] ep=14360 step=2902925/5000000 reward=8.0 len=194 eps=0.020 avg_loss=0.0133 elapsed=153.5min
[iter04_clean5m] ep=14370 step=2905981/5000000 reward=32.0 len=697 eps=0.020 avg_loss=0.0134 elapsed=153.7min
[iter04_clean5m] ep=14380 step=2908572/5000000 reward=0.0 len=79 eps=0.020 avg_loss=0.0141 elapsed=153.9min
[iter04_clean5m] ep=14390 step=2911857/5000000 reward=12.0 len=422 eps=0.020 avg_loss=0.0139 elapsed=154.1min
[iter04_clean5m] ep=14400 step=2914165/5000000 reward=0.0 len=95 eps=0.020 avg_loss=0.0138 elapsed=154.2min
[iter04_clean5m] ep=14410 step=2917245/5000000 reward=24.0 len=437 eps=0.020 avg_loss=0.0110 elapsed=154.4min
[iter04_clean5m] ep=14420 step=2920190/5000000 reward=18.0 len=624 eps=0.020 avg_loss=0.0112 elapsed=154.6min
[iter04_clean5m] ep=14430 step=2923454/5000000 reward=1.0 len=51 eps=0.020 avg_loss=0.0086 elapsed=154.8min
[iter04_clean5m] ep=14440 step=2927150/5000000 reward=32.0 len=603 eps=0.020 avg_loss=0.0121 elapsed=155.0min
[iter04_clean5m] ep=14450 step=2930021/5000000 reward=0.0 len=19 eps=0.020 avg_loss=0.0066 elapsed=155.2min
[iter04_clean5m] ep=14460 step=2932726/5000000 reward=26.0 len=466 eps=0.020 avg_loss=0.0160 elapsed=155.4min
[iter04_clean5m] ep=14470 step=2935701/5000000 reward=3.0 len=114 eps=0.020 avg_loss=0.0184 elapsed=155.6min
[iter04_clean5m] ep=14480 step=2938627/5000000 reward=5.0 len=143 eps=0.020 avg_loss=0.0187 elapsed=155.8min
[iter04_clean5m] ep=14490 step=2942068/5000000 reward=29.0 len=480 eps=0.020 avg_loss=0.0125 elapsed=156.0min
[iter04_clean5m] ep=14500 step=2944800/5000000 reward=9.0 len=277 eps=0.020 avg_loss=0.0134 elapsed=156.1min
[iter04_clean5m] ep=14510 step=2947455/5000000 reward=2.0 len=233 eps=0.020 avg_loss=0.0125 elapsed=156.3min
[iter04_clean5m] ep=14520 step=2950670/5000000 reward=0.0 len=82 eps=0.020 avg_loss=0.0116 elapsed=156.5min
[iter04_clean5m] ep=14530 step=2953312/5000000 reward=2.0 len=74 eps=0.020 avg_loss=0.0089 elapsed=156.6min
[iter04_clean5m] ep=14540 step=2956196/5000000 reward=26.0 len=463 eps=0.020 avg_loss=0.0122 elapsed=156.8min
[iter04_clean5m] ep=14550 step=2958088/5000000 reward=2.0 len=60 eps=0.020 avg_loss=0.0095 elapsed=156.9min
[iter04_clean5m] ep=14560 step=2960517/5000000 reward=22.0 len=411 eps=0.020 avg_loss=0.0167 elapsed=157.1min
[iter04_clean5m] ep=14570 step=2962811/5000000 reward=10.0 len=220 eps=0.020 avg_loss=0.0124 elapsed=157.2min
[iter04_clean5m] ep=14580 step=2965797/5000000 reward=35.0 len=763 eps=0.020 avg_loss=0.0142 elapsed=157.3min
[iter04_clean5m] ep=14590 step=2967974/5000000 reward=9.0 len=184 eps=0.020 avg_loss=0.0159 elapsed=157.5min
[iter04_clean5m] ep=14600 step=2970664/5000000 reward=12.0 len=314 eps=0.020 avg_loss=0.0167 elapsed=157.6min
[iter04_clean5m] ep=14610 step=2973922/5000000 reward=29.0 len=680 eps=0.020 avg_loss=0.0145 elapsed=157.8min
[iter04_clean5m] ep=14620 step=2977116/5000000 reward=27.0 len=474 eps=0.020 avg_loss=0.0152 elapsed=158.0min
[iter04_clean5m] ep=14630 step=2979441/5000000 reward=1.0 len=57 eps=0.020 avg_loss=0.0105 elapsed=158.1min
[iter04_clean5m] ep=14640 step=2981903/5000000 reward=24.0 len=374 eps=0.020 avg_loss=0.0123 elapsed=158.3min
[iter04_clean5m] ep=14650 step=2984775/5000000 reward=8.0 len=230 eps=0.020 avg_loss=0.0136 elapsed=158.4min
[iter04_clean5m] ep=14660 step=2986452/5000000 reward=2.0 len=77 eps=0.020 avg_loss=0.0178 elapsed=158.5min
[iter04_clean5m] ep=14670 step=2988577/5000000 reward=18.0 len=245 eps=0.020 avg_loss=0.0173 elapsed=158.6min
[iter04_clean5m] ep=14680 step=2991400/5000000 reward=12.0 len=295 eps=0.020 avg_loss=0.0153 elapsed=158.8min
[iter04_clean5m] ep=14690 step=2993842/5000000 reward=17.0 len=252 eps=0.020 avg_loss=0.0093 elapsed=158.9min
[iter04_clean5m] ep=14700 step=2997046/5000000 reward=1.0 len=71 eps=0.020 avg_loss=0.0117 elapsed=159.1min
[iter04_clean5m] ep=14710 step=2998950/5000000 reward=0.0 len=44 eps=0.020 avg_loss=0.0105 elapsed=159.2min
[iter04_clean5m] ep=14720 step=3001994/5000000 reward=18.0 len=270 eps=0.020 avg_loss=0.0130 elapsed=159.4min
[iter04_clean5m] ep=14730 step=3004099/5000000 reward=6.0 len=109 eps=0.020 avg_loss=0.0200 elapsed=159.5min
[iter04_clean5m] ep=14740 step=3008199/5000000 reward=35.0 len=873 eps=0.020 avg_loss=0.0121 elapsed=159.8min
[iter04_clean5m] ep=14750 step=3011156/5000000 reward=4.0 len=105 eps=0.020 avg_loss=0.0122 elapsed=159.9min
[iter04_clean5m] ep=14760 step=3014871/5000000 reward=35.0 len=764 eps=0.020 avg_loss=0.0131 elapsed=160.1min
[iter04_clean5m] ep=14770 step=3017565/5000000 reward=0.0 len=69 eps=0.020 avg_loss=0.0114 elapsed=160.3min
[iter04_clean5m] ep=14780 step=3020498/5000000 reward=22.0 len=322 eps=0.020 avg_loss=0.0110 elapsed=160.5min
[iter04_clean5m] ep=14790 step=3023619/5000000 reward=8.0 len=192 eps=0.020 avg_loss=0.0186 elapsed=160.6min
[iter04_clean5m] ep=14800 step=3026879/5000000 reward=4.0 len=276 eps=0.020 avg_loss=0.0106 elapsed=160.8min
[iter04_clean5m] ep=14810 step=3030549/5000000 reward=27.0 len=387 eps=0.020 avg_loss=0.0121 elapsed=161.0min
[iter04_clean5m] ep=14820 step=3033559/5000000 reward=0.0 len=124 eps=0.020 avg_loss=0.0115 elapsed=161.2min
[iter04_clean5m] ep=14830 step=3036620/5000000 reward=26.0 len=488 eps=0.020 avg_loss=0.0135 elapsed=161.4min
[iter04_clean5m] ep=14840 step=3039559/5000000 reward=1.0 len=119 eps=0.020 avg_loss=0.0145 elapsed=161.5min
[iter04_clean5m] ep=14850 step=3042864/5000000 reward=17.0 len=622 eps=0.020 avg_loss=0.0126 elapsed=161.7min
[iter04_clean5m] ep=14860 step=3046259/5000000 reward=11.0 len=516 eps=0.020 avg_loss=0.0141 elapsed=161.9min
[iter04_clean5m] ep=14870 step=3049760/5000000 reward=0.0 len=230 eps=0.020 avg_loss=0.0104 elapsed=162.1min
[iter04_clean5m] ep=14880 step=3052716/5000000 reward=2.0 len=97 eps=0.020 avg_loss=0.0153 elapsed=162.3min
[iter04_clean5m] ep=14890 step=3055403/5000000 reward=4.0 len=214 eps=0.020 avg_loss=0.0149 elapsed=162.4min
[iter04_clean5m] ep=14900 step=3059123/5000000 reward=0.0 len=59 eps=0.020 avg_loss=0.0090 elapsed=162.6min
[iter04_clean5m] ep=14910 step=3062483/5000000 reward=8.0 len=262 eps=0.020 avg_loss=0.0153 elapsed=162.8min
[iter04_clean5m] ep=14920 step=3066069/5000000 reward=33.0 len=613 eps=0.020 avg_loss=0.0133 elapsed=163.0min
[iter04_clean5m] ep=14930 step=3068241/5000000 reward=2.0 len=145 eps=0.020 avg_loss=0.0148 elapsed=163.2min
[iter04_clean5m] ep=14940 step=3071532/5000000 reward=13.0 len=291 eps=0.020 avg_loss=0.0127 elapsed=163.3min
[iter04_clean5m] ep=14950 step=3075048/5000000 reward=33.0 len=561 eps=0.020 avg_loss=0.0120 elapsed=163.5min
[iter04_clean5m] ep=14960 step=3077523/5000000 reward=10.0 len=537 eps=0.020 avg_loss=0.0118 elapsed=163.7min
[iter04_clean5m] ep=14970 step=3080468/5000000 reward=33.0 len=719 eps=0.020 avg_loss=0.0119 elapsed=163.8min
[iter04_clean5m] ep=14980 step=3083962/5000000 reward=8.0 len=225 eps=0.020 avg_loss=0.0093 elapsed=164.0min
[iter04_clean5m] ep=14990 step=3087198/5000000 reward=6.0 len=182 eps=0.020 avg_loss=0.0110 elapsed=164.2min
[iter04_clean5m] ep=15000 step=3090352/5000000 reward=26.0 len=488 eps=0.020 avg_loss=0.0161 elapsed=164.4min
[iter04_clean5m] ep=15010 step=3092618/5000000 reward=2.0 len=111 eps=0.020 avg_loss=0.0213 elapsed=164.5min
[iter04_clean5m] ep=15020 step=3095668/5000000 reward=33.0 len=681 eps=0.020 avg_loss=0.0147 elapsed=164.7min
[iter04_clean5m] ep=15030 step=3098348/5000000 reward=10.0 len=433 eps=0.020 avg_loss=0.0136 elapsed=164.9min
[iter04_clean5m] ep=15040 step=3101579/5000000 reward=32.0 len=621 eps=0.020 avg_loss=0.0140 elapsed=165.0min
[iter04_clean5m] ep=15050 step=3104162/5000000 reward=6.0 len=292 eps=0.020 avg_loss=0.0148 elapsed=165.2min
[iter04_clean5m] ep=15060 step=3106979/5000000 reward=13.0 len=320 eps=0.020 avg_loss=0.0154 elapsed=165.3min
[iter04_clean5m] ep=15070 step=3110201/5000000 reward=21.0 len=291 eps=0.020 avg_loss=0.0122 elapsed=165.5min
[iter04_clean5m] ep=15080 step=3113095/5000000 reward=5.0 len=216 eps=0.020 avg_loss=0.0108 elapsed=165.7min
[iter04_clean5m] ep=15090 step=3115473/5000000 reward=5.0 len=233 eps=0.020 avg_loss=0.0111 elapsed=165.8min
[iter04_clean5m] ep=15100 step=3118518/5000000 reward=28.0 len=437 eps=0.020 avg_loss=0.0120 elapsed=166.0min
[iter04_clean5m] ep=15110 step=3121518/5000000 reward=26.0 len=405 eps=0.020 avg_loss=0.0115 elapsed=166.2min
[iter04_clean5m] ep=15120 step=3124815/5000000 reward=2.0 len=76 eps=0.020 avg_loss=0.0145 elapsed=166.4min
[iter04_clean5m] ep=15130 step=3127429/5000000 reward=0.0 len=32 eps=0.020 avg_loss=0.0087 elapsed=166.5min
[iter04_clean5m] ep=15140 step=3130501/5000000 reward=19.0 len=303 eps=0.020 avg_loss=0.0141 elapsed=166.7min
[iter04_clean5m] ep=15150 step=3133066/5000000 reward=2.0 len=213 eps=0.020 avg_loss=0.0160 elapsed=166.8min
[iter04_clean5m] ep=15160 step=3135998/5000000 reward=0.0 len=58 eps=0.020 avg_loss=0.0122 elapsed=167.0min
[iter04_clean5m] ep=15170 step=3139335/5000000 reward=26.0 len=520 eps=0.020 avg_loss=0.0114 elapsed=167.2min
[iter04_clean5m] ep=15180 step=3141892/5000000 reward=0.0 len=85 eps=0.020 avg_loss=0.0149 elapsed=167.3min
[iter04_clean5m] ep=15190 step=3145457/5000000 reward=7.0 len=233 eps=0.020 avg_loss=0.0155 elapsed=167.5min
[iter04_clean5m] ep=15200 step=3148641/5000000 reward=32.0 len=709 eps=0.020 avg_loss=0.0131 elapsed=167.7min
[iter04_clean5m] ep=15210 step=3151285/5000000 reward=1.0 len=25 eps=0.020 avg_loss=0.0083 elapsed=167.9min
[iter04_clean5m] ep=15220 step=3154488/5000000 reward=35.0 len=863 eps=0.020 avg_loss=0.0120 elapsed=168.0min
[iter04_clean5m] ep=15230 step=3157987/5000000 reward=14.0 len=387 eps=0.020 avg_loss=0.0133 elapsed=168.2min
[iter04_clean5m] ep=15240 step=3161393/5000000 reward=5.0 len=407 eps=0.020 avg_loss=0.0132 elapsed=168.4min
[iter04_clean5m] ep=15250 step=3164959/5000000 reward=45.0 len=920 eps=0.020 avg_loss=0.0118 elapsed=168.6min
[iter04_clean5m] ep=15260 step=3168290/5000000 reward=7.0 len=321 eps=0.020 avg_loss=0.0105 elapsed=168.8min
[iter04_clean5m] ep=15270 step=3171460/5000000 reward=29.0 len=407 eps=0.020 avg_loss=0.0131 elapsed=169.0min
[iter04_clean5m] ep=15280 step=3175033/5000000 reward=33.0 len=707 eps=0.020 avg_loss=0.0119 elapsed=169.2min
[iter04_clean5m] ep=15290 step=3177908/5000000 reward=16.0 len=589 eps=0.020 avg_loss=0.0156 elapsed=169.4min
[iter04_clean5m] ep=15300 step=3182068/5000000 reward=6.0 len=164 eps=0.020 avg_loss=0.0117 elapsed=169.6min
[iter04_clean5m] ep=15310 step=3185195/5000000 reward=13.0 len=284 eps=0.020 avg_loss=0.0116 elapsed=169.8min
[iter04_clean5m] ep=15320 step=3187403/5000000 reward=2.0 len=177 eps=0.020 avg_loss=0.0142 elapsed=169.9min
[iter04_clean5m] ep=15330 step=3190814/5000000 reward=13.0 len=435 eps=0.020 avg_loss=0.0121 elapsed=170.1min
[iter04_clean5m] ep=15340 step=3194295/5000000 reward=19.0 len=292 eps=0.020 avg_loss=0.0133 elapsed=170.3min
[iter04_clean5m] ep=15350 step=3197992/5000000 reward=24.0 len=385 eps=0.020 avg_loss=0.0121 elapsed=170.5min
[iter04_clean5m] ep=15360 step=3201194/5000000 reward=2.0 len=155 eps=0.020 avg_loss=0.0085 elapsed=170.7min
[iter04_clean5m] ep=15370 step=3204480/5000000 reward=33.0 len=789 eps=0.020 avg_loss=0.0119 elapsed=170.9min
[iter04_clean5m] ep=15380 step=3206853/5000000 reward=4.0 len=270 eps=0.020 avg_loss=0.0141 elapsed=171.0min
[iter04_clean5m] ep=15390 step=3210585/5000000 reward=24.0 len=795 eps=0.020 avg_loss=0.0120 elapsed=171.2min
[iter04_clean5m] ep=15400 step=3212832/5000000 reward=2.0 len=57 eps=0.020 avg_loss=0.0099 elapsed=171.3min
[iter04_clean5m] ep=15410 step=3215093/5000000 reward=1.0 len=84 eps=0.020 avg_loss=0.0093 elapsed=171.5min
[iter04_clean5m] ep=15420 step=3218556/5000000 reward=1.0 len=72 eps=0.020 avg_loss=0.0092 elapsed=171.7min
[iter04_clean5m] ep=15430 step=3220573/5000000 reward=3.0 len=124 eps=0.020 avg_loss=0.0094 elapsed=171.8min
[iter04_clean5m] ep=15440 step=3223948/5000000 reward=0.0 len=41 eps=0.020 avg_loss=0.0195 elapsed=172.0min
[iter04_clean5m] ep=15450 step=3226822/5000000 reward=26.0 len=491 eps=0.020 avg_loss=0.0141 elapsed=172.1min
[iter04_clean5m] ep=15460 step=3230957/5000000 reward=4.0 len=160 eps=0.020 avg_loss=0.0123 elapsed=172.4min
[iter04_clean5m] ep=15470 step=3234177/5000000 reward=14.0 len=225 eps=0.020 avg_loss=0.0126 elapsed=172.6min
[iter04_clean5m] ep=15480 step=3237851/5000000 reward=16.0 len=505 eps=0.020 avg_loss=0.0129 elapsed=172.8min
[iter04_clean5m] ep=15490 step=3241144/5000000 reward=4.0 len=156 eps=0.020 avg_loss=0.0176 elapsed=172.9min
[iter04_clean5m] ep=15500 step=3244194/5000000 reward=36.0 len=818 eps=0.020 avg_loss=0.0153 elapsed=173.1min
[iter04_clean5m] ep=15510 step=3247353/5000000 reward=4.0 len=150 eps=0.020 avg_loss=0.0092 elapsed=173.3min
[iter04_clean5m] ep=15520 step=3250359/5000000 reward=15.0 len=275 eps=0.020 avg_loss=0.0126 elapsed=173.5min
[iter04_clean5m] ep=15530 step=3252916/5000000 reward=2.0 len=81 eps=0.020 avg_loss=0.0089 elapsed=173.6min
[iter04_clean5m] ep=15540 step=3256235/5000000 reward=29.0 len=505 eps=0.020 avg_loss=0.0151 elapsed=173.8min
[iter04_clean5m] ep=15550 step=3259907/5000000 reward=2.0 len=152 eps=0.020 avg_loss=0.0105 elapsed=174.0min
[iter04_clean5m] ep=15560 step=3262431/5000000 reward=22.0 len=426 eps=0.020 avg_loss=0.0103 elapsed=174.2min
[iter04_clean5m] ep=15570 step=3265096/5000000 reward=1.0 len=117 eps=0.020 avg_loss=0.0118 elapsed=174.3min
[iter04_clean5m] ep=15580 step=3268181/5000000 reward=26.0 len=474 eps=0.020 avg_loss=0.0120 elapsed=174.5min
[iter04_clean5m] ep=15590 step=3270720/5000000 reward=6.0 len=193 eps=0.020 avg_loss=0.0102 elapsed=174.6min
[iter04_clean5m] ep=15600 step=3274807/5000000 reward=19.0 len=351 eps=0.020 avg_loss=0.0119 elapsed=174.9min
[iter04_clean5m] ep=15610 step=3277875/5000000 reward=0.0 len=109 eps=0.020 avg_loss=0.0100 elapsed=175.0min
[iter04_clean5m] ep=15620 step=3282019/5000000 reward=28.0 len=489 eps=0.020 avg_loss=0.0125 elapsed=175.3min
[iter04_clean5m] ep=15630 step=3286153/5000000 reward=25.0 len=434 eps=0.020 avg_loss=0.0140 elapsed=175.5min
[iter04_clean5m] ep=15640 step=3289135/5000000 reward=3.0 len=133 eps=0.020 avg_loss=0.0151 elapsed=175.7min
[iter04_clean5m] ep=15650 step=3291449/5000000 reward=3.0 len=190 eps=0.020 avg_loss=0.0165 elapsed=175.8min
[iter04_clean5m] ep=15660 step=3294688/5000000 reward=9.0 len=154 eps=0.020 avg_loss=0.0145 elapsed=176.0min
[iter04_clean5m] ep=15670 step=3297825/5000000 reward=1.0 len=141 eps=0.020 avg_loss=0.0103 elapsed=176.2min
[iter04_clean5m] ep=15680 step=3300643/5000000 reward=16.0 len=542 eps=0.020 avg_loss=0.0163 elapsed=176.3min
[iter04_clean5m] ep=15690 step=3304073/5000000 reward=0.0 len=72 eps=0.020 avg_loss=0.0201 elapsed=176.5min
[iter04_clean5m] ep=15700 step=3306990/5000000 reward=31.0 len=628 eps=0.020 avg_loss=0.0120 elapsed=176.7min
[iter04_clean5m] ep=15710 step=3309568/5000000 reward=4.0 len=152 eps=0.020 avg_loss=0.0116 elapsed=176.8min
[iter04_clean5m] ep=15720 step=3311963/5000000 reward=3.0 len=130 eps=0.020 avg_loss=0.0103 elapsed=177.0min
[iter04_clean5m] ep=15730 step=3314813/5000000 reward=20.0 len=419 eps=0.020 avg_loss=0.0119 elapsed=177.1min
[iter04_clean5m] ep=15740 step=3318501/5000000 reward=0.0 len=53 eps=0.020 avg_loss=0.0098 elapsed=177.3min
[iter04_clean5m] ep=15750 step=3321705/5000000 reward=2.0 len=72 eps=0.020 avg_loss=0.0139 elapsed=177.5min
[iter04_clean5m] ep=15760 step=3324532/5000000 reward=0.0 len=98 eps=0.020 avg_loss=0.0101 elapsed=177.7min
[iter04_clean5m] ep=15770 step=3328827/5000000 reward=0.0 len=58 eps=0.020 avg_loss=0.0165 elapsed=177.9min
[iter04_clean5m] ep=15780 step=3332353/5000000 reward=33.0 len=699 eps=0.020 avg_loss=0.0130 elapsed=178.1min
[iter04_clean5m] ep=15790 step=3335536/5000000 reward=5.0 len=252 eps=0.020 avg_loss=0.0116 elapsed=178.3min
[iter04_clean5m] ep=15800 step=3338299/5000000 reward=9.0 len=295 eps=0.020 avg_loss=0.0137 elapsed=178.4min
[iter04_clean5m] ep=15810 step=3342257/5000000 reward=12.0 len=193 eps=0.020 avg_loss=0.0121 elapsed=178.7min
[iter04_clean5m] ep=15820 step=3345624/5000000 reward=21.0 len=320 eps=0.020 avg_loss=0.0112 elapsed=178.9min
[iter04_clean5m] ep=15830 step=3348497/5000000 reward=3.0 len=238 eps=0.020 avg_loss=0.0111 elapsed=179.0min
[iter04_clean5m] ep=15840 step=3351906/5000000 reward=27.0 len=381 eps=0.020 avg_loss=0.0128 elapsed=179.2min
[iter04_clean5m] ep=15850 step=3354718/5000000 reward=19.0 len=313 eps=0.020 avg_loss=0.0143 elapsed=179.4min
[iter04_clean5m] ep=15860 step=3357443/5000000 reward=24.0 len=349 eps=0.020 avg_loss=0.0133 elapsed=179.5min
[iter04_clean5m] ep=15870 step=3360592/5000000 reward=2.0 len=177 eps=0.020 avg_loss=0.0091 elapsed=179.7min
[iter04_clean5m] ep=15880 step=3364616/5000000 reward=33.0 len=910 eps=0.020 avg_loss=0.0107 elapsed=179.9min
[iter04_clean5m] ep=15890 step=3369396/5000000 reward=31.0 len=662 eps=0.020 avg_loss=0.0128 elapsed=180.2min
[iter04_clean5m] ep=15900 step=3371607/5000000 reward=11.0 len=313 eps=0.020 avg_loss=0.0156 elapsed=180.3min
[iter04_clean5m] ep=15910 step=3374548/5000000 reward=5.0 len=137 eps=0.020 avg_loss=0.0125 elapsed=180.5min
[iter04_clean5m] ep=15920 step=3377860/5000000 reward=19.0 len=275 eps=0.020 avg_loss=0.0151 elapsed=180.7min
[iter04_clean5m] ep=15930 step=3380511/5000000 reward=16.0 len=474 eps=0.020 avg_loss=0.0119 elapsed=180.8min
[iter04_clean5m] ep=15940 step=3384275/5000000 reward=32.0 len=755 eps=0.020 avg_loss=0.0107 elapsed=181.0min
[iter04_clean5m] ep=15950 step=3387549/5000000 reward=10.0 len=444 eps=0.020 avg_loss=0.0122 elapsed=181.2min
[iter04_clean5m] ep=15960 step=3390790/5000000 reward=13.0 len=168 eps=0.020 avg_loss=0.0085 elapsed=181.4min
[iter04_clean5m] ep=15970 step=3393808/5000000 reward=4.0 len=203 eps=0.020 avg_loss=0.0115 elapsed=181.6min
[iter04_clean5m] ep=15980 step=3397129/5000000 reward=1.0 len=68 eps=0.020 avg_loss=0.0111 elapsed=181.8min
[iter04_clean5m] ep=15990 step=3400047/5000000 reward=1.0 len=141 eps=0.020 avg_loss=0.0129 elapsed=181.9min
[iter04_clean5m] ep=16000 step=3402507/5000000 reward=0.0 len=26 eps=0.020 avg_loss=0.0086 elapsed=182.1min
[iter04_clean5m] ep=16010 step=3405260/5000000 reward=6.0 len=191 eps=0.020 avg_loss=0.0135 elapsed=182.2min
[iter04_clean5m] ep=16020 step=3409079/5000000 reward=18.0 len=444 eps=0.020 avg_loss=0.0136 elapsed=182.4min
[iter04_clean5m] ep=16030 step=3412350/5000000 reward=17.0 len=283 eps=0.020 avg_loss=0.0125 elapsed=182.6min
[iter04_clean5m] ep=16040 step=3417065/5000000 reward=1.0 len=26 eps=0.020 avg_loss=0.0371 elapsed=182.9min
[iter04_clean5m] ep=16050 step=3419944/5000000 reward=28.0 len=557 eps=0.020 avg_loss=0.0094 elapsed=183.1min
[iter04_clean5m] ep=16060 step=3422405/5000000 reward=10.0 len=325 eps=0.020 avg_loss=0.0118 elapsed=183.2min
[iter04_clean5m] ep=16070 step=3425638/5000000 reward=1.0 len=122 eps=0.020 avg_loss=0.0148 elapsed=183.4min
[iter04_clean5m] ep=16080 step=3428669/5000000 reward=10.0 len=384 eps=0.020 avg_loss=0.0161 elapsed=183.6min
[iter04_clean5m] ep=16090 step=3432951/5000000 reward=35.0 len=924 eps=0.020 avg_loss=0.0117 elapsed=183.8min
[iter04_clean5m] ep=16100 step=3435487/5000000 reward=0.0 len=63 eps=0.020 avg_loss=0.0186 elapsed=183.9min
[iter04_clean5m] ep=16110 step=3439272/5000000 reward=35.0 len=640 eps=0.020 avg_loss=0.0133 elapsed=184.2min
[iter04_clean5m] ep=16120 step=3441822/5000000 reward=0.0 len=51 eps=0.020 avg_loss=0.0108 elapsed=184.3min
[iter04_clean5m] ep=16130 step=3445072/5000000 reward=5.0 len=254 eps=0.020 avg_loss=0.0106 elapsed=184.5min
[iter04_clean5m] ep=16140 step=3448616/5000000 reward=26.0 len=637 eps=0.020 avg_loss=0.0117 elapsed=184.7min
[iter04_clean5m] ep=16150 step=3452235/5000000 reward=4.0 len=244 eps=0.020 avg_loss=0.0182 elapsed=184.9min
[iter04_clean5m] ep=16160 step=3455489/5000000 reward=22.0 len=374 eps=0.020 avg_loss=0.0124 elapsed=185.1min
[iter04_clean5m] ep=16170 step=3458424/5000000 reward=2.0 len=104 eps=0.020 avg_loss=0.0151 elapsed=185.2min
[iter04_clean5m] ep=16180 step=3461408/5000000 reward=2.0 len=61 eps=0.020 avg_loss=0.0099 elapsed=185.4min
[iter04_clean5m] ep=16190 step=3464984/5000000 reward=0.0 len=74 eps=0.020 avg_loss=0.0141 elapsed=185.6min
[iter04_clean5m] ep=16200 step=3468869/5000000 reward=1.0 len=99 eps=0.020 avg_loss=0.0132 elapsed=185.8min
[iter04_clean5m] ep=16210 step=3470729/5000000 reward=10.0 len=239 eps=0.020 avg_loss=0.0146 elapsed=185.9min
[iter04_clean5m] ep=16220 step=3473380/5000000 reward=1.0 len=80 eps=0.020 avg_loss=0.0122 elapsed=186.1min
[iter04_clean5m] ep=16230 step=3476682/5000000 reward=6.0 len=358 eps=0.020 avg_loss=0.0141 elapsed=186.3min
[iter04_clean5m] ep=16240 step=3479990/5000000 reward=2.0 len=93 eps=0.020 avg_loss=0.0112 elapsed=186.5min
[iter04_clean5m] ep=16250 step=3482849/5000000 reward=18.0 len=419 eps=0.020 avg_loss=0.0136 elapsed=186.6min
[iter04_clean5m] ep=16260 step=3486114/5000000 reward=3.0 len=259 eps=0.020 avg_loss=0.0139 elapsed=186.8min
[iter04_clean5m] ep=16270 step=3488794/5000000 reward=24.0 len=335 eps=0.020 avg_loss=0.0134 elapsed=187.0min
[iter04_clean5m] ep=16280 step=3491652/5000000 reward=1.0 len=84 eps=0.020 avg_loss=0.0119 elapsed=187.1min
[iter04_clean5m] ep=16290 step=3495178/5000000 reward=11.0 len=261 eps=0.020 avg_loss=0.0115 elapsed=187.3min
[iter04_clean5m] ep=16300 step=3498490/5000000 reward=2.0 len=60 eps=0.020 avg_loss=0.0128 elapsed=187.5min
[iter04_clean5m] ep=16310 step=3501919/5000000 reward=1.0 len=103 eps=0.020 avg_loss=0.0160 elapsed=187.7min
[iter04_clean5m] ep=16320 step=3504829/5000000 reward=1.0 len=90 eps=0.020 avg_loss=0.0118 elapsed=187.9min
[iter04_clean5m] ep=16330 step=3507572/5000000 reward=25.0 len=437 eps=0.020 avg_loss=0.0124 elapsed=188.0min
[iter04_clean5m] ep=16340 step=3509897/5000000 reward=2.0 len=90 eps=0.020 avg_loss=0.0098 elapsed=188.2min
[iter04_clean5m] ep=16350 step=3514099/5000000 reward=0.0 len=32 eps=0.020 avg_loss=0.0117 elapsed=188.4min
[iter04_clean5m] ep=16360 step=3517491/5000000 reward=0.0 len=41 eps=0.020 avg_loss=0.0134 elapsed=188.6min
[iter04_clean5m] ep=16370 step=3520765/5000000 reward=25.0 len=342 eps=0.020 avg_loss=0.0111 elapsed=188.8min
[iter04_clean5m] ep=16380 step=3523848/5000000 reward=6.0 len=187 eps=0.020 avg_loss=0.0129 elapsed=188.9min
[iter04_clean5m] ep=16390 step=3526551/5000000 reward=5.0 len=452 eps=0.020 avg_loss=0.0124 elapsed=189.1min
[iter04_clean5m] ep=16400 step=3530190/5000000 reward=26.0 len=453 eps=0.020 avg_loss=0.0098 elapsed=189.3min
[iter04_clean5m] ep=16410 step=3533326/5000000 reward=13.0 len=286 eps=0.020 avg_loss=0.0148 elapsed=189.5min
[iter04_clean5m] ep=16420 step=3537266/5000000 reward=15.0 len=324 eps=0.020 avg_loss=0.0120 elapsed=189.7min
[iter04_clean5m] ep=16430 step=3539490/5000000 reward=0.0 len=28 eps=0.020 avg_loss=0.0154 elapsed=189.8min
[iter04_clean5m] ep=16440 step=3542569/5000000 reward=23.0 len=457 eps=0.020 avg_loss=0.0127 elapsed=190.0min
[iter04_clean5m] ep=16450 step=3546412/5000000 reward=6.0 len=247 eps=0.020 avg_loss=0.0102 elapsed=190.2min
[iter04_clean5m] ep=16460 step=3549258/5000000 reward=13.0 len=232 eps=0.020 avg_loss=0.0119 elapsed=190.4min
[iter04_clean5m] ep=16470 step=3553229/5000000 reward=1.0 len=54 eps=0.020 avg_loss=0.0132 elapsed=190.6min
[iter04_clean5m] ep=16480 step=3555818/5000000 reward=0.0 len=13 eps=0.020 avg_loss=0.0050 elapsed=190.7min
[iter04_clean5m] ep=16490 step=3558867/5000000 reward=1.0 len=92 eps=0.020 avg_loss=0.0149 elapsed=190.9min
[iter04_clean5m] ep=16500 step=3561920/5000000 reward=1.0 len=73 eps=0.020 avg_loss=0.0094 elapsed=191.1min
[iter04_clean5m] ep=16510 step=3565584/5000000 reward=7.0 len=145 eps=0.020 avg_loss=0.0116 elapsed=191.3min
[iter04_clean5m] ep=16520 step=3568042/5000000 reward=1.0 len=53 eps=0.020 avg_loss=0.0100 elapsed=191.4min
[iter04_clean5m] ep=16530 step=3571883/5000000 reward=1.0 len=54 eps=0.020 avg_loss=0.0126 elapsed=191.7min
[iter04_clean5m] ep=16540 step=3574407/5000000 reward=10.0 len=413 eps=0.020 avg_loss=0.0143 elapsed=191.8min
[iter04_clean5m] ep=16550 step=3577724/5000000 reward=4.0 len=183 eps=0.020 avg_loss=0.0104 elapsed=192.0min
[iter04_clean5m] ep=16560 step=3581767/5000000 reward=28.0 len=433 eps=0.020 avg_loss=0.0139 elapsed=192.2min
[iter04_clean5m] ep=16570 step=3586024/5000000 reward=30.0 len=1002 eps=0.020 avg_loss=0.0120 elapsed=192.5min
[iter04_clean5m] ep=16580 step=3589167/5000000 reward=1.0 len=89 eps=0.020 avg_loss=0.0203 elapsed=192.6min
[iter04_clean5m] ep=16590 step=3592548/5000000 reward=33.0 len=676 eps=0.020 avg_loss=0.0133 elapsed=192.8min
[iter04_clean5m] ep=16600 step=3595456/5000000 reward=0.0 len=61 eps=0.020 avg_loss=0.0104 elapsed=193.0min
[iter04_clean5m] ep=16610 step=3597721/5000000 reward=24.0 len=303 eps=0.020 avg_loss=0.0133 elapsed=193.1min
[iter04_clean5m] ep=16620 step=3601658/5000000 reward=32.0 len=489 eps=0.020 avg_loss=0.0132 elapsed=193.3min
[iter04_clean5m] ep=16630 step=3604493/5000000 reward=1.0 len=77 eps=0.020 avg_loss=0.0102 elapsed=193.5min
[iter04_clean5m] ep=16640 step=3607716/5000000 reward=0.0 len=58 eps=0.020 avg_loss=0.0077 elapsed=193.7min
[iter04_clean5m] ep=16650 step=3610436/5000000 reward=17.0 len=253 eps=0.020 avg_loss=0.0141 elapsed=193.8min
[iter04_clean5m] ep=16660 step=3613770/5000000 reward=29.0 len=465 eps=0.020 avg_loss=0.0125 elapsed=194.0min
[iter04_clean5m] ep=16670 step=3617759/5000000 reward=32.0 len=691 eps=0.020 avg_loss=0.0164 elapsed=194.3min
[iter04_clean5m] ep=16680 step=3620901/5000000 reward=27.0 len=426 eps=0.020 avg_loss=0.0153 elapsed=194.4min
[iter04_clean5m] ep=16690 step=3624448/5000000 reward=25.0 len=827 eps=0.020 avg_loss=0.0134 elapsed=194.6min
[iter04_clean5m] ep=16700 step=3628743/5000000 reward=21.0 len=277 eps=0.020 avg_loss=0.0159 elapsed=194.9min
[iter04_clean5m] ep=16710 step=3631015/5000000 reward=3.0 len=147 eps=0.020 avg_loss=0.0136 elapsed=195.0min
[iter04_clean5m] ep=16720 step=3633810/5000000 reward=0.0 len=16 eps=0.020 avg_loss=0.0117 elapsed=195.2min
[iter04_clean5m] ep=16730 step=3637117/5000000 reward=2.0 len=295 eps=0.020 avg_loss=0.0095 elapsed=195.3min
[iter04_clean5m] ep=16740 step=3641202/5000000 reward=6.0 len=207 eps=0.020 avg_loss=0.0122 elapsed=195.6min
[iter04_clean5m] ep=16750 step=3644880/5000000 reward=34.0 len=695 eps=0.020 avg_loss=0.0115 elapsed=195.8min
[iter04_clean5m] ep=16760 step=3647111/5000000 reward=1.0 len=75 eps=0.020 avg_loss=0.0233 elapsed=195.9min
[iter04_clean5m] ep=16770 step=3650307/5000000 reward=3.0 len=196 eps=0.020 avg_loss=0.0165 elapsed=196.1min
[iter04_clean5m] ep=16780 step=3653919/5000000 reward=9.0 len=312 eps=0.020 avg_loss=0.0154 elapsed=196.3min
[iter04_clean5m] ep=16790 step=3658101/5000000 reward=25.0 len=461 eps=0.020 avg_loss=0.0152 elapsed=196.5min
[iter04_clean5m] ep=16800 step=3662549/5000000 reward=29.0 len=507 eps=0.020 avg_loss=0.0125 elapsed=196.8min
[iter04_clean5m] ep=16810 step=3665238/5000000 reward=2.0 len=108 eps=0.020 avg_loss=0.0132 elapsed=196.9min
[iter04_clean5m] ep=16820 step=3667472/5000000 reward=3.0 len=98 eps=0.020 avg_loss=0.0123 elapsed=197.1min
[iter04_clean5m] ep=16830 step=3669896/5000000 reward=1.0 len=135 eps=0.020 avg_loss=0.0098 elapsed=197.2min
[iter04_clean5m] ep=16840 step=3672628/5000000 reward=19.0 len=319 eps=0.020 avg_loss=0.0144 elapsed=197.4min
[iter04_clean5m] ep=16850 step=3675478/5000000 reward=3.0 len=162 eps=0.020 avg_loss=0.0215 elapsed=197.5min
[iter04_clean5m] ep=16860 step=3678766/5000000 reward=1.0 len=41 eps=0.020 avg_loss=0.0203 elapsed=197.7min
[iter04_clean5m] ep=16870 step=3681764/5000000 reward=27.0 len=427 eps=0.020 avg_loss=0.0126 elapsed=197.9min
[iter04_clean5m] ep=16880 step=3685618/5000000 reward=31.0 len=509 eps=0.020 avg_loss=0.0144 elapsed=198.1min
[iter04_clean5m] ep=16890 step=3689737/5000000 reward=2.0 len=102 eps=0.020 avg_loss=0.0092 elapsed=198.3min
[iter04_clean5m] ep=16900 step=3692952/5000000 reward=0.0 len=54 eps=0.020 avg_loss=0.0089 elapsed=198.5min
[iter04_clean5m] ep=16910 step=3695804/5000000 reward=28.0 len=513 eps=0.020 avg_loss=0.0169 elapsed=198.7min
[iter04_clean5m] ep=16920 step=3699021/5000000 reward=0.0 len=34 eps=0.020 avg_loss=0.0090 elapsed=198.9min
[iter04_clean5m] ep=16930 step=3703574/5000000 reward=32.0 len=496 eps=0.020 avg_loss=0.0136 elapsed=199.1min
[iter04_clean5m] ep=16940 step=3706123/5000000 reward=2.0 len=127 eps=0.020 avg_loss=0.0160 elapsed=199.3min
[iter04_clean5m] ep=16950 step=3710045/5000000 reward=14.0 len=511 eps=0.020 avg_loss=0.0135 elapsed=199.5min
[iter04_clean5m] ep=16960 step=3714432/5000000 reward=2.0 len=152 eps=0.020 avg_loss=0.0124 elapsed=199.7min
[iter04_clean5m] ep=16970 step=3717439/5000000 reward=1.0 len=138 eps=0.020 avg_loss=0.0088 elapsed=199.9min
[iter04_clean5m] ep=16980 step=3722088/5000000 reward=35.0 len=706 eps=0.020 avg_loss=0.0150 elapsed=200.2min
[iter04_clean5m] ep=16990 step=3725129/5000000 reward=0.0 len=76 eps=0.020 avg_loss=0.0129 elapsed=200.3min
[iter04_clean5m] ep=17000 step=3728865/5000000 reward=2.0 len=188 eps=0.020 avg_loss=0.0170 elapsed=200.5min
[iter04_clean5m] ep=17010 step=3732291/5000000 reward=11.0 len=156 eps=0.020 avg_loss=0.0202 elapsed=200.7min
[iter04_clean5m] ep=17020 step=3735009/5000000 reward=9.0 len=198 eps=0.020 avg_loss=0.0155 elapsed=200.9min
[iter04_clean5m] ep=17030 step=3738470/5000000 reward=1.0 len=163 eps=0.020 avg_loss=0.0165 elapsed=201.1min
[iter04_clean5m] ep=17040 step=3741467/5000000 reward=3.0 len=215 eps=0.020 avg_loss=0.0132 elapsed=201.3min
[iter04_clean5m] ep=17050 step=3744985/5000000 reward=4.0 len=160 eps=0.020 avg_loss=0.0132 elapsed=201.5min
[iter04_clean5m] ep=17060 step=3747855/5000000 reward=1.0 len=93 eps=0.020 avg_loss=0.0138 elapsed=201.6min
[iter04_clean5m] ep=17070 step=3750720/5000000 reward=2.0 len=323 eps=0.020 avg_loss=0.0114 elapsed=201.8min
[iter04_clean5m] ep=17080 step=3753354/5000000 reward=11.0 len=150 eps=0.020 avg_loss=0.0083 elapsed=201.9min
[iter04_clean5m] ep=17090 step=3756818/5000000 reward=0.0 len=66 eps=0.020 avg_loss=0.0108 elapsed=202.1min
[iter04_clean5m] ep=17100 step=3759497/5000000 reward=9.0 len=254 eps=0.020 avg_loss=0.0173 elapsed=202.3min
[iter04_clean5m] ep=17110 step=3762352/5000000 reward=23.0 len=323 eps=0.020 avg_loss=0.0159 elapsed=202.4min
[iter04_clean5m] ep=17120 step=3765468/5000000 reward=2.0 len=131 eps=0.020 avg_loss=0.0296 elapsed=202.6min
[iter04_clean5m] ep=17130 step=3768477/5000000 reward=32.0 len=658 eps=0.020 avg_loss=0.0128 elapsed=202.8min
[iter04_clean5m] ep=17140 step=3772066/5000000 reward=0.0 len=28 eps=0.020 avg_loss=0.0269 elapsed=203.0min
[iter04_clean5m] ep=17150 step=3774776/5000000 reward=33.0 len=679 eps=0.020 avg_loss=0.0146 elapsed=203.1min
[iter04_clean5m] ep=17160 step=3777891/5000000 reward=0.0 len=41 eps=0.020 avg_loss=0.0113 elapsed=203.3min
[iter04_clean5m] ep=17170 step=3780119/5000000 reward=18.0 len=234 eps=0.020 avg_loss=0.0156 elapsed=203.4min
[iter04_clean5m] ep=17180 step=3783167/5000000 reward=0.0 len=87 eps=0.020 avg_loss=0.0116 elapsed=203.6min
[iter04_clean5m] ep=17190 step=3786951/5000000 reward=0.0 len=32 eps=0.020 avg_loss=0.0094 elapsed=203.8min
[iter04_clean5m] ep=17200 step=3789731/5000000 reward=26.0 len=364 eps=0.020 avg_loss=0.0112 elapsed=204.0min
[iter04_clean5m] ep=17210 step=3793399/5000000 reward=19.0 len=253 eps=0.020 avg_loss=0.0167 elapsed=204.2min
[iter04_clean5m] ep=17220 step=3795982/5000000 reward=23.0 len=479 eps=0.020 avg_loss=0.0128 elapsed=204.3min
[iter04_clean5m] ep=17230 step=3799941/5000000 reward=2.0 len=192 eps=0.020 avg_loss=0.0174 elapsed=204.6min
[iter04_clean5m] ep=17240 step=3802805/5000000 reward=23.0 len=295 eps=0.020 avg_loss=0.0093 elapsed=204.7min
[iter04_clean5m] ep=17250 step=3805584/5000000 reward=25.0 len=361 eps=0.020 avg_loss=0.0119 elapsed=204.9min
[iter04_clean5m] ep=17260 step=3808503/5000000 reward=15.0 len=223 eps=0.020 avg_loss=0.0135 elapsed=205.1min
[iter04_clean5m] ep=17270 step=3810778/5000000 reward=6.0 len=203 eps=0.020 avg_loss=0.0124 elapsed=205.2min
[iter04_clean5m] ep=17280 step=3814251/5000000 reward=20.0 len=277 eps=0.020 avg_loss=0.0150 elapsed=205.4min
[iter04_clean5m] ep=17290 step=3817278/5000000 reward=5.0 len=396 eps=0.020 avg_loss=0.0140 elapsed=205.6min
[iter04_clean5m] ep=17300 step=3820817/5000000 reward=7.0 len=267 eps=0.020 avg_loss=0.0177 elapsed=205.8min
[iter04_clean5m] ep=17310 step=3823608/5000000 reward=32.0 len=607 eps=0.020 avg_loss=0.0175 elapsed=205.9min
[iter04_clean5m] ep=17320 step=3827695/5000000 reward=24.0 len=385 eps=0.020 avg_loss=0.0120 elapsed=206.2min
[iter04_clean5m] ep=17330 step=3831316/5000000 reward=6.0 len=279 eps=0.020 avg_loss=0.0145 elapsed=206.4min
[iter04_clean5m] ep=17340 step=3835065/5000000 reward=1.0 len=176 eps=0.020 avg_loss=0.0125 elapsed=206.6min
[iter04_clean5m] ep=17350 step=3838498/5000000 reward=11.0 len=317 eps=0.020 avg_loss=0.0179 elapsed=206.8min
[iter04_clean5m] ep=17360 step=3841515/5000000 reward=30.0 len=581 eps=0.020 avg_loss=0.0130 elapsed=206.9min
[iter04_clean5m] ep=17370 step=3844940/5000000 reward=19.0 len=544 eps=0.020 avg_loss=0.0145 elapsed=207.1min
[iter04_clean5m] ep=17380 step=3848449/5000000 reward=6.0 len=297 eps=0.020 avg_loss=0.0150 elapsed=207.3min
[iter04_clean5m] ep=17390 step=3852574/5000000 reward=10.0 len=364 eps=0.020 avg_loss=0.0125 elapsed=207.6min
[iter04_clean5m] ep=17400 step=3856515/5000000 reward=0.0 len=69 eps=0.020 avg_loss=0.0124 elapsed=207.8min
[iter04_clean5m] ep=17410 step=3860863/5000000 reward=6.0 len=308 eps=0.020 avg_loss=0.0153 elapsed=208.0min
[iter04_clean5m] ep=17420 step=3863705/5000000 reward=18.0 len=318 eps=0.020 avg_loss=0.0160 elapsed=208.2min
[iter04_clean5m] ep=17430 step=3867413/5000000 reward=3.0 len=126 eps=0.020 avg_loss=0.0132 elapsed=208.4min
[iter04_clean5m] ep=17440 step=3870554/5000000 reward=33.0 len=612 eps=0.020 avg_loss=0.0127 elapsed=208.6min
[iter04_clean5m] ep=17450 step=3873486/5000000 reward=0.0 len=37 eps=0.020 avg_loss=0.0121 elapsed=208.7min
[iter04_clean5m] ep=17460 step=3877115/5000000 reward=18.0 len=404 eps=0.020 avg_loss=0.0145 elapsed=208.9min
[iter04_clean5m] ep=17470 step=3881387/5000000 reward=12.0 len=469 eps=0.020 avg_loss=0.0114 elapsed=209.2min
[iter04_clean5m] ep=17480 step=3885314/5000000 reward=51.0 len=1123 eps=0.020 avg_loss=0.0116 elapsed=209.4min
[iter04_clean5m] ep=17490 step=3888049/5000000 reward=23.0 len=337 eps=0.020 avg_loss=0.0133 elapsed=209.6min
[iter04_clean5m] ep=17500 step=3891385/5000000 reward=34.0 len=606 eps=0.020 avg_loss=0.0153 elapsed=209.7min
[iter04_clean5m] ep=17510 step=3894266/5000000 reward=3.0 len=79 eps=0.020 avg_loss=0.0172 elapsed=209.9min
[iter04_clean5m] ep=17520 step=3897355/5000000 reward=3.0 len=77 eps=0.020 avg_loss=0.0119 elapsed=210.1min
[iter04_clean5m] ep=17530 step=3900846/5000000 reward=2.0 len=86 eps=0.020 avg_loss=0.0104 elapsed=210.3min
[iter04_clean5m] ep=17540 step=3904296/5000000 reward=12.0 len=175 eps=0.020 avg_loss=0.0096 elapsed=210.5min
[iter04_clean5m] ep=17550 step=3907441/5000000 reward=24.0 len=302 eps=0.020 avg_loss=0.0157 elapsed=210.7min
[iter04_clean5m] ep=17560 step=3910567/5000000 reward=0.0 len=83 eps=0.020 avg_loss=0.0167 elapsed=210.8min
[iter04_clean5m] ep=17570 step=3913726/5000000 reward=2.0 len=292 eps=0.020 avg_loss=0.0172 elapsed=211.0min
[iter04_clean5m] ep=17580 step=3916288/5000000 reward=3.0 len=125 eps=0.020 avg_loss=0.0097 elapsed=211.2min
[iter04_clean5m] ep=17590 step=3919656/5000000 reward=33.0 len=683 eps=0.020 avg_loss=0.0174 elapsed=211.4min
[iter04_clean5m] ep=17600 step=3922981/5000000 reward=12.0 len=521 eps=0.020 avg_loss=0.0173 elapsed=211.5min
[iter04_clean5m] ep=17610 step=3926644/5000000 reward=16.0 len=567 eps=0.020 avg_loss=0.0151 elapsed=211.7min
[iter04_clean5m] ep=17620 step=3930809/5000000 reward=4.0 len=94 eps=0.020 avg_loss=0.0164 elapsed=212.0min
[iter04_clean5m] ep=17630 step=3933962/5000000 reward=11.0 len=335 eps=0.020 avg_loss=0.0107 elapsed=212.2min
[iter04_clean5m] ep=17640 step=3936800/5000000 reward=10.0 len=362 eps=0.020 avg_loss=0.0150 elapsed=212.3min
[iter04_clean5m] ep=17650 step=3939793/5000000 reward=24.0 len=391 eps=0.020 avg_loss=0.0136 elapsed=212.5min
[iter04_clean5m] ep=17660 step=3943081/5000000 reward=17.0 len=346 eps=0.020 avg_loss=0.0110 elapsed=212.7min
[iter04_clean5m] ep=17670 step=3946121/5000000 reward=16.0 len=334 eps=0.020 avg_loss=0.0135 elapsed=212.8min
[iter04_clean5m] ep=17680 step=3950150/5000000 reward=32.0 len=651 eps=0.020 avg_loss=0.0147 elapsed=213.1min
[iter04_clean5m] ep=17690 step=3951981/5000000 reward=14.0 len=357 eps=0.020 avg_loss=0.0150 elapsed=213.2min
[iter04_clean5m] ep=17700 step=3954723/5000000 reward=1.0 len=115 eps=0.020 avg_loss=0.0099 elapsed=213.3min
[iter04_clean5m] ep=17710 step=3958251/5000000 reward=8.0 len=145 eps=0.020 avg_loss=0.0154 elapsed=213.5min
[iter04_clean5m] ep=17720 step=3962014/5000000 reward=3.0 len=250 eps=0.020 avg_loss=0.0124 elapsed=213.7min
[iter04_clean5m] ep=17730 step=3964742/5000000 reward=33.0 len=624 eps=0.020 avg_loss=0.0146 elapsed=213.9min
[iter04_clean5m] ep=17740 step=3968397/5000000 reward=20.0 len=282 eps=0.020 avg_loss=0.0098 elapsed=214.1min
[iter04_clean5m] ep=17750 step=3971538/5000000 reward=0.0 len=48 eps=0.020 avg_loss=0.0107 elapsed=214.3min
[iter04_clean5m] ep=17760 step=3974417/5000000 reward=17.0 len=519 eps=0.020 avg_loss=0.0120 elapsed=214.5min
[iter04_clean5m] ep=17770 step=3978194/5000000 reward=30.0 len=613 eps=0.020 avg_loss=0.0145 elapsed=214.7min
[iter04_clean5m] ep=17780 step=3983005/5000000 reward=29.0 len=510 eps=0.020 avg_loss=0.0144 elapsed=214.9min
[iter04_clean5m] ep=17790 step=3986335/5000000 reward=16.0 len=479 eps=0.020 avg_loss=0.0140 elapsed=215.1min
[iter04_clean5m] ep=17800 step=3988781/5000000 reward=3.0 len=75 eps=0.020 avg_loss=0.0182 elapsed=215.3min
[iter04_clean5m] ep=17810 step=3991979/5000000 reward=34.0 len=719 eps=0.020 avg_loss=0.0128 elapsed=215.4min
[iter04_clean5m] ep=17820 step=3994255/5000000 reward=7.0 len=119 eps=0.020 avg_loss=0.0104 elapsed=215.6min
[iter04_clean5m] ep=17830 step=3997613/5000000 reward=11.0 len=379 eps=0.020 avg_loss=0.0168 elapsed=215.8min
[iter04_clean5m] ep=17840 step=4000725/5000000 reward=2.0 len=56 eps=0.020 avg_loss=0.0127 elapsed=215.9min
[iter04_clean5m] ep=17850 step=4004431/5000000 reward=12.0 len=335 eps=0.020 avg_loss=0.0186 elapsed=216.1min
[iter04_clean5m] ep=17860 step=4007140/5000000 reward=6.0 len=259 eps=0.020 avg_loss=0.0129 elapsed=216.3min
[iter04_clean5m] ep=17870 step=4010303/5000000 reward=6.0 len=343 eps=0.020 avg_loss=0.0158 elapsed=216.5min
[iter04_clean5m] ep=17880 step=4013748/5000000 reward=29.0 len=620 eps=0.020 avg_loss=0.0147 elapsed=216.7min
[iter04_clean5m] ep=17890 step=4017519/5000000 reward=12.0 len=303 eps=0.020 avg_loss=0.0135 elapsed=216.9min
[iter04_clean5m] ep=17900 step=4019964/5000000 reward=12.0 len=465 eps=0.020 avg_loss=0.0142 elapsed=217.0min
[iter04_clean5m] ep=17910 step=4024216/5000000 reward=25.0 len=440 eps=0.020 avg_loss=0.0174 elapsed=217.2min
[iter04_clean5m] ep=17920 step=4027964/5000000 reward=31.0 len=559 eps=0.020 avg_loss=0.0143 elapsed=217.5min
[iter04_clean5m] ep=17930 step=4031219/5000000 reward=32.0 len=668 eps=0.020 avg_loss=0.0134 elapsed=217.6min
[iter04_clean5m] ep=17940 step=4036051/5000000 reward=6.0 len=166 eps=0.020 avg_loss=0.0160 elapsed=217.9min
[iter04_clean5m] ep=17950 step=4039639/5000000 reward=5.0 len=312 eps=0.020 avg_loss=0.0132 elapsed=218.1min
[iter04_clean5m] ep=17960 step=4043372/5000000 reward=29.0 len=434 eps=0.020 avg_loss=0.0128 elapsed=218.3min
[iter04_clean5m] ep=17970 step=4047564/5000000 reward=66.0 len=1595 eps=0.020 avg_loss=0.0138 elapsed=218.5min
[iter04_clean5m] ep=17980 step=4050878/5000000 reward=34.0 len=802 eps=0.020 avg_loss=0.0158 elapsed=218.7min
[iter04_clean5m] ep=17990 step=4053607/5000000 reward=0.0 len=74 eps=0.020 avg_loss=0.0290 elapsed=218.9min
[iter04_clean5m] ep=18000 step=4056723/5000000 reward=30.0 len=580 eps=0.020 avg_loss=0.0177 elapsed=219.0min
[iter04_clean5m] ep=18010 step=4060510/5000000 reward=25.0 len=380 eps=0.020 avg_loss=0.0146 elapsed=219.3min
[iter04_clean5m] ep=18020 step=4063955/5000000 reward=13.0 len=470 eps=0.020 avg_loss=0.0145 elapsed=219.4min
[iter04_clean5m] ep=18030 step=4068068/5000000 reward=29.0 len=577 eps=0.020 avg_loss=0.0180 elapsed=219.7min
[iter04_clean5m] ep=18040 step=4070586/5000000 reward=1.0 len=199 eps=0.020 avg_loss=0.0112 elapsed=219.8min
[iter04_clean5m] ep=18050 step=4074300/5000000 reward=27.0 len=361 eps=0.020 avg_loss=0.0155 elapsed=220.0min
[iter04_clean5m] ep=18060 step=4077363/5000000 reward=19.0 len=245 eps=0.020 avg_loss=0.0113 elapsed=220.2min
[iter04_clean5m] ep=18070 step=4080589/5000000 reward=13.0 len=455 eps=0.020 avg_loss=0.0164 elapsed=220.4min
[iter04_clean5m] ep=18080 step=4083394/5000000 reward=8.0 len=371 eps=0.020 avg_loss=0.0128 elapsed=220.5min
[iter04_clean5m] ep=18090 step=4086631/5000000 reward=2.0 len=133 eps=0.020 avg_loss=0.0152 elapsed=220.7min
[iter04_clean5m] ep=18100 step=4091027/5000000 reward=2.0 len=49 eps=0.020 avg_loss=0.0171 elapsed=220.9min
[iter04_clean5m] ep=18110 step=4093796/5000000 reward=3.0 len=319 eps=0.020 avg_loss=0.0150 elapsed=221.1min
[iter04_clean5m] ep=18120 step=4098111/5000000 reward=2.0 len=121 eps=0.020 avg_loss=0.0103 elapsed=221.3min
[iter04_clean5m] ep=18130 step=4101140/5000000 reward=1.0 len=60 eps=0.020 avg_loss=0.0200 elapsed=221.5min
[iter04_clean5m] ep=18140 step=4104512/5000000 reward=11.0 len=360 eps=0.020 avg_loss=0.0147 elapsed=221.7min
[iter04_clean5m] ep=18150 step=4108148/5000000 reward=32.0 len=587 eps=0.020 avg_loss=0.0133 elapsed=221.9min
[iter04_clean5m] ep=18160 step=4111040/5000000 reward=4.0 len=144 eps=0.020 avg_loss=0.0130 elapsed=222.1min
[iter04_clean5m] ep=18170 step=4114957/5000000 reward=35.0 len=647 eps=0.020 avg_loss=0.0122 elapsed=222.3min
[iter04_clean5m] ep=18180 step=4118464/5000000 reward=28.0 len=622 eps=0.020 avg_loss=0.0126 elapsed=222.5min
[iter04_clean5m] ep=18190 step=4121962/5000000 reward=0.0 len=27 eps=0.020 avg_loss=0.0297 elapsed=222.7min
[iter04_clean5m] ep=18200 step=4125752/5000000 reward=4.0 len=191 eps=0.020 avg_loss=0.0207 elapsed=222.9min
[iter04_clean5m] ep=18210 step=4130904/5000000 reward=25.0 len=559 eps=0.020 avg_loss=0.0160 elapsed=223.2min
[iter04_clean5m] ep=18220 step=4134468/5000000 reward=27.0 len=628 eps=0.020 avg_loss=0.0149 elapsed=223.4min
[iter04_clean5m] ep=18230 step=4137327/5000000 reward=0.0 len=76 eps=0.020 avg_loss=0.0156 elapsed=223.5min
[iter04_clean5m] ep=18240 step=4140621/5000000 reward=28.0 len=521 eps=0.020 avg_loss=0.0141 elapsed=223.7min
[iter04_clean5m] ep=18250 step=4143805/5000000 reward=29.0 len=481 eps=0.020 avg_loss=0.0147 elapsed=223.9min
[iter04_clean5m] ep=18260 step=4146948/5000000 reward=2.0 len=147 eps=0.020 avg_loss=0.0170 elapsed=224.1min
[iter04_clean5m] ep=18270 step=4149333/5000000 reward=0.0 len=63 eps=0.020 avg_loss=0.0183 elapsed=224.2min
[iter04_clean5m] ep=18280 step=4152175/5000000 reward=15.0 len=262 eps=0.020 avg_loss=0.0216 elapsed=224.3min
[iter04_clean5m] ep=18290 step=4155522/5000000 reward=23.0 len=386 eps=0.020 avg_loss=0.0159 elapsed=224.5min
[iter04_clean5m] ep=18300 step=4159562/5000000 reward=12.0 len=331 eps=0.020 avg_loss=0.0126 elapsed=224.8min
[iter04_clean5m] ep=18310 step=4162300/5000000 reward=23.0 len=378 eps=0.020 avg_loss=0.0153 elapsed=224.9min
[iter04_clean5m] ep=18320 step=4165477/5000000 reward=4.0 len=352 eps=0.020 avg_loss=0.0197 elapsed=225.1min
[iter04_clean5m] ep=18330 step=4169895/5000000 reward=14.0 len=436 eps=0.020 avg_loss=0.0159 elapsed=225.3min
[iter04_clean5m] ep=18340 step=4173315/5000000 reward=1.0 len=140 eps=0.020 avg_loss=0.0144 elapsed=225.5min
[iter04_clean5m] ep=18350 step=4176250/5000000 reward=30.0 len=506 eps=0.020 avg_loss=0.0160 elapsed=225.7min
[iter04_clean5m] ep=18360 step=4178966/5000000 reward=2.0 len=52 eps=0.020 avg_loss=0.0107 elapsed=225.8min
[iter04_clean5m] ep=18370 step=4182046/5000000 reward=30.0 len=664 eps=0.020 avg_loss=0.0135 elapsed=226.0min
[iter04_clean5m] ep=18380 step=4185384/5000000 reward=32.0 len=741 eps=0.020 avg_loss=0.0142 elapsed=226.2min
[iter04_clean5m] ep=18390 step=4187951/5000000 reward=1.0 len=82 eps=0.020 avg_loss=0.0297 elapsed=226.3min
[iter04_clean5m] ep=18400 step=4191986/5000000 reward=5.0 len=213 eps=0.020 avg_loss=0.0162 elapsed=226.5min
[iter04_clean5m] ep=18410 step=4195694/5000000 reward=31.0 len=484 eps=0.020 avg_loss=0.0132 elapsed=226.7min
[iter04_clean5m] ep=18420 step=4200610/5000000 reward=35.0 len=870 eps=0.020 avg_loss=0.0140 elapsed=227.0min
[iter04_clean5m] ep=18430 step=4204710/5000000 reward=35.0 len=872 eps=0.020 avg_loss=0.0143 elapsed=227.2min
[iter04_clean5m] ep=18440 step=4208317/5000000 reward=0.0 len=54 eps=0.020 avg_loss=0.0093 elapsed=227.4min
[iter04_clean5m] ep=18450 step=4212232/5000000 reward=8.0 len=364 eps=0.020 avg_loss=0.0134 elapsed=227.6min
[iter04_clean5m] ep=18460 step=4215842/5000000 reward=30.0 len=705 eps=0.020 avg_loss=0.0156 elapsed=227.8min
[iter04_clean5m] ep=18470 step=4218232/5000000 reward=5.0 len=180 eps=0.020 avg_loss=0.0159 elapsed=227.9min
[iter04_clean5m] ep=18480 step=4222291/5000000 reward=27.0 len=597 eps=0.020 avg_loss=0.0150 elapsed=228.1min
[iter04_clean5m] ep=18490 step=4225841/5000000 reward=4.0 len=129 eps=0.020 avg_loss=0.0133 elapsed=228.3min
[iter04_clean5m] ep=18500 step=4229991/5000000 reward=4.0 len=181 eps=0.020 avg_loss=0.0153 elapsed=228.5min
[iter04_clean5m] ep=18510 step=4233694/5000000 reward=33.0 len=728 eps=0.020 avg_loss=0.0177 elapsed=228.7min
[iter04_clean5m] ep=18520 step=4237556/5000000 reward=21.0 len=267 eps=0.020 avg_loss=0.0138 elapsed=229.0min
[iter04_clean5m] ep=18530 step=4241200/5000000 reward=11.0 len=367 eps=0.020 avg_loss=0.0196 elapsed=229.2min
[iter04_clean5m] ep=18540 step=4244009/5000000 reward=2.0 len=191 eps=0.020 avg_loss=0.0143 elapsed=229.3min
[iter04_clean5m] ep=18550 step=4247230/5000000 reward=33.0 len=789 eps=0.020 avg_loss=0.0133 elapsed=229.5min
[iter04_clean5m] ep=18560 step=4249421/5000000 reward=10.0 len=146 eps=0.020 avg_loss=0.0143 elapsed=229.6min
[iter04_clean5m] ep=18570 step=4253159/5000000 reward=4.0 len=208 eps=0.020 avg_loss=0.0124 elapsed=229.8min
[iter04_clean5m] ep=18580 step=4256927/5000000 reward=3.0 len=128 eps=0.020 avg_loss=0.0099 elapsed=230.0min
[iter04_clean5m] ep=18590 step=4260242/5000000 reward=32.0 len=595 eps=0.020 avg_loss=0.0125 elapsed=230.2min
[iter04_clean5m] ep=18600 step=4263991/5000000 reward=1.0 len=97 eps=0.020 avg_loss=0.0154 elapsed=230.4min
[iter04_clean5m] ep=18610 step=4267377/5000000 reward=8.0 len=266 eps=0.020 avg_loss=0.0143 elapsed=230.6min
[iter04_clean5m] ep=18620 step=4271032/5000000 reward=9.0 len=292 eps=0.020 avg_loss=0.0157 elapsed=230.8min
[iter04_clean5m] ep=18630 step=4274430/5000000 reward=2.0 len=175 eps=0.020 avg_loss=0.0154 elapsed=231.0min
[iter04_clean5m] ep=18640 step=4277878/5000000 reward=21.0 len=334 eps=0.020 avg_loss=0.0154 elapsed=231.2min
[iter04_clean5m] ep=18650 step=4281600/5000000 reward=0.0 len=53 eps=0.020 avg_loss=0.0099 elapsed=231.4min
[iter04_clean5m] ep=18660 step=4284750/5000000 reward=4.0 len=286 eps=0.020 avg_loss=0.0165 elapsed=231.5min
[iter04_clean5m] ep=18670 step=4287681/5000000 reward=7.0 len=246 eps=0.020 avg_loss=0.0188 elapsed=231.7min
[iter04_clean5m] ep=18680 step=4290747/5000000 reward=29.0 len=442 eps=0.020 avg_loss=0.0144 elapsed=231.8min
[iter04_clean5m] ep=18690 step=4293891/5000000 reward=2.0 len=107 eps=0.020 avg_loss=0.0115 elapsed=232.0min
[iter04_clean5m] ep=18700 step=4298340/5000000 reward=27.0 len=562 eps=0.020 avg_loss=0.0192 elapsed=232.2min
[iter04_clean5m] ep=18710 step=4301917/5000000 reward=30.0 len=606 eps=0.020 avg_loss=0.0143 elapsed=232.4min
[iter04_clean5m] ep=18720 step=4305081/5000000 reward=1.0 len=25 eps=0.020 avg_loss=0.0065 elapsed=232.6min
[iter04_clean5m] ep=18730 step=4308591/5000000 reward=31.0 len=604 eps=0.020 avg_loss=0.0130 elapsed=232.8min
[iter04_clean5m] ep=18740 step=4310681/5000000 reward=5.0 len=112 eps=0.020 avg_loss=0.0103 elapsed=232.9min
[iter04_clean5m] ep=18750 step=4313709/5000000 reward=14.0 len=222 eps=0.020 avg_loss=0.0234 elapsed=233.1min
[iter04_clean5m] ep=18760 step=4316815/5000000 reward=16.0 len=500 eps=0.020 avg_loss=0.0130 elapsed=233.2min
[iter04_clean5m] ep=18770 step=4320905/5000000 reward=34.0 len=599 eps=0.020 avg_loss=0.0124 elapsed=233.4min
[iter04_clean5m] ep=18780 step=4325350/5000000 reward=10.0 len=424 eps=0.020 avg_loss=0.0154 elapsed=233.7min
[iter04_clean5m] ep=18790 step=4329850/5000000 reward=32.0 len=628 eps=0.020 avg_loss=0.0184 elapsed=233.9min
[iter04_clean5m] ep=18800 step=4333137/5000000 reward=1.0 len=55 eps=0.020 avg_loss=0.0305 elapsed=234.1min
[iter04_clean5m] ep=18810 step=4337094/5000000 reward=4.0 len=207 eps=0.020 avg_loss=0.0125 elapsed=234.3min
[iter04_clean5m] ep=18820 step=4339908/5000000 reward=2.0 len=85 eps=0.020 avg_loss=0.0118 elapsed=234.4min
[iter04_clean5m] ep=18830 step=4343667/5000000 reward=47.0 len=1258 eps=0.020 avg_loss=0.0167 elapsed=234.6min
[iter04_clean5m] ep=18840 step=4346610/5000000 reward=1.0 len=108 eps=0.020 avg_loss=0.0085 elapsed=234.8min
[iter04_clean5m] ep=18850 step=4350603/5000000 reward=3.0 len=178 eps=0.020 avg_loss=0.0187 elapsed=235.0min
[iter04_clean5m] ep=18860 step=4354003/5000000 reward=4.0 len=178 eps=0.020 avg_loss=0.0124 elapsed=235.2min
[iter04_clean5m] ep=18870 step=4358112/5000000 reward=32.0 len=601 eps=0.020 avg_loss=0.0130 elapsed=235.4min
[iter04_clean5m] ep=18880 step=4361741/5000000 reward=32.0 len=653 eps=0.020 avg_loss=0.0107 elapsed=235.6min
[iter04_clean5m] ep=18890 step=4364380/5000000 reward=17.0 len=281 eps=0.020 avg_loss=0.0134 elapsed=235.7min
[iter04_clean5m] ep=18900 step=4367982/5000000 reward=21.0 len=286 eps=0.020 avg_loss=0.0160 elapsed=235.9min
[iter04_clean5m] ep=18910 step=4370681/5000000 reward=0.0 len=23 eps=0.020 avg_loss=0.0132 elapsed=236.1min
[iter04_clean5m] ep=18920 step=4374567/5000000 reward=10.0 len=352 eps=0.020 avg_loss=0.0222 elapsed=236.3min
[iter04_clean5m] ep=18930 step=4378733/5000000 reward=23.0 len=411 eps=0.020 avg_loss=0.0131 elapsed=236.5min
[iter04_clean5m] ep=18940 step=4382179/5000000 reward=5.0 len=145 eps=0.020 avg_loss=0.0126 elapsed=236.7min
[iter04_clean5m] ep=18950 step=4385602/5000000 reward=29.0 len=590 eps=0.020 avg_loss=0.0137 elapsed=236.8min
[iter04_clean5m] ep=18960 step=4388559/5000000 reward=4.0 len=138 eps=0.020 avg_loss=0.0140 elapsed=237.0min
[iter04_clean5m] ep=18970 step=4392487/5000000 reward=2.0 len=98 eps=0.020 avg_loss=0.0122 elapsed=237.2min
[iter04_clean5m] ep=18980 step=4395657/5000000 reward=8.0 len=345 eps=0.020 avg_loss=0.0132 elapsed=237.4min
[iter04_clean5m] ep=18990 step=4399081/5000000 reward=3.0 len=103 eps=0.020 avg_loss=0.0105 elapsed=237.6min
[iter04_clean5m] ep=19000 step=4402511/5000000 reward=1.0 len=78 eps=0.020 avg_loss=0.0152 elapsed=237.7min
[iter04_clean5m] ep=19010 step=4406204/5000000 reward=31.0 len=632 eps=0.020 avg_loss=0.0164 elapsed=237.9min
[iter04_clean5m] ep=19020 step=4409290/5000000 reward=8.0 len=422 eps=0.020 avg_loss=0.0114 elapsed=238.1min
[iter04_clean5m] ep=19030 step=4412902/5000000 reward=10.0 len=312 eps=0.020 avg_loss=0.0152 elapsed=238.3min
[iter04_clean5m] ep=19040 step=4416950/5000000 reward=2.0 len=56 eps=0.020 avg_loss=0.0133 elapsed=238.5min
[iter04_clean5m] ep=19050 step=4419496/5000000 reward=3.0 len=154 eps=0.020 avg_loss=0.0240 elapsed=238.6min
[iter04_clean5m] ep=19060 step=4423610/5000000 reward=46.0 len=986 eps=0.020 avg_loss=0.0152 elapsed=238.8min
[iter04_clean5m] ep=19070 step=4428242/5000000 reward=15.0 len=488 eps=0.020 avg_loss=0.0147 elapsed=239.1min
[iter04_clean5m] ep=19080 step=4431447/5000000 reward=0.0 len=58 eps=0.020 avg_loss=0.0103 elapsed=239.3min
[iter04_clean5m] ep=19090 step=4434526/5000000 reward=8.0 len=328 eps=0.020 avg_loss=0.0138 elapsed=239.4min
[iter04_clean5m] ep=19100 step=4438601/5000000 reward=21.0 len=503 eps=0.020 avg_loss=0.0173 elapsed=239.6min
[iter04_clean5m] ep=19110 step=4441626/5000000 reward=3.0 len=145 eps=0.020 avg_loss=0.0094 elapsed=239.8min
[iter04_clean5m] ep=19120 step=4444624/5000000 reward=3.0 len=138 eps=0.020 avg_loss=0.0215 elapsed=239.9min
[iter04_clean5m] ep=19130 step=4448497/5000000 reward=18.0 len=294 eps=0.020 avg_loss=0.0154 elapsed=240.1min
[iter04_clean5m] ep=19140 step=4452365/5000000 reward=1.0 len=74 eps=0.020 avg_loss=0.0292 elapsed=240.3min
[iter04_clean5m] ep=19150 step=4456234/5000000 reward=13.0 len=447 eps=0.020 avg_loss=0.0182 elapsed=240.6min
[iter04_clean5m] ep=19160 step=4460391/5000000 reward=19.0 len=367 eps=0.020 avg_loss=0.0179 elapsed=240.8min
[iter04_clean5m] ep=19170 step=4463796/5000000 reward=26.0 len=467 eps=0.020 avg_loss=0.0153 elapsed=240.9min
[iter04_clean5m] ep=19180 step=4466632/5000000 reward=0.0 len=64 eps=0.020 avg_loss=0.0112 elapsed=241.1min
[iter04_clean5m] ep=19190 step=4470814/5000000 reward=19.0 len=252 eps=0.020 avg_loss=0.0169 elapsed=241.3min
[iter04_clean5m] ep=19200 step=4475053/5000000 reward=33.0 len=1207 eps=0.020 avg_loss=0.0146 elapsed=241.5min
[iter04_clean5m] ep=19210 step=4478805/5000000 reward=0.0 len=51 eps=0.020 avg_loss=0.0178 elapsed=241.7min
[iter04_clean5m] ep=19220 step=4481577/5000000 reward=13.0 len=317 eps=0.020 avg_loss=0.0209 elapsed=241.9min
[iter04_clean5m] ep=19230 step=4484764/5000000 reward=5.0 len=187 eps=0.020 avg_loss=0.0190 elapsed=242.0min
[iter04_clean5m] ep=19240 step=4489190/5000000 reward=24.0 len=448 eps=0.020 avg_loss=0.0131 elapsed=242.3min
[iter04_clean5m] ep=19250 step=4491982/5000000 reward=1.0 len=58 eps=0.020 avg_loss=0.0259 elapsed=242.4min
[iter04_clean5m] ep=19260 step=4495067/5000000 reward=31.0 len=597 eps=0.020 avg_loss=0.0120 elapsed=242.6min
[iter04_clean5m] ep=19270 step=4499153/5000000 reward=34.0 len=735 eps=0.020 avg_loss=0.0154 elapsed=242.8min
[iter04_clean5m] ep=19280 step=4503047/5000000 reward=10.0 len=353 eps=0.020 avg_loss=0.0148 elapsed=243.0min
[iter04_clean5m] ep=19290 step=4506643/5000000 reward=18.0 len=265 eps=0.020 avg_loss=0.0161 elapsed=243.2min
[iter04_clean5m] ep=19300 step=4509805/5000000 reward=11.0 len=273 eps=0.020 avg_loss=0.0135 elapsed=243.4min
[iter04_clean5m] ep=19310 step=4513073/5000000 reward=21.0 len=426 eps=0.020 avg_loss=0.0156 elapsed=243.5min
[iter04_clean5m] ep=19320 step=4516264/5000000 reward=0.0 len=63 eps=0.020 avg_loss=0.0102 elapsed=243.7min
[iter04_clean5m] ep=19330 step=4519521/5000000 reward=1.0 len=57 eps=0.020 avg_loss=0.0085 elapsed=243.9min
[iter04_clean5m] ep=19340 step=4523959/5000000 reward=34.0 len=737 eps=0.020 avg_loss=0.0136 elapsed=244.1min
[iter04_clean5m] ep=19350 step=4527988/5000000 reward=5.0 len=192 eps=0.020 avg_loss=0.0177 elapsed=244.3min
[iter04_clean5m] ep=19360 step=4531120/5000000 reward=18.0 len=589 eps=0.020 avg_loss=0.0152 elapsed=244.5min
[iter04_clean5m] ep=19370 step=4535827/5000000 reward=20.0 len=519 eps=0.020 avg_loss=0.0128 elapsed=244.7min
[iter04_clean5m] ep=19380 step=4539044/5000000 reward=33.0 len=616 eps=0.020 avg_loss=0.0208 elapsed=244.9min
[iter04_clean5m] ep=19390 step=4542639/5000000 reward=15.0 len=218 eps=0.020 avg_loss=0.0182 elapsed=245.1min
[iter04_clean5m] ep=19400 step=4545561/5000000 reward=10.0 len=282 eps=0.020 avg_loss=0.0152 elapsed=245.2min
[iter04_clean5m] ep=19410 step=4548459/5000000 reward=0.0 len=35 eps=0.020 avg_loss=0.0424 elapsed=245.4min
[iter04_clean5m] ep=19420 step=4551978/5000000 reward=26.0 len=394 eps=0.020 avg_loss=0.0130 elapsed=245.6min
[iter04_clean5m] ep=19430 step=4555407/5000000 reward=5.0 len=146 eps=0.020 avg_loss=0.0139 elapsed=245.8min
[iter04_clean5m] ep=19440 step=4559087/5000000 reward=0.0 len=82 eps=0.020 avg_loss=0.0193 elapsed=245.9min
[iter04_clean5m] ep=19450 step=4562792/5000000 reward=31.0 len=497 eps=0.020 avg_loss=0.0116 elapsed=246.1min
[iter04_clean5m] ep=19460 step=4566011/5000000 reward=35.0 len=713 eps=0.020 avg_loss=0.0166 elapsed=246.3min
[iter04_clean5m] ep=19470 step=4568839/5000000 reward=10.0 len=373 eps=0.020 avg_loss=0.0147 elapsed=246.5min
[iter04_clean5m] ep=19480 step=4572469/5000000 reward=31.0 len=612 eps=0.020 avg_loss=0.0140 elapsed=246.6min
[iter04_clean5m] ep=19490 step=4576587/5000000 reward=23.0 len=332 eps=0.020 avg_loss=0.0162 elapsed=246.9min
[iter04_clean5m] ep=19500 step=4580757/5000000 reward=14.0 len=647 eps=0.020 avg_loss=0.0167 elapsed=247.1min
[iter04_clean5m] ep=19510 step=4583702/5000000 reward=1.0 len=168 eps=0.020 avg_loss=0.0142 elapsed=247.2min
[iter04_clean5m] ep=19520 step=4587366/5000000 reward=29.0 len=495 eps=0.020 avg_loss=0.0126 elapsed=247.4min
[iter04_clean5m] ep=19530 step=4591234/5000000 reward=3.0 len=88 eps=0.020 avg_loss=0.0133 elapsed=247.6min
[iter04_clean5m] ep=19540 step=4595466/5000000 reward=3.0 len=155 eps=0.020 avg_loss=0.0130 elapsed=247.8min
[iter04_clean5m] ep=19550 step=4599759/5000000 reward=3.0 len=93 eps=0.020 avg_loss=0.0151 elapsed=248.1min
[iter04_clean5m] ep=19560 step=4603361/5000000 reward=14.0 len=416 eps=0.020 avg_loss=0.0194 elapsed=248.2min
[iter04_clean5m] ep=19570 step=4606618/5000000 reward=22.0 len=474 eps=0.020 avg_loss=0.0172 elapsed=248.4min
[iter04_clean5m] ep=19580 step=4610357/5000000 reward=21.0 len=304 eps=0.020 avg_loss=0.0172 elapsed=248.6min
[iter04_clean5m] ep=19590 step=4613975/5000000 reward=18.0 len=276 eps=0.020 avg_loss=0.0172 elapsed=248.8min
[iter04_clean5m] ep=19600 step=4617044/5000000 reward=12.0 len=284 eps=0.020 avg_loss=0.0187 elapsed=249.0min
[iter04_clean5m] ep=19610 step=4621495/5000000 reward=0.0 len=73 eps=0.020 avg_loss=0.0100 elapsed=249.2min
[iter04_clean5m] ep=19620 step=4626065/5000000 reward=11.0 len=431 eps=0.020 avg_loss=0.0138 elapsed=249.4min
[iter04_clean5m] ep=19630 step=4629107/5000000 reward=26.0 len=411 eps=0.020 avg_loss=0.0124 elapsed=249.6min
[iter04_clean5m] ep=19640 step=4631659/5000000 reward=4.0 len=232 eps=0.020 avg_loss=0.0206 elapsed=249.7min
[iter04_clean5m] ep=19650 step=4635219/5000000 reward=0.0 len=54 eps=0.020 avg_loss=0.0134 elapsed=249.9min
[iter04_clean5m] ep=19660 step=4638718/5000000 reward=2.0 len=70 eps=0.020 avg_loss=0.0081 elapsed=250.1min
[iter04_clean5m] ep=19670 step=4641736/5000000 reward=0.0 len=65 eps=0.020 avg_loss=0.0203 elapsed=250.3min
[iter04_clean5m] ep=19680 step=4647278/5000000 reward=38.0 len=875 eps=0.020 avg_loss=0.0115 elapsed=250.5min
[iter04_clean5m] ep=19690 step=4650247/5000000 reward=7.0 len=282 eps=0.020 avg_loss=0.0139 elapsed=250.7min
[iter04_clean5m] ep=19700 step=4653810/5000000 reward=13.0 len=378 eps=0.020 avg_loss=0.0177 elapsed=250.9min
[iter04_clean5m] ep=19710 step=4659472/5000000 reward=42.0 len=1092 eps=0.020 avg_loss=0.0148 elapsed=251.2min
[iter04_clean5m] ep=19720 step=4662934/5000000 reward=24.0 len=327 eps=0.020 avg_loss=0.0131 elapsed=251.4min
[iter04_clean5m] ep=19730 step=4665922/5000000 reward=3.0 len=186 eps=0.020 avg_loss=0.0233 elapsed=251.5min
[iter04_clean5m] ep=19740 step=4669689/5000000 reward=12.0 len=530 eps=0.020 avg_loss=0.0141 elapsed=251.7min
[iter04_clean5m] ep=19750 step=4673444/5000000 reward=21.0 len=330 eps=0.020 avg_loss=0.0115 elapsed=251.9min
[iter04_clean5m] ep=19760 step=4677234/5000000 reward=8.0 len=214 eps=0.020 avg_loss=0.0141 elapsed=252.1min
[iter04_clean5m] ep=19770 step=4680227/5000000 reward=0.0 len=96 eps=0.020 avg_loss=0.0169 elapsed=252.3min
[iter04_clean5m] ep=19780 step=4684202/5000000 reward=20.0 len=290 eps=0.020 avg_loss=0.0185 elapsed=252.5min
[iter04_clean5m] ep=19790 step=4687226/5000000 reward=4.0 len=228 eps=0.020 avg_loss=0.0109 elapsed=252.6min
[iter04_clean5m] ep=19800 step=4690405/5000000 reward=0.0 len=59 eps=0.020 avg_loss=0.0109 elapsed=252.8min
[iter04_clean5m] ep=19810 step=4693281/5000000 reward=22.0 len=354 eps=0.020 avg_loss=0.0157 elapsed=252.9min
[iter04_clean5m] ep=19820 step=4696560/5000000 reward=2.0 len=179 eps=0.020 avg_loss=0.0158 elapsed=253.1min
[iter04_clean5m] ep=19830 step=4699946/5000000 reward=0.0 len=53 eps=0.020 avg_loss=0.0111 elapsed=253.3min
[iter04_clean5m] ep=19840 step=4702811/5000000 reward=4.0 len=110 eps=0.020 avg_loss=0.0118 elapsed=253.4min
[iter04_clean5m] ep=19850 step=4706267/5000000 reward=34.0 len=809 eps=0.020 avg_loss=0.0151 elapsed=253.6min
[iter04_clean5m] ep=19860 step=4709558/5000000 reward=19.0 len=384 eps=0.020 avg_loss=0.0138 elapsed=253.8min
[iter04_clean5m] ep=19870 step=4712064/5000000 reward=7.0 len=186 eps=0.020 avg_loss=0.0181 elapsed=253.9min
[iter04_clean5m] ep=19880 step=4716324/5000000 reward=27.0 len=392 eps=0.020 avg_loss=0.0151 elapsed=254.2min
[iter04_clean5m] ep=19890 step=4719541/5000000 reward=0.0 len=71 eps=0.020 avg_loss=0.0113 elapsed=254.3min
[iter04_clean5m] ep=19900 step=4722077/5000000 reward=10.0 len=155 eps=0.020 avg_loss=0.0123 elapsed=254.5min
[iter04_clean5m] ep=19910 step=4726294/5000000 reward=0.0 len=35 eps=0.020 avg_loss=0.0087 elapsed=254.7min
[iter04_clean5m] ep=19920 step=4730498/5000000 reward=25.0 len=443 eps=0.020 avg_loss=0.0141 elapsed=254.9min
[iter04_clean5m] ep=19930 step=4733627/5000000 reward=35.0 len=641 eps=0.020 avg_loss=0.0139 elapsed=255.0min
[iter04_clean5m] ep=19940 step=4738201/5000000 reward=10.0 len=330 eps=0.020 avg_loss=0.0146 elapsed=255.3min
[iter04_clean5m] ep=19950 step=4742120/5000000 reward=22.0 len=582 eps=0.020 avg_loss=0.0150 elapsed=255.5min
[iter04_clean5m] ep=19960 step=4746095/5000000 reward=3.0 len=99 eps=0.020 avg_loss=0.0169 elapsed=255.7min
[iter04_clean5m] ep=19970 step=4750634/5000000 reward=4.0 len=142 eps=0.020 avg_loss=0.0173 elapsed=255.9min
[iter04_clean5m] ep=19980 step=4753533/5000000 reward=4.0 len=319 eps=0.020 avg_loss=0.0149 elapsed=256.1min
[iter04_clean5m] ep=19990 step=4757472/5000000 reward=20.0 len=306 eps=0.020 avg_loss=0.0236 elapsed=256.3min
[iter04_clean5m] ep=20000 step=4761003/5000000 reward=0.0 len=50 eps=0.020 avg_loss=0.0187 elapsed=256.4min
[iter04_clean5m] ep=20010 step=4764962/5000000 reward=29.0 len=634 eps=0.020 avg_loss=0.0130 elapsed=256.7min
[iter04_clean5m] ep=20020 step=4767491/5000000 reward=2.0 len=158 eps=0.020 avg_loss=0.0198 elapsed=256.8min
[iter04_clean5m] ep=20030 step=4771413/5000000 reward=10.0 len=255 eps=0.020 avg_loss=0.0230 elapsed=257.0min
[iter04_clean5m] ep=20040 step=4776014/5000000 reward=3.0 len=222 eps=0.020 avg_loss=0.0099 elapsed=257.2min
[iter04_clean5m] ep=20050 step=4778946/5000000 reward=0.0 len=28 eps=0.020 avg_loss=0.0141 elapsed=257.4min
[iter04_clean5m] ep=20060 step=4782860/5000000 reward=2.0 len=144 eps=0.020 avg_loss=0.0133 elapsed=257.6min
[iter04_clean5m] ep=20070 step=4787127/5000000 reward=9.0 len=441 eps=0.020 avg_loss=0.0141 elapsed=257.8min
[iter04_clean5m] ep=20080 step=4791679/5000000 reward=15.0 len=524 eps=0.020 avg_loss=0.0135 elapsed=258.0min
[iter04_clean5m] ep=20090 step=4794771/5000000 reward=1.0 len=156 eps=0.020 avg_loss=0.0180 elapsed=258.2min
[iter04_clean5m] ep=20100 step=4798539/5000000 reward=54.0 len=1041 eps=0.020 avg_loss=0.0141 elapsed=258.4min
[iter04_clean5m] ep=20110 step=4802189/5000000 reward=1.0 len=61 eps=0.020 avg_loss=0.0089 elapsed=258.5min
[iter04_clean5m] ep=20120 step=4805632/5000000 reward=44.0 len=824 eps=0.020 avg_loss=0.0122 elapsed=258.7min
[iter04_clean5m] ep=20130 step=4809133/5000000 reward=18.0 len=238 eps=0.020 avg_loss=0.0139 elapsed=258.9min
[iter04_clean5m] ep=20140 step=4812641/5000000 reward=1.0 len=185 eps=0.020 avg_loss=0.0158 elapsed=259.1min
[iter04_clean5m] ep=20150 step=4818679/5000000 reward=18.0 len=355 eps=0.020 avg_loss=0.0157 elapsed=259.4min
[iter04_clean5m] ep=20160 step=4822212/5000000 reward=49.0 len=1080 eps=0.020 avg_loss=0.0131 elapsed=259.5min
[iter04_clean5m] ep=20170 step=4825043/5000000 reward=1.0 len=67 eps=0.020 avg_loss=0.0171 elapsed=259.7min
[iter04_clean5m] ep=20180 step=4829313/5000000 reward=27.0 len=575 eps=0.020 avg_loss=0.0151 elapsed=259.9min
[iter04_clean5m] ep=20190 step=4832364/5000000 reward=8.0 len=220 eps=0.020 avg_loss=0.0119 elapsed=260.1min
[iter04_clean5m] ep=20200 step=4836349/5000000 reward=20.0 len=389 eps=0.020 avg_loss=0.0100 elapsed=260.3min
[iter04_clean5m] ep=20210 step=4840957/5000000 reward=2.0 len=124 eps=0.020 avg_loss=0.0151 elapsed=260.5min
[iter04_clean5m] ep=20220 step=4845179/5000000 reward=25.0 len=345 eps=0.020 avg_loss=0.0118 elapsed=260.7min
[iter04_clean5m] ep=20230 step=4848961/5000000 reward=33.0 len=663 eps=0.020 avg_loss=0.0137 elapsed=260.9min
[iter04_clean5m] ep=20240 step=4852269/5000000 reward=7.0 len=235 eps=0.020 avg_loss=0.0126 elapsed=261.0min
[iter04_clean5m] ep=20250 step=4855108/5000000 reward=6.0 len=194 eps=0.020 avg_loss=0.0143 elapsed=261.2min
[iter04_clean5m] ep=20260 step=4859623/5000000 reward=0.0 len=27 eps=0.020 avg_loss=0.0323 elapsed=261.4min
[iter04_clean5m] ep=20270 step=4863010/5000000 reward=0.0 len=52 eps=0.020 avg_loss=0.0222 elapsed=261.6min
[iter04_clean5m] ep=20280 step=4867389/5000000 reward=32.0 len=684 eps=0.020 avg_loss=0.0140 elapsed=261.8min
[iter04_clean5m] ep=20290 step=4871322/5000000 reward=2.0 len=154 eps=0.020 avg_loss=0.0126 elapsed=262.0min
[iter04_clean5m] ep=20300 step=4875228/5000000 reward=1.0 len=88 eps=0.020 avg_loss=0.0122 elapsed=262.2min
[iter04_clean5m] ep=20310 step=4878050/5000000 reward=3.0 len=201 eps=0.020 avg_loss=0.0123 elapsed=262.3min
[iter04_clean5m] ep=20320 step=4881363/5000000 reward=32.0 len=727 eps=0.020 avg_loss=0.0140 elapsed=262.5min
[iter04_clean5m] ep=20330 step=4885964/5000000 reward=33.0 len=621 eps=0.020 avg_loss=0.0128 elapsed=262.7min
[iter04_clean5m] ep=20340 step=4889284/5000000 reward=3.0 len=294 eps=0.020 avg_loss=0.0111 elapsed=262.9min
[iter04_clean5m] ep=20350 step=4892368/5000000 reward=0.0 len=57 eps=0.020 avg_loss=0.0147 elapsed=263.1min
[iter04_clean5m] ep=20360 step=4895715/5000000 reward=8.0 len=198 eps=0.020 avg_loss=0.0137 elapsed=263.2min
[iter04_clean5m] ep=20370 step=4899096/5000000 reward=0.0 len=58 eps=0.020 avg_loss=0.0102 elapsed=263.4min
[iter04_clean5m] ep=20380 step=4902498/5000000 reward=27.0 len=467 eps=0.020 avg_loss=0.0154 elapsed=263.6min
[iter04_clean5m] ep=20390 step=4905644/5000000 reward=11.0 len=330 eps=0.020 avg_loss=0.0152 elapsed=263.7min
[iter04_clean5m] ep=20400 step=4908530/5000000 reward=24.0 len=403 eps=0.020 avg_loss=0.0107 elapsed=263.9min
[iter04_clean5m] ep=20410 step=4912030/5000000 reward=4.0 len=173 eps=0.020 avg_loss=0.0165 elapsed=264.1min
[iter04_clean5m] ep=20420 step=4915388/5000000 reward=36.0 len=881 eps=0.020 avg_loss=0.0147 elapsed=264.2min
[iter04_clean5m] ep=20430 step=4919228/5000000 reward=5.0 len=202 eps=0.020 avg_loss=0.0122 elapsed=264.4min
[iter04_clean5m] ep=20440 step=4923172/5000000 reward=33.0 len=702 eps=0.020 avg_loss=0.0140 elapsed=264.6min
[iter04_clean5m] ep=20450 step=4926135/5000000 reward=2.0 len=153 eps=0.020 avg_loss=0.0181 elapsed=264.8min
[iter04_clean5m] ep=20460 step=4929853/5000000 reward=12.0 len=283 eps=0.020 avg_loss=0.0124 elapsed=265.0min
[iter04_clean5m] ep=20470 step=4932826/5000000 reward=12.0 len=531 eps=0.020 avg_loss=0.0164 elapsed=265.1min
[iter04_clean5m] ep=20480 step=4937718/5000000 reward=13.0 len=344 eps=0.020 avg_loss=0.0123 elapsed=265.4min
[iter04_clean5m] ep=20490 step=4940121/5000000 reward=2.0 len=110 eps=0.020 avg_loss=0.0166 elapsed=265.5min
[iter04_clean5m] ep=20500 step=4942954/5000000 reward=34.0 len=755 eps=0.020 avg_loss=0.0163 elapsed=265.7min
[iter04_clean5m] ep=20510 step=4946514/5000000 reward=18.0 len=324 eps=0.020 avg_loss=0.0136 elapsed=265.9min
[iter04_clean5m] ep=20520 step=4948816/5000000 reward=7.0 len=164 eps=0.020 avg_loss=0.0192 elapsed=266.0min
[iter04_clean5m] ep=20530 step=4951322/5000000 reward=0.0 len=81 eps=0.020 avg_loss=0.0110 elapsed=266.1min
[iter04_clean5m] ep=20540 step=4953774/5000000 reward=10.0 len=162 eps=0.020 avg_loss=0.0185 elapsed=266.2min
[iter04_clean5m] ep=20550 step=4956694/5000000 reward=2.0 len=136 eps=0.020 avg_loss=0.0112 elapsed=266.4min
[iter04_clean5m] ep=20560 step=4960201/5000000 reward=48.0 len=997 eps=0.020 avg_loss=0.0151 elapsed=266.6min
[iter04_clean5m] ep=20570 step=4963569/5000000 reward=0.0 len=112 eps=0.020 avg_loss=0.0114 elapsed=266.8min
[iter04_clean5m] ep=20580 step=4966453/5000000 reward=23.0 len=441 eps=0.020 avg_loss=0.0154 elapsed=266.9min
[iter04_clean5m] ep=20590 step=4969787/5000000 reward=11.0 len=281 eps=0.020 avg_loss=0.0183 elapsed=267.1min
[iter04_clean5m] ep=20600 step=4972576/5000000 reward=0.0 len=28 eps=0.020 avg_loss=0.0104 elapsed=267.2min
[iter04_clean5m] ep=20610 step=4976497/5000000 reward=5.0 len=221 eps=0.020 avg_loss=0.0162 elapsed=267.4min
[iter04_clean5m] ep=20620 step=4980360/5000000 reward=28.0 len=614 eps=0.020 avg_loss=0.0201 elapsed=267.6min
[iter04_clean5m] ep=20630 step=4984373/5000000 reward=28.0 len=657 eps=0.020 avg_loss=0.0162 elapsed=267.8min
[iter04_clean5m] ep=20640 step=4988738/5000000 reward=27.0 len=575 eps=0.020 avg_loss=0.0153 elapsed=268.1min
[iter04_clean5m] ep=20650 step=4992029/5000000 reward=20.0 len=280 eps=0.020 avg_loss=0.0151 elapsed=268.2min
[iter04_clean5m] ep=20660 step=4995071/5000000 reward=1.0 len=125 eps=0.020 avg_loss=0.0192 elapsed=268.4min
[iter04_clean5m] ep=20670 step=4999248/5000000 reward=0.0 len=79 eps=0.020 avg_loss=0.0119 elapsed=268.6min
[iter04_clean5m] entrenamiento finalizado. Checkpoint final: checkpoints\iter04_clean5m.pt
